Copyright 1986-2022 Xilinx, Inc. All Rights Reserved. Copyright 2022-2024 Advanced Micro Devices, Inc. All Rights Reserved.
------------------------------------------------------------------------------------------------------------------------------------------------------------------------------------------------------
| Tool Version : Vivado v.2024.2 (win64) Build 5239630 Fri Nov 08 22:35:27 MST 2024
| Date         : Wed Apr 29 12:21:27 2026
| Host         : Vrnnn running 64-bit major release  (build 9200)
| Command      : report_timing_summary -max_paths 10 -report_unconstrained -file top_timing_summary_routed.rpt -pb top_timing_summary_routed.pb -rpx top_timing_summary_routed.rpx -warn_on_violation
| Design       : top
| Device       : 7s50-csga324
| Speed File   : -1  PRODUCTION 1.23 2018-06-13
| Design State : Routed
------------------------------------------------------------------------------------------------------------------------------------------------------------------------------------------------------

Timing Summary Report

------------------------------------------------------------------------------------------------
| Timer Settings
| --------------
------------------------------------------------------------------------------------------------

  Enable Multi Corner Analysis               :  Yes
  Enable Pessimism Removal                   :  Yes
  Pessimism Removal Resolution               :  Nearest Common Node
  Enable Input Delay Default Clock           :  No
  Enable Preset / Clear Arcs                 :  No
  Disable Flight Delays                      :  No
  Ignore I/O Paths                           :  No
  Timing Early Launch at Borrowing Latches   :  No
  Borrow Time for Max Delay Exceptions       :  Yes
  Merge Timing Exceptions                    :  Yes
  Inter-SLR Compensation                     :  Conservative

  Corner  Analyze    Analyze    
  Name    Max Paths  Min Paths  
  ------  ---------  ---------  
  Slow    Yes        Yes        
  Fast    Yes        Yes        


------------------------------------------------------------------------------------------------
| Report Methodology
| ------------------
------------------------------------------------------------------------------------------------

Rule       Severity  Description                                 Violations  
---------  --------  ------------------------------------------  ----------  
LUTAR-1    Warning   LUT drives async reset alert                1           
SYNTH-6    Warning   Timing of a RAM block might be sub-optimal  38          
SYNTH-10   Warning   Wide multiplier                             4           
TIMING-16  Warning   Large setup violation                       256         

Note: This report is based on the most recent report_methodology run and may not be up-to-date. Run report_methodology on the current design for the latest report.



check_timing report

Table of Contents
-----------------
1. checking no_clock (0)
2. checking constant_clock (0)
3. checking pulse_width_clock (0)
4. checking unconstrained_internal_endpoints (0)
5. checking no_input_delay (1)
6. checking no_output_delay (1)
7. checking multiple_clock (0)
8. checking generated_clocks (0)
9. checking loops (0)
10. checking partial_input_delay (0)
11. checking partial_output_delay (0)
12. checking latch_loops (0)

1. checking no_clock (0)
------------------------
 There are 0 register/latch pins with no clock.


2. checking constant_clock (0)
------------------------------
 There are 0 register/latch pins with constant_clock.


3. checking pulse_width_clock (0)
---------------------------------
 There are 0 register/latch pins which need pulse_width check


4. checking unconstrained_internal_endpoints (0)
------------------------------------------------
 There are 0 pins that are not constrained for maximum delay.

 There are 0 pins that are not constrained for maximum delay due to constant clock.


5. checking no_input_delay (1)
------------------------------
 There are 0 input ports with no input delay specified.

 There is 1 input port with no input delay but user has a false path constraint. (MEDIUM)


6. checking no_output_delay (1)
-------------------------------
 There are 0 ports with no output delay specified.

 There is 1 port with no output delay but user has a false path constraint (MEDIUM)

 There are 0 ports with no output delay but with a timing clock defined on it or propagating through it


7. checking multiple_clock (0)
------------------------------
 There are 0 register/latch pins with multiple clocks.


8. checking generated_clocks (0)
--------------------------------
 There are 0 generated clocks that are not connected to a clock source.


9. checking loops (0)
---------------------
 There are 0 combinational loops in the design.


10. checking partial_input_delay (0)
------------------------------------
 There are 0 input ports with partial input delay specified.


11. checking partial_output_delay (0)
-------------------------------------
 There are 0 ports with partial output delay specified.


12. checking latch_loops (0)
----------------------------
 There are 0 combinational latch loops in the design through latch input



------------------------------------------------------------------------------------------------
| Design Timing Summary
| ---------------------
------------------------------------------------------------------------------------------------

    WNS(ns)      TNS(ns)  TNS Failing Endpoints  TNS Total Endpoints      WHS(ns)      THS(ns)  THS Failing Endpoints  THS Total Endpoints     WPWS(ns)     TPWS(ns)  TPWS Failing Endpoints  TPWS Total Endpoints  
    -------      -------  ---------------------  -------------------      -------      -------  ---------------------  -------------------     --------     --------  ----------------------  --------------------  
    -21.847    -3832.131                    256                14521        0.069        0.000                      0                14521        3.000        0.000                       0                  4987  


Timing constraints are not met.


------------------------------------------------------------------------------------------------
| Clock Summary
| -------------
------------------------------------------------------------------------------------------------

Clock         Waveform(ns)       Period(ns)      Frequency(MHz)
-----         ------------       ----------      --------------
sys_clk_pin   {0.000 5.000}      10.000          100.000         
  clk_w       {0.000 20.000}     40.000          25.000          
  clkfbout_w  {0.000 5.000}      10.000          100.000         


------------------------------------------------------------------------------------------------
| Intra Clock Table
| -----------------
------------------------------------------------------------------------------------------------

Clock             WNS(ns)      TNS(ns)  TNS Failing Endpoints  TNS Total Endpoints      WHS(ns)      THS(ns)  THS Failing Endpoints  THS Total Endpoints     WPWS(ns)     TPWS(ns)  TPWS Failing Endpoints  TPWS Total Endpoints  
-----             -------      -------  ---------------------  -------------------      -------      -------  ---------------------  -------------------     --------     --------  ----------------------  --------------------  
sys_clk_pin                                                                                                                                                     3.000        0.000                       0                     1  
  clk_w           -21.847    -3832.131                    256                10511        0.069        0.000                      0                10511       19.500        0.000                       0                  4983  
  clkfbout_w                                                                                                                                                    7.845        0.000                       0                     3  


------------------------------------------------------------------------------------------------
| Inter Clock Table
| -----------------
------------------------------------------------------------------------------------------------

From Clock    To Clock          WNS(ns)      TNS(ns)  TNS Failing Endpoints  TNS Total Endpoints      WHS(ns)      THS(ns)  THS Failing Endpoints  THS Total Endpoints  
----------    --------          -------      -------  ---------------------  -------------------      -------      -------  ---------------------  -------------------  


------------------------------------------------------------------------------------------------
| Other Path Groups Table
| -----------------------
------------------------------------------------------------------------------------------------

Path Group         From Clock         To Clock               WNS(ns)      TNS(ns)  TNS Failing Endpoints  TNS Total Endpoints      WHS(ns)      THS(ns)  THS Failing Endpoints  THS Total Endpoints  
----------         ----------         --------               -------      -------  ---------------------  -------------------      -------      -------  ---------------------  -------------------  
**async_default**  clk_w              clk_w                   20.285        0.000                      0                 4010        0.596        0.000                      0                 4010  


------------------------------------------------------------------------------------------------
| User Ignored Path Table
| -----------------------
------------------------------------------------------------------------------------------------

Path Group    From Clock    To Clock    
----------    ----------    --------    
(none)        clk_w                       
(none)                      clk_w         


------------------------------------------------------------------------------------------------
| Unconstrained Path Table
| ------------------------
------------------------------------------------------------------------------------------------

Path Group    From Clock    To Clock    
----------    ----------    --------    
(none)        clkfbout_w                  


------------------------------------------------------------------------------------------------
| Timing Details
| --------------
------------------------------------------------------------------------------------------------


---------------------------------------------------------------------------------------------------
From Clock:  sys_clk_pin
  To Clock:  sys_clk_pin

Setup :           NA  Failing Endpoints,  Worst Slack           NA  ,  Total Violation           NA
Hold  :           NA  Failing Endpoints,  Worst Slack           NA  ,  Total Violation           NA
PW    :            0  Failing Endpoints,  Worst Slack        3.000ns,  Total Violation        0.000ns
---------------------------------------------------------------------------------------------------


Pulse Width Checks
--------------------------------------------------------------------------------------
Clock Name:         sys_clk_pin
Waveform(ns):       { 0.000 5.000 }
Period(ns):         10.000
Sources:            { clk100mhz }

Check Type        Corner  Lib Pin           Reference Pin  Required(ns)  Actual(ns)  Slack(ns)  Location        Pin
Min Period        n/a     PLLE2_ADV/CLKIN1  n/a            1.249         10.000      8.751      PLLE2_ADV_X0Y1  u_pll/u_pll/CLKIN1
Max Period        n/a     PLLE2_ADV/CLKIN1  n/a            52.633        10.000      42.633     PLLE2_ADV_X0Y1  u_pll/u_pll/CLKIN1
Low Pulse Width   Slow    PLLE2_ADV/CLKIN1  n/a            2.000         5.000       3.000      PLLE2_ADV_X0Y1  u_pll/u_pll/CLKIN1
Low Pulse Width   Fast    PLLE2_ADV/CLKIN1  n/a            2.000         5.000       3.000      PLLE2_ADV_X0Y1  u_pll/u_pll/CLKIN1
High Pulse Width  Slow    PLLE2_ADV/CLKIN1  n/a            2.000         5.000       3.000      PLLE2_ADV_X0Y1  u_pll/u_pll/CLKIN1
High Pulse Width  Fast    PLLE2_ADV/CLKIN1  n/a            2.000         5.000       3.000      PLLE2_ADV_X0Y1  u_pll/u_pll/CLKIN1



---------------------------------------------------------------------------------------------------
From Clock:  clk_w
  To Clock:  clk_w

Setup :          256  Failing Endpoints,  Worst Slack      -21.847ns,  Total Violation    -3832.131ns
Hold  :            0  Failing Endpoints,  Worst Slack        0.069ns,  Total Violation        0.000ns
PW    :            0  Failing Endpoints,  Worst Slack       19.500ns,  Total Violation        0.000ns
---------------------------------------------------------------------------------------------------


Max Delay Paths
--------------------------------------------------------------------------------------
Slack (VIOLATED) :        -21.847ns  (required time - arrival time)
  Source:                 u_top/u_soc/u_soc/u_counter/aes_key_q_reg[80]/C
                            (rising edge-triggered cell FDCE clocked by clk_w  {rise@0.000ns fall@20.000ns period=40.000ns})
  Destination:            u_top/u_soc/u_soc/u_counter/dec_pt_q_reg[53]/D
                            (rising edge-triggered cell FDCE clocked by clk_w  {rise@0.000ns fall@20.000ns period=40.000ns})
  Path Group:             clk_w
  Path Type:              Setup (Max at Slow Process Corner)
  Requirement:            40.000ns  (clk_w rise@40.000ns - clk_w rise@0.000ns)
  Data Path Delay:        61.489ns  (logic 9.329ns (15.172%)  route 52.160ns (84.828%))
  Logic Levels:           65  (LUT2=15 LUT3=1 LUT4=6 LUT5=4 LUT6=35 MUXF7=2 MUXF8=2)
  Clock Path Skew:        -0.288ns (DCD - SCD + CPR)
    Destination Clock Delay (DCD):    -0.917ns = ( 39.083 - 40.000 ) 
    Source Clock Delay      (SCD):    -1.086ns
    Clock Pessimism Removal (CPR):    -0.456ns
  Clock Uncertainty:      0.099ns  ((TSJ^2 + DJ^2)^1/2) / 2 + PE
    Total System Jitter     (TSJ):    0.071ns
    Discrete Jitter          (DJ):    0.186ns
    Phase Error              (PE):    0.000ns

    Location             Delay type                Incr(ns)  Path(ns)    Netlist Resource(s)
  -------------------------------------------------------------------    -------------------
                         (clock clk_w rise edge)      0.000     0.000 r  
    F14                                               0.000     0.000 r  clk100mhz (IN)
                         net (fo=0)                   0.000     0.000    u_pll/clk100mhz
    F14                  IBUF (Prop_ibuf_I_O)         1.458     1.458 r  u_pll/IBUF_IN/O
                         net (fo=1, routed)           1.253     2.712    u_pll/clkref_buffered_w
    PLLE2_ADV_X0Y1       PLLE2_ADV (Prop_plle2_adv_CLKIN1_CLKOUT2)
                                                     -7.284    -4.572 r  u_pll/u_pll/CLKOUT2
                         net (fo=1, routed)           1.660    -2.912    clk_w
    BUFGCTRL_X0Y16       BUFG (Prop_bufg_I_O)         0.096    -2.816 r  clk_w_BUFG_inst/O
                         net (fo=4981, routed)        1.730    -1.086    u_top/u_soc/u_soc/u_counter/clk_w_BUFG
    SLICE_X16Y116        FDCE                                         r  u_top/u_soc/u_soc/u_counter/aes_key_q_reg[80]/C
  -------------------------------------------------------------------    -------------------
    SLICE_X16Y116        FDCE (Prop_fdce_C_Q)         0.456    -0.630 r  u_top/u_soc/u_soc/u_counter/aes_key_q_reg[80]/Q
                         net (fo=95, routed)          0.781     0.151    u_top/u_soc/u_soc/u_counter/aes_key_q[80]
    SLICE_X22Y113        LUT4 (Prop_lut4_I3_O)        0.124     0.275 r  u_top/u_soc/u_soc/u_counter/g0_b0__166_i_1/O
                         net (fo=33, routed)          1.273     1.549    u_top/u_soc/u_soc/u_counter/(null)[4].w[16]
    SLICE_X24Y111        LUT6 (Prop_lut6_I0_O)        0.124     1.673 r  u_top/u_soc/u_soc/u_counter/g1_b2__166/O
                         net (fo=1, routed)           0.000     1.673    u_top/u_soc/u_soc/u_counter/u_aes_dec/g0_b0__182_i_2_0
    SLICE_X24Y111        MUXF7 (Prop_muxf7_I1_O)      0.245     1.918 r  u_top/u_soc/u_soc/u_counter/u_aes_dec/p_0_out_inferred__2/g0_b0__178_i_9/O
                         net (fo=3, routed)           0.000     1.918    u_top/u_soc/u_soc/u_counter/u_aes_dec/aes_key_q_reg[54]_3
    SLICE_X24Y111        MUXF8 (Prop_muxf8_I0_O)      0.104     2.022 r  u_top/u_soc/u_soc/u_counter/u_aes_dec/p_0_out_inferred__2/g0_b0__170_i_9/O
                         net (fo=2, routed)           0.670     2.692    u_top/u_soc/u_soc/u_counter/subword0_return0[2]
    SLICE_X26Y112        LUT5 (Prop_lut5_I1_O)        0.316     3.008 r  u_top/u_soc/u_soc/u_counter/g0_b0__170_i_3/O
                         net (fo=32, routed)          1.349     4.357    u_top/u_soc/u_soc/u_counter/(null)[9].(null)[0].a17[26]
    SLICE_X32Y111        LUT6 (Prop_lut6_I2_O)        0.124     4.481 r  u_top/u_soc/u_soc/u_counter/g3_b5__170/O
                         net (fo=2, routed)           0.859     5.340    u_top/u_soc/u_soc/u_counter/u_aes_dec/g0_b0__192_i_39_5
    SLICE_X32Y111        LUT6 (Prop_lut6_I0_O)        0.124     5.464 r  u_top/u_soc/u_soc/u_counter/u_aes_dec/p_0_out_inferred__6/g0_b0__186_i_67/O
                         net (fo=6, routed)           1.180     6.644    u_top/u_soc/u_soc/u_counter/(null)[9].(null)[0].a4[5]
    SLICE_X25Y108        LUT6 (Prop_lut6_I2_O)        0.124     6.768 r  u_top/u_soc/u_soc/u_counter/g0_b0__186_i_24/O
                         net (fo=8, routed)           0.734     7.501    u_top/u_soc/u_soc/u_counter/g0_b0__186_i_24_n_0
    SLICE_X24Y104        LUT5 (Prop_lut5_I1_O)        0.124     7.625 r  u_top/u_soc/u_soc/u_counter/g0_b0__187_i_35/O
                         net (fo=1, routed)           0.797     8.422    u_top/u_soc/u_soc/u_counter/g0_b0__187_i_35_n_0
    SLICE_X23Y103        LUT6 (Prop_lut6_I4_O)        0.124     8.546 r  u_top/u_soc/u_soc/u_counter/g0_b0__187_i_19/O
                         net (fo=1, routed)           0.775     9.321    u_top/u_soc/u_soc/u_counter/g0_b0__187_i_19_n_0
    SLICE_X21Y103        LUT5 (Prop_lut5_I4_O)        0.124     9.445 r  u_top/u_soc/u_soc/u_counter/g0_b0__187_i_4/O
                         net (fo=32, routed)          1.739    11.184    u_top/u_soc/u_soc/u_counter/(null)[9].(null)[0].a172606_out[3]
    SLICE_X2Y103         LUT6 (Prop_lut6_I3_O)        0.124    11.308 r  u_top/u_soc/u_soc/u_counter/g3_b6__187/O
                         net (fo=2, routed)           0.774    12.081    u_top/u_soc/u_soc/u_counter/u_aes_dec/g0_b0__240_i_44_2
    SLICE_X2Y104         LUT6 (Prop_lut6_I0_O)        0.124    12.205 r  u_top/u_soc/u_soc/u_counter/u_aes_dec/p_0_out_inferred__23/g0_b0__201_i_7/O
                         net (fo=10, routed)          0.778    12.984    u_top/u_soc/u_soc/u_counter/p_0_in0_in[38]
    SLICE_X2Y108         LUT2 (Prop_lut2_I0_O)        0.124    13.108 r  u_top/u_soc/u_soc/u_counter/g0_b0__206_i_13/O
                         net (fo=4, routed)           0.704    13.811    u_top/u_soc/u_soc/u_counter/g0_b0__206_i_13_n_0
    SLICE_X2Y111         LUT2 (Prop_lut2_I0_O)        0.124    13.935 r  u_top/u_soc/u_soc/u_counter/g0_b0__201_i_51/O
                         net (fo=2, routed)           1.092    15.027    u_top/u_soc/u_soc/u_counter/g0_b0__201_i_51_n_0
    SLICE_X4Y115         LUT6 (Prop_lut6_I2_O)        0.124    15.151 r  u_top/u_soc/u_soc/u_counter/g0_b0__201_i_19/O
                         net (fo=1, routed)           0.722    15.873    u_top/u_soc/u_soc/u_counter/g0_b0__201_i_19_n_0
    SLICE_X4Y116         LUT6 (Prop_lut6_I5_O)        0.124    15.997 r  u_top/u_soc/u_soc/u_counter/g0_b0__201_i_3/O
                         net (fo=32, routed)          1.300    17.296    u_top/u_soc/u_soc/u_counter/g0_b0__201_i_3_n_0
    SLICE_X3Y121         LUT6 (Prop_lut6_I2_O)        0.124    17.420 r  u_top/u_soc/u_soc/u_counter/g2_b5__201/O
                         net (fo=1, routed)           0.769    18.190    u_top/u_soc/u_soc/u_counter/u_aes_dec/g0_b0__219_i_22_0
    SLICE_X4Y121         LUT6 (Prop_lut6_I1_O)        0.124    18.314 r  u_top/u_soc/u_soc/u_counter/u_aes_dec/p_0_out_inferred__37/g0_b0__219_i_41/O
                         net (fo=6, routed)           0.849    19.163    u_top/u_soc/u_soc/u_counter/p_0_in2_in[21]
    SLICE_X13Y121        LUT2 (Prop_lut2_I1_O)        0.124    19.287 r  u_top/u_soc/u_soc/u_counter/g0_b0__218_i_32/O
                         net (fo=4, routed)           0.179    19.466    u_top/u_soc/u_soc/u_counter/g0_b0__218_i_32_n_0
    SLICE_X13Y121        LUT2 (Prop_lut2_I0_O)        0.124    19.590 r  u_top/u_soc/u_soc/u_counter/g0_b0__218_i_9/O
                         net (fo=4, routed)           0.482    20.071    u_top/u_soc/u_soc/u_counter/g0_b0__218_i_9_n_0
    SLICE_X17Y122        LUT2 (Prop_lut2_I1_O)        0.124    20.195 r  u_top/u_soc/u_soc/u_counter/g0_b0__229_i_17/O
                         net (fo=6, routed)           0.593    20.789    u_top/u_soc/u_soc/u_counter/g0_b0__229_i_17_n_0
    SLICE_X21Y123        LUT6 (Prop_lut6_I2_O)        0.124    20.913 r  u_top/u_soc/u_soc/u_counter/g0_b0__218_i_19/O
                         net (fo=1, routed)           0.492    21.405    u_top/u_soc/u_soc/u_counter/g0_b0__218_i_19_n_0
    SLICE_X19Y123        LUT6 (Prop_lut6_I5_O)        0.124    21.529 r  u_top/u_soc/u_soc/u_counter/g0_b0__218_i_4/O
                         net (fo=32, routed)          1.284    22.812    u_top/u_soc/u_soc/u_counter/g0_b0__218_i_4_n_0
    SLICE_X17Y136        LUT6 (Prop_lut6_I3_O)        0.124    22.936 r  u_top/u_soc/u_soc/u_counter/g3_b5__218/O
                         net (fo=2, routed)           1.172    24.108    u_top/u_soc/u_soc/u_counter/u_aes_dec/g0_b0__249_i_91_6
    SLICE_X17Y138        LUT6 (Prop_lut6_I0_O)        0.124    24.232 r  u_top/u_soc/u_soc/u_counter/u_aes_dec/p_0_out_inferred__54/g0_b0__240_i_25/O
                         net (fo=6, routed)           0.473    24.705    u_top/u_soc/u_soc/u_counter/p_0_in4_in[29]
    SLICE_X17Y140        LUT2 (Prop_lut2_I1_O)        0.124    24.829 r  u_top/u_soc/u_soc/u_counter/g0_b0__234_i_25/O
                         net (fo=4, routed)           0.824    25.653    u_top/u_soc/u_soc/u_counter/g0_b0__234_i_25_n_0
    SLICE_X15Y134        LUT4 (Prop_lut4_I0_O)        0.124    25.777 r  u_top/u_soc/u_soc/u_counter/g0_b0__234_i_7/O
                         net (fo=8, routed)           1.047    26.824    u_top/u_soc/u_soc/u_counter/g0_b0__234_i_7_n_0
    SLICE_X22Y128        LUT5 (Prop_lut5_I1_O)        0.124    26.948 r  u_top/u_soc/u_soc/u_counter/g0_b0__240_i_23/O
                         net (fo=1, routed)           1.188    28.136    u_top/u_soc/u_soc/u_counter/g0_b0__240_i_23_n_0
    SLICE_X23Y132        LUT6 (Prop_lut6_I1_O)        0.124    28.260 r  u_top/u_soc/u_soc/u_counter/g0_b0__240_i_14/O
                         net (fo=1, routed)           0.348    28.608    u_top/u_soc/u_soc/u_counter/g0_b0__240_i_14_n_0
    SLICE_X22Y132        LUT4 (Prop_lut4_I3_O)        0.124    28.732 r  u_top/u_soc/u_soc/u_counter/g0_b0__240_i_4/O
                         net (fo=32, routed)          0.883    29.615    u_top/u_soc/u_soc/u_counter/g0_b0__240_i_4_n_0
    SLICE_X23Y135        LUT6 (Prop_lut6_I3_O)        0.124    29.739 r  u_top/u_soc/u_soc/u_counter/g1_b5__240/O
                         net (fo=1, routed)           1.022    30.761    u_top/u_soc/u_soc/u_counter/u_aes_dec/g0_b0__258_i_19_1
    SLICE_X24Y135        LUT6 (Prop_lut6_I3_O)        0.124    30.885 r  u_top/u_soc/u_soc/u_counter/u_aes_dec/p_0_out_inferred__76/g0_b0__258_i_26/O
                         net (fo=7, routed)           0.631    31.516    u_top/u_soc/u_soc/u_counter/p_0_in6_in[77]
    SLICE_X30Y135        LUT2 (Prop_lut2_I0_O)        0.124    31.640 r  u_top/u_soc/u_soc/u_counter/g0_b0__253_i_23/O
                         net (fo=3, routed)           0.516    32.156    u_top/u_soc/u_soc/u_counter/g0_b0__253_i_23_n_0
    SLICE_X29Y135        LUT2 (Prop_lut2_I1_O)        0.124    32.280 r  u_top/u_soc/u_soc/u_counter/g0_b0__259_i_9/O
                         net (fo=8, routed)           0.485    32.765    u_top/u_soc/u_soc/u_counter/g0_b0__259_i_9_n_0
    SLICE_X29Y135        LUT2 (Prop_lut2_I0_O)        0.124    32.889 r  u_top/u_soc/u_soc/u_counter/g0_b0__248_i_8/O
                         net (fo=9, routed)           0.865    33.754    u_top/u_soc/u_soc/u_counter/g0_b0__248_i_8_n_0
    SLICE_X29Y139        LUT6 (Prop_lut6_I1_O)        0.124    33.878 r  u_top/u_soc/u_soc/u_counter/g0_b0__258_i_9/O
                         net (fo=1, routed)           0.433    34.311    u_top/u_soc/u_soc/u_counter/g0_b0__258_i_9_n_0
    SLICE_X29Y139        LUT4 (Prop_lut4_I3_O)        0.124    34.435 r  u_top/u_soc/u_soc/u_counter/g0_b0__258_i_1/O
                         net (fo=32, routed)          1.126    35.562    u_top/u_soc/u_soc/u_counter/g0_b0__258_i_1_n_0
    SLICE_X30Y144        LUT6 (Prop_lut6_I0_O)        0.124    35.686 r  u_top/u_soc/u_soc/u_counter/g2_b5__258/O
                         net (fo=1, routed)           0.658    36.344    u_top/u_soc/u_soc/u_counter/u_aes_dec/dec_pt_q[95]_i_54_4
    SLICE_X31Y144        LUT6 (Prop_lut6_I1_O)        0.124    36.468 r  u_top/u_soc/u_soc/u_counter/u_aes_dec/p_0_out_inferred__94/g0_b0__269_i_34/O
                         net (fo=6, routed)           1.032    37.499    u_top/u_soc/u_soc/u_counter/p_0_in8_in[93]
    SLICE_X35Y127        LUT2 (Prop_lut2_I1_O)        0.124    37.623 r  u_top/u_soc/u_soc/u_counter/g0_b0__269_i_22/O
                         net (fo=5, routed)           0.918    38.541    u_top/u_soc/u_soc/u_counter/g0_b0__269_i_22_n_0
    SLICE_X36Y131        LUT2 (Prop_lut2_I1_O)        0.124    38.665 r  u_top/u_soc/u_soc/u_counter/g0_b0__269_i_10/O
                         net (fo=10, routed)          0.724    39.390    u_top/u_soc/u_soc/u_counter/g0_b0__269_i_10_n_0
    SLICE_X35Y132        LUT6 (Prop_lut6_I0_O)        0.124    39.514 r  u_top/u_soc/u_soc/u_counter/g0_b0__274_i_8/O
                         net (fo=1, routed)           0.487    40.000    u_top/u_soc/u_soc/u_counter/g0_b0__274_i_8_n_0
    SLICE_X35Y140        LUT6 (Prop_lut6_I5_O)        0.124    40.124 r  u_top/u_soc/u_soc/u_counter/g0_b0__274_i_1/O
                         net (fo=32, routed)          1.228    41.353    u_top/u_soc/u_soc/u_counter/g0_b0__274_i_1_n_0
    SLICE_X35Y144        LUT6 (Prop_lut6_I0_O)        0.124    41.477 r  u_top/u_soc/u_soc/u_counter/g3_b5__274/O
                         net (fo=2, routed)           0.857    42.334    u_top/u_soc/u_soc/u_counter/u_aes_dec/g0_b0__280_i_25
    SLICE_X35Y144        LUT6 (Prop_lut6_I0_O)        0.124    42.458 r  u_top/u_soc/u_soc/u_counter/u_aes_dec/p_0_out_inferred__110/g0_b0__280_i_56/O
                         net (fo=8, routed)           0.628    43.086    u_top/u_soc/u_soc/u_counter/p_0_in10_in[93]
    SLICE_X39Y143        LUT2 (Prop_lut2_I1_O)        0.124    43.210 r  u_top/u_soc/u_soc/u_counter/g0_b0__280_i_37/O
                         net (fo=4, routed)           0.671    43.881    u_top/u_soc/u_soc/u_counter/g0_b0__280_i_37_n_0
    SLICE_X41Y142        LUT4 (Prop_lut4_I2_O)        0.124    44.005 r  u_top/u_soc/u_soc/u_counter/g0_b0__285_i_12/O
                         net (fo=7, routed)           1.198    45.202    u_top/u_soc/u_soc/u_counter/g0_b0__285_i_12_n_0
    SLICE_X40Y139        LUT6 (Prop_lut6_I2_O)        0.124    45.326 r  u_top/u_soc/u_soc/u_counter/g0_b0__280_i_24/O
                         net (fo=1, routed)           0.287    45.614    u_top/u_soc/u_soc/u_counter/g0_b0__280_i_24_n_0
    SLICE_X43Y139        LUT4 (Prop_lut4_I3_O)        0.124    45.738 r  u_top/u_soc/u_soc/u_counter/g0_b0__280_i_5/O
                         net (fo=32, routed)          1.158    46.896    u_top/u_soc/u_soc/u_counter/g0_b0__280_i_5_n_0
    SLICE_X47Y130        LUT6 (Prop_lut6_I4_O)        0.124    47.020 r  u_top/u_soc/u_soc/u_counter/g0_b5__280/O
                         net (fo=1, routed)           1.027    48.047    u_top/u_soc/u_soc/u_counter/u_aes_dec/g0_b0__298_i_24_2
    SLICE_X53Y130        LUT6 (Prop_lut6_I5_O)        0.124    48.171 r  u_top/u_soc/u_soc/u_counter/u_aes_dec/p_0_out_inferred__116/g0_b0__298_i_27/O
                         net (fo=8, routed)           1.519    49.690    u_top/u_soc/u_soc/u_counter/p_0_in12_in[13]
    SLICE_X54Y114        LUT2 (Prop_lut2_I0_O)        0.124    49.814 r  u_top/u_soc/u_soc/u_counter/g0_b0__299_i_34/O
                         net (fo=3, routed)           0.657    50.471    u_top/u_soc/u_soc/u_counter/g0_b0__299_i_34_n_0
    SLICE_X51Y111        LUT2 (Prop_lut2_I1_O)        0.124    50.595 r  u_top/u_soc/u_soc/u_counter/g0_b0__299_i_19/O
                         net (fo=10, routed)          0.440    51.035    u_top/u_soc/u_soc/u_counter/g0_b0__299_i_19_n_0
    SLICE_X51Y112        LUT6 (Prop_lut6_I2_O)        0.124    51.159 r  u_top/u_soc/u_soc/u_counter/g0_b0__304_i_9/O
                         net (fo=1, routed)           0.404    51.563    u_top/u_soc/u_soc/u_counter/g0_b0__304_i_9_n_0
    SLICE_X51Y111        LUT3 (Prop_lut3_I2_O)        0.124    51.687 r  u_top/u_soc/u_soc/u_counter/g0_b0__304_i_2/O
                         net (fo=32, routed)          1.430    53.117    u_top/u_soc/u_soc/u_counter/g0_b0__304_i_2_n_0
    SLICE_X41Y110        LUT6 (Prop_lut6_I1_O)        0.124    53.241 r  u_top/u_soc/u_soc/u_counter/g0_b3__304/O
                         net (fo=1, routed)           0.000    53.241    u_top/u_soc/u_soc/u_counter/u_aes_dec/p_0_out_inferred__140/g0_b0__312_i_59_0
    SLICE_X41Y110        MUXF7 (Prop_muxf7_I0_O)      0.238    53.479 r  u_top/u_soc/u_soc/u_counter/u_aes_dec/p_0_out_inferred__140/g0_b0__312_i_101/O
                         net (fo=1, routed)           0.000    53.479    u_top/u_soc/u_soc/u_counter/u_aes_dec/p_0_out_inferred__140/g0_b0__312_i_101_n_0
    SLICE_X41Y110        MUXF8 (Prop_muxf8_I0_O)      0.104    53.583 r  u_top/u_soc/u_soc/u_counter/u_aes_dec/p_0_out_inferred__140/g0_b0__312_i_59/O
                         net (fo=8, routed)           1.049    54.633    u_top/u_soc/u_soc/u_counter/p_0_in14_in[75]
    SLICE_X41Y108        LUT2 (Prop_lut2_I0_O)        0.342    54.975 r  u_top/u_soc/u_soc/u_counter/g0_b0__317_i_28/O
                         net (fo=2, routed)           1.123    56.098    u_top/u_soc/u_soc/u_counter/g0_b0__317_i_28_n_0
    SLICE_X49Y105        LUT6 (Prop_lut6_I0_O)        0.332    56.430 r  u_top/u_soc/u_soc/u_counter/g0_b0__317_i_17/O
                         net (fo=1, routed)           0.851    57.281    u_top/u_soc/u_soc/u_counter/g0_b0__317_i_17_n_0
    SLICE_X49Y104        LUT6 (Prop_lut6_I3_O)        0.124    57.405 r  u_top/u_soc/u_soc/u_counter/g0_b0__317_i_4/O
                         net (fo=32, routed)          1.418    58.823    u_top/u_soc/u_soc/u_counter/g0_b0__317_i_4_n_0
    SLICE_X43Y99         LUT6 (Prop_lut6_I3_O)        0.124    58.947 r  u_top/u_soc/u_soc/u_counter/g0_b5__317/O
                         net (fo=1, routed)           0.402    59.349    u_top/u_soc/u_soc/u_counter/u_aes_dec/dec_pt_q_reg[53]_0
    SLICE_X43Y99         LUT6 (Prop_lut6_I5_O)        0.124    59.473 r  u_top/u_soc/u_soc/u_counter/u_aes_dec/p_0_out_inferred__153/dec_pt_q[53]_i_3/O
                         net (fo=1, routed)           0.806    60.279    u_top/u_soc/u_soc/u_counter/u_aes_dec_n_1717
    SLICE_X43Y98         LUT6 (Prop_lut6_I2_O)        0.124    60.403 r  u_top/u_soc/u_soc/u_counter/dec_pt_q[53]_i_1_comp/O
                         net (fo=1, routed)           0.000    60.403    u_top/u_soc/u_soc/u_counter/dec_pt_q[53]_i_1_n_0
    SLICE_X43Y98         FDCE                                         r  u_top/u_soc/u_soc/u_counter/dec_pt_q_reg[53]/D
  -------------------------------------------------------------------    -------------------

                         (clock clk_w rise edge)     40.000    40.000 r  
    F14                                               0.000    40.000 r  clk100mhz (IN)
                         net (fo=0)                   0.000    40.000    u_pll/clk100mhz
    F14                  IBUF (Prop_ibuf_I_O)         1.388    41.388 r  u_pll/IBUF_IN/O
                         net (fo=1, routed)           1.181    42.569    u_pll/clkref_buffered_w
    PLLE2_ADV_X0Y1       PLLE2_ADV (Prop_plle2_adv_CLKIN1_CLKOUT2)
                                                     -6.594    35.975 r  u_pll/u_pll/CLKOUT2
                         net (fo=1, routed)           1.582    37.557    clk_w
    BUFGCTRL_X0Y16       BUFG (Prop_bufg_I_O)         0.091    37.648 r  clk_w_BUFG_inst/O
                         net (fo=4981, routed)        1.435    39.083    u_top/u_soc/u_soc/u_counter/clk_w_BUFG
    SLICE_X43Y98         FDCE                                         r  u_top/u_soc/u_soc/u_counter/dec_pt_q_reg[53]/C
                         clock pessimism             -0.456    38.627    
                         clock uncertainty           -0.099    38.527    
    SLICE_X43Y98         FDCE (Setup_fdce_C_D)        0.029    38.556    u_top/u_soc/u_soc/u_counter/dec_pt_q_reg[53]
  -------------------------------------------------------------------
                         required time                         38.556    
                         arrival time                         -60.403    
  -------------------------------------------------------------------
                         slack                                -21.847    

Slack (VIOLATED) :        -21.673ns  (required time - arrival time)
  Source:                 u_top/u_soc/u_soc/u_counter/aes_key_q_reg[80]/C
                            (rising edge-triggered cell FDCE clocked by clk_w  {rise@0.000ns fall@20.000ns period=40.000ns})
  Destination:            u_top/u_soc/u_soc/u_counter/dec_pt_q_reg[28]/D
                            (rising edge-triggered cell FDCE clocked by clk_w  {rise@0.000ns fall@20.000ns period=40.000ns})
  Path Group:             clk_w
  Path Type:              Setup (Max at Slow Process Corner)
  Requirement:            40.000ns  (clk_w rise@40.000ns - clk_w rise@0.000ns)
  Data Path Delay:        61.315ns  (logic 9.080ns (14.809%)  route 52.235ns (85.191%))
  Logic Levels:           63  (LUT2=13 LUT3=2 LUT4=6 LUT5=7 LUT6=32 MUXF7=2 MUXF8=1)
  Clock Path Skew:        -0.290ns (DCD - SCD + CPR)
    Destination Clock Delay (DCD):    -0.919ns = ( 39.081 - 40.000 ) 
    Source Clock Delay      (SCD):    -1.086ns
    Clock Pessimism Removal (CPR):    -0.456ns
  Clock Uncertainty:      0.099ns  ((TSJ^2 + DJ^2)^1/2) / 2 + PE
    Total System Jitter     (TSJ):    0.071ns
    Discrete Jitter          (DJ):    0.186ns
    Phase Error              (PE):    0.000ns

    Location             Delay type                Incr(ns)  Path(ns)    Netlist Resource(s)
  -------------------------------------------------------------------    -------------------
                         (clock clk_w rise edge)      0.000     0.000 r  
    F14                                               0.000     0.000 r  clk100mhz (IN)
                         net (fo=0)                   0.000     0.000    u_pll/clk100mhz
    F14                  IBUF (Prop_ibuf_I_O)         1.458     1.458 r  u_pll/IBUF_IN/O
                         net (fo=1, routed)           1.253     2.712    u_pll/clkref_buffered_w
    PLLE2_ADV_X0Y1       PLLE2_ADV (Prop_plle2_adv_CLKIN1_CLKOUT2)
                                                     -7.284    -4.572 r  u_pll/u_pll/CLKOUT2
                         net (fo=1, routed)           1.660    -2.912    clk_w
    BUFGCTRL_X0Y16       BUFG (Prop_bufg_I_O)         0.096    -2.816 r  clk_w_BUFG_inst/O
                         net (fo=4981, routed)        1.730    -1.086    u_top/u_soc/u_soc/u_counter/clk_w_BUFG
    SLICE_X16Y116        FDCE                                         r  u_top/u_soc/u_soc/u_counter/aes_key_q_reg[80]/C
  -------------------------------------------------------------------    -------------------
    SLICE_X16Y116        FDCE (Prop_fdce_C_Q)         0.456    -0.630 r  u_top/u_soc/u_soc/u_counter/aes_key_q_reg[80]/Q
                         net (fo=95, routed)          0.781     0.151    u_top/u_soc/u_soc/u_counter/aes_key_q[80]
    SLICE_X22Y113        LUT4 (Prop_lut4_I3_O)        0.124     0.275 r  u_top/u_soc/u_soc/u_counter/g0_b0__166_i_1/O
                         net (fo=33, routed)          1.273     1.549    u_top/u_soc/u_soc/u_counter/(null)[4].w[16]
    SLICE_X24Y111        LUT6 (Prop_lut6_I0_O)        0.124     1.673 r  u_top/u_soc/u_soc/u_counter/g1_b2__166/O
                         net (fo=1, routed)           0.000     1.673    u_top/u_soc/u_soc/u_counter/u_aes_dec/g0_b0__182_i_2_0
    SLICE_X24Y111        MUXF7 (Prop_muxf7_I1_O)      0.245     1.918 r  u_top/u_soc/u_soc/u_counter/u_aes_dec/p_0_out_inferred__2/g0_b0__178_i_9/O
                         net (fo=3, routed)           0.000     1.918    u_top/u_soc/u_soc/u_counter/u_aes_dec/aes_key_q_reg[54]_3
    SLICE_X24Y111        MUXF8 (Prop_muxf8_I0_O)      0.104     2.022 r  u_top/u_soc/u_soc/u_counter/u_aes_dec/p_0_out_inferred__2/g0_b0__170_i_9/O
                         net (fo=2, routed)           0.670     2.692    u_top/u_soc/u_soc/u_counter/subword0_return0[2]
    SLICE_X26Y112        LUT5 (Prop_lut5_I1_O)        0.316     3.008 r  u_top/u_soc/u_soc/u_counter/g0_b0__170_i_3/O
                         net (fo=32, routed)          1.349     4.357    u_top/u_soc/u_soc/u_counter/(null)[9].(null)[0].a17[26]
    SLICE_X32Y111        LUT6 (Prop_lut6_I2_O)        0.124     4.481 r  u_top/u_soc/u_soc/u_counter/g3_b5__170/O
                         net (fo=2, routed)           0.859     5.340    u_top/u_soc/u_soc/u_counter/u_aes_dec/g0_b0__192_i_39_5
    SLICE_X32Y111        LUT6 (Prop_lut6_I0_O)        0.124     5.464 r  u_top/u_soc/u_soc/u_counter/u_aes_dec/p_0_out_inferred__6/g0_b0__186_i_67/O
                         net (fo=6, routed)           1.180     6.644    u_top/u_soc/u_soc/u_counter/(null)[9].(null)[0].a4[5]
    SLICE_X25Y108        LUT6 (Prop_lut6_I2_O)        0.124     6.768 r  u_top/u_soc/u_soc/u_counter/g0_b0__186_i_24/O
                         net (fo=8, routed)           0.734     7.501    u_top/u_soc/u_soc/u_counter/g0_b0__186_i_24_n_0
    SLICE_X24Y104        LUT5 (Prop_lut5_I1_O)        0.124     7.625 r  u_top/u_soc/u_soc/u_counter/g0_b0__187_i_35/O
                         net (fo=1, routed)           0.797     8.422    u_top/u_soc/u_soc/u_counter/g0_b0__187_i_35_n_0
    SLICE_X23Y103        LUT6 (Prop_lut6_I4_O)        0.124     8.546 r  u_top/u_soc/u_soc/u_counter/g0_b0__187_i_19/O
                         net (fo=1, routed)           0.775     9.321    u_top/u_soc/u_soc/u_counter/g0_b0__187_i_19_n_0
    SLICE_X21Y103        LUT5 (Prop_lut5_I4_O)        0.124     9.445 r  u_top/u_soc/u_soc/u_counter/g0_b0__187_i_4/O
                         net (fo=32, routed)          1.739    11.184    u_top/u_soc/u_soc/u_counter/(null)[9].(null)[0].a172606_out[3]
    SLICE_X2Y103         LUT6 (Prop_lut6_I3_O)        0.124    11.308 r  u_top/u_soc/u_soc/u_counter/g3_b6__187/O
                         net (fo=2, routed)           0.774    12.081    u_top/u_soc/u_soc/u_counter/u_aes_dec/g0_b0__240_i_44_2
    SLICE_X2Y104         LUT6 (Prop_lut6_I0_O)        0.124    12.205 r  u_top/u_soc/u_soc/u_counter/u_aes_dec/p_0_out_inferred__23/g0_b0__201_i_7/O
                         net (fo=10, routed)          0.778    12.984    u_top/u_soc/u_soc/u_counter/p_0_in0_in[38]
    SLICE_X2Y108         LUT2 (Prop_lut2_I0_O)        0.124    13.108 r  u_top/u_soc/u_soc/u_counter/g0_b0__206_i_13/O
                         net (fo=4, routed)           0.704    13.811    u_top/u_soc/u_soc/u_counter/g0_b0__206_i_13_n_0
    SLICE_X2Y111         LUT2 (Prop_lut2_I0_O)        0.124    13.935 r  u_top/u_soc/u_soc/u_counter/g0_b0__201_i_51/O
                         net (fo=2, routed)           1.092    15.027    u_top/u_soc/u_soc/u_counter/g0_b0__201_i_51_n_0
    SLICE_X4Y115         LUT6 (Prop_lut6_I2_O)        0.124    15.151 r  u_top/u_soc/u_soc/u_counter/g0_b0__201_i_19/O
                         net (fo=1, routed)           0.722    15.873    u_top/u_soc/u_soc/u_counter/g0_b0__201_i_19_n_0
    SLICE_X4Y116         LUT6 (Prop_lut6_I5_O)        0.124    15.997 r  u_top/u_soc/u_soc/u_counter/g0_b0__201_i_3/O
                         net (fo=32, routed)          1.300    17.296    u_top/u_soc/u_soc/u_counter/g0_b0__201_i_3_n_0
    SLICE_X3Y121         LUT6 (Prop_lut6_I2_O)        0.124    17.420 r  u_top/u_soc/u_soc/u_counter/g2_b5__201/O
                         net (fo=1, routed)           0.769    18.190    u_top/u_soc/u_soc/u_counter/u_aes_dec/g0_b0__219_i_22_0
    SLICE_X4Y121         LUT6 (Prop_lut6_I1_O)        0.124    18.314 r  u_top/u_soc/u_soc/u_counter/u_aes_dec/p_0_out_inferred__37/g0_b0__219_i_41/O
                         net (fo=6, routed)           0.849    19.163    u_top/u_soc/u_soc/u_counter/p_0_in2_in[21]
    SLICE_X13Y121        LUT2 (Prop_lut2_I1_O)        0.124    19.287 r  u_top/u_soc/u_soc/u_counter/g0_b0__218_i_32/O
                         net (fo=4, routed)           0.179    19.466    u_top/u_soc/u_soc/u_counter/g0_b0__218_i_32_n_0
    SLICE_X13Y121        LUT2 (Prop_lut2_I0_O)        0.124    19.590 r  u_top/u_soc/u_soc/u_counter/g0_b0__218_i_9/O
                         net (fo=4, routed)           0.482    20.071    u_top/u_soc/u_soc/u_counter/g0_b0__218_i_9_n_0
    SLICE_X17Y122        LUT2 (Prop_lut2_I1_O)        0.124    20.195 r  u_top/u_soc/u_soc/u_counter/g0_b0__229_i_17/O
                         net (fo=6, routed)           0.593    20.789    u_top/u_soc/u_soc/u_counter/g0_b0__229_i_17_n_0
    SLICE_X21Y123        LUT6 (Prop_lut6_I2_O)        0.124    20.913 r  u_top/u_soc/u_soc/u_counter/g0_b0__218_i_19/O
                         net (fo=1, routed)           0.492    21.405    u_top/u_soc/u_soc/u_counter/g0_b0__218_i_19_n_0
    SLICE_X19Y123        LUT6 (Prop_lut6_I5_O)        0.124    21.529 r  u_top/u_soc/u_soc/u_counter/g0_b0__218_i_4/O
                         net (fo=32, routed)          1.284    22.812    u_top/u_soc/u_soc/u_counter/g0_b0__218_i_4_n_0
    SLICE_X17Y136        LUT6 (Prop_lut6_I3_O)        0.124    22.936 r  u_top/u_soc/u_soc/u_counter/g3_b5__218/O
                         net (fo=2, routed)           1.172    24.108    u_top/u_soc/u_soc/u_counter/u_aes_dec/g0_b0__249_i_91_6
    SLICE_X17Y138        LUT6 (Prop_lut6_I0_O)        0.124    24.232 r  u_top/u_soc/u_soc/u_counter/u_aes_dec/p_0_out_inferred__54/g0_b0__240_i_25/O
                         net (fo=6, routed)           0.473    24.705    u_top/u_soc/u_soc/u_counter/p_0_in4_in[29]
    SLICE_X17Y140        LUT2 (Prop_lut2_I1_O)        0.124    24.829 r  u_top/u_soc/u_soc/u_counter/g0_b0__234_i_25/O
                         net (fo=4, routed)           0.824    25.653    u_top/u_soc/u_soc/u_counter/g0_b0__234_i_25_n_0
    SLICE_X15Y134        LUT4 (Prop_lut4_I0_O)        0.124    25.777 r  u_top/u_soc/u_soc/u_counter/g0_b0__234_i_7/O
                         net (fo=8, routed)           1.047    26.824    u_top/u_soc/u_soc/u_counter/g0_b0__234_i_7_n_0
    SLICE_X22Y128        LUT5 (Prop_lut5_I1_O)        0.124    26.948 r  u_top/u_soc/u_soc/u_counter/g0_b0__240_i_23/O
                         net (fo=1, routed)           1.188    28.136    u_top/u_soc/u_soc/u_counter/g0_b0__240_i_23_n_0
    SLICE_X23Y132        LUT6 (Prop_lut6_I1_O)        0.124    28.260 r  u_top/u_soc/u_soc/u_counter/g0_b0__240_i_14/O
                         net (fo=1, routed)           0.348    28.608    u_top/u_soc/u_soc/u_counter/g0_b0__240_i_14_n_0
    SLICE_X22Y132        LUT4 (Prop_lut4_I3_O)        0.124    28.732 r  u_top/u_soc/u_soc/u_counter/g0_b0__240_i_4/O
                         net (fo=32, routed)          0.883    29.615    u_top/u_soc/u_soc/u_counter/g0_b0__240_i_4_n_0
    SLICE_X23Y135        LUT6 (Prop_lut6_I3_O)        0.124    29.739 r  u_top/u_soc/u_soc/u_counter/g1_b5__240/O
                         net (fo=1, routed)           1.022    30.761    u_top/u_soc/u_soc/u_counter/u_aes_dec/g0_b0__258_i_19_1
    SLICE_X24Y135        LUT6 (Prop_lut6_I3_O)        0.124    30.885 r  u_top/u_soc/u_soc/u_counter/u_aes_dec/p_0_out_inferred__76/g0_b0__258_i_26/O
                         net (fo=7, routed)           0.631    31.516    u_top/u_soc/u_soc/u_counter/p_0_in6_in[77]
    SLICE_X30Y135        LUT2 (Prop_lut2_I0_O)        0.124    31.640 r  u_top/u_soc/u_soc/u_counter/g0_b0__253_i_23/O
                         net (fo=3, routed)           0.516    32.156    u_top/u_soc/u_soc/u_counter/g0_b0__253_i_23_n_0
    SLICE_X29Y135        LUT2 (Prop_lut2_I1_O)        0.124    32.280 r  u_top/u_soc/u_soc/u_counter/g0_b0__259_i_9/O
                         net (fo=8, routed)           0.485    32.765    u_top/u_soc/u_soc/u_counter/g0_b0__259_i_9_n_0
    SLICE_X29Y135        LUT2 (Prop_lut2_I0_O)        0.124    32.889 r  u_top/u_soc/u_soc/u_counter/g0_b0__248_i_8/O
                         net (fo=9, routed)           0.865    33.754    u_top/u_soc/u_soc/u_counter/g0_b0__248_i_8_n_0
    SLICE_X29Y139        LUT6 (Prop_lut6_I1_O)        0.124    33.878 r  u_top/u_soc/u_soc/u_counter/g0_b0__258_i_9/O
                         net (fo=1, routed)           0.433    34.311    u_top/u_soc/u_soc/u_counter/g0_b0__258_i_9_n_0
    SLICE_X29Y139        LUT4 (Prop_lut4_I3_O)        0.124    34.435 r  u_top/u_soc/u_soc/u_counter/g0_b0__258_i_1/O
                         net (fo=32, routed)          1.126    35.562    u_top/u_soc/u_soc/u_counter/g0_b0__258_i_1_n_0
    SLICE_X30Y144        LUT6 (Prop_lut6_I0_O)        0.124    35.686 r  u_top/u_soc/u_soc/u_counter/g2_b5__258/O
                         net (fo=1, routed)           0.658    36.344    u_top/u_soc/u_soc/u_counter/u_aes_dec/dec_pt_q[95]_i_54_4
    SLICE_X31Y144        LUT6 (Prop_lut6_I1_O)        0.124    36.468 r  u_top/u_soc/u_soc/u_counter/u_aes_dec/p_0_out_inferred__94/g0_b0__269_i_34/O
                         net (fo=6, routed)           1.032    37.499    u_top/u_soc/u_soc/u_counter/p_0_in8_in[93]
    SLICE_X35Y127        LUT2 (Prop_lut2_I1_O)        0.124    37.623 r  u_top/u_soc/u_soc/u_counter/g0_b0__269_i_22/O
                         net (fo=5, routed)           0.918    38.541    u_top/u_soc/u_soc/u_counter/g0_b0__269_i_22_n_0
    SLICE_X36Y131        LUT2 (Prop_lut2_I1_O)        0.124    38.665 r  u_top/u_soc/u_soc/u_counter/g0_b0__269_i_10/O
                         net (fo=10, routed)          0.724    39.390    u_top/u_soc/u_soc/u_counter/g0_b0__269_i_10_n_0
    SLICE_X35Y132        LUT6 (Prop_lut6_I0_O)        0.124    39.514 r  u_top/u_soc/u_soc/u_counter/g0_b0__274_i_8/O
                         net (fo=1, routed)           0.487    40.000    u_top/u_soc/u_soc/u_counter/g0_b0__274_i_8_n_0
    SLICE_X35Y140        LUT6 (Prop_lut6_I5_O)        0.124    40.124 r  u_top/u_soc/u_soc/u_counter/g0_b0__274_i_1/O
                         net (fo=32, routed)          1.228    41.353    u_top/u_soc/u_soc/u_counter/g0_b0__274_i_1_n_0
    SLICE_X35Y144        LUT6 (Prop_lut6_I0_O)        0.124    41.477 r  u_top/u_soc/u_soc/u_counter/g3_b5__274/O
                         net (fo=2, routed)           0.857    42.334    u_top/u_soc/u_soc/u_counter/u_aes_dec/g0_b0__280_i_25
    SLICE_X35Y144        LUT6 (Prop_lut6_I0_O)        0.124    42.458 r  u_top/u_soc/u_soc/u_counter/u_aes_dec/p_0_out_inferred__110/g0_b0__280_i_56/O
                         net (fo=8, routed)           0.628    43.086    u_top/u_soc/u_soc/u_counter/p_0_in10_in[93]
    SLICE_X39Y143        LUT2 (Prop_lut2_I1_O)        0.124    43.210 r  u_top/u_soc/u_soc/u_counter/g0_b0__280_i_37/O
                         net (fo=4, routed)           0.671    43.881    u_top/u_soc/u_soc/u_counter/g0_b0__280_i_37_n_0
    SLICE_X41Y142        LUT4 (Prop_lut4_I2_O)        0.124    44.005 r  u_top/u_soc/u_soc/u_counter/g0_b0__285_i_12/O
                         net (fo=7, routed)           1.040    45.045    u_top/u_soc/u_soc/u_counter/g0_b0__285_i_12_n_0
    SLICE_X41Y140        LUT6 (Prop_lut6_I2_O)        0.124    45.169 r  u_top/u_soc/u_soc/u_counter/g0_b0__290_i_15/O
                         net (fo=1, routed)           0.295    45.464    u_top/u_soc/u_soc/u_counter/g0_b0__290_i_15_n_0
    SLICE_X41Y139        LUT4 (Prop_lut4_I3_O)        0.124    45.588 r  u_top/u_soc/u_soc/u_counter/g0_b0__290_i_5/O
                         net (fo=32, routed)          1.449    47.038    u_top/u_soc/u_soc/u_counter/g0_b0__290_i_5_n_0
    SLICE_X48Y141        LUT6 (Prop_lut6_I4_O)        0.124    47.162 r  u_top/u_soc/u_soc/u_counter/g3_b7__290/O
                         net (fo=2, routed)           1.015    48.176    u_top/u_soc/u_soc/u_counter/u_aes_dec/dec_pt_q[95]_i_29_6
    SLICE_X48Y135        LUT6 (Prop_lut6_I0_O)        0.124    48.300 r  u_top/u_soc/u_soc/u_counter/u_aes_dec/p_0_out_inferred__126/g0_b0__301_i_30/O
                         net (fo=15, routed)          1.823    50.124    u_top/u_soc/u_soc/u_counter/p_0_in12_in[95]
    SLICE_X57Y114        LUT5 (Prop_lut5_I2_O)        0.124    50.248 r  u_top/u_soc/u_soc/u_counter/g0_b0__296_i_26/O
                         net (fo=1, routed)           0.875    51.123    u_top/u_soc/u_soc/u_counter/g0_b0__296_i_26_n_0
    SLICE_X57Y107        LUT3 (Prop_lut3_I2_O)        0.124    51.247 r  u_top/u_soc/u_soc/u_counter/g0_b0__296_i_9/O
                         net (fo=1, routed)           0.545    51.793    u_top/u_soc/u_soc/u_counter/g0_b0__296_i_9_n_0
    SLICE_X57Y103        LUT5 (Prop_lut5_I3_O)        0.124    51.917 r  u_top/u_soc/u_soc/u_counter/g0_b0__296_i_2/O
                         net (fo=32, routed)          1.075    52.992    u_top/u_soc/u_soc/u_counter/g0_b0__296_i_2_n_0
    SLICE_X56Y101        LUT6 (Prop_lut6_I1_O)        0.124    53.116 r  u_top/u_soc/u_soc/u_counter/g2_b6__296/O
                         net (fo=1, routed)           1.300    54.415    u_top/u_soc/u_soc/u_counter/u_aes_dec/g0_b0__320_i_8_0
    SLICE_X44Y98         LUT6 (Prop_lut6_I1_O)        0.124    54.539 r  u_top/u_soc/u_soc/u_counter/u_aes_dec/p_0_out_inferred__132/g0_b0__320_i_26/O
                         net (fo=7, routed)           1.000    55.540    u_top/u_soc/u_soc/u_counter/p_0_in14_in[14]
    SLICE_X38Y99         LUT2 (Prop_lut2_I0_O)        0.149    55.689 r  u_top/u_soc/u_soc/u_counter/g0_b0__314_i_47/O
                         net (fo=3, routed)           0.818    56.507    u_top/u_soc/u_soc/u_counter/g0_b0__314_i_47_n_0
    SLICE_X37Y98         LUT3 (Prop_lut3_I0_O)        0.355    56.862 r  u_top/u_soc/u_soc/u_counter/g0_b0__314_i_16/O
                         net (fo=6, routed)           1.080    57.941    u_top/u_soc/u_soc/u_counter/g0_b0__314_i_16_n_0
    SLICE_X30Y100        LUT6 (Prop_lut6_I2_O)        0.124    58.065 r  u_top/u_soc/u_soc/u_counter/g0_b0__314_i_6/O
                         net (fo=32, routed)          1.039    59.104    u_top/u_soc/u_soc/u_counter/p_0_in[29]
    SLICE_X34Y98         LUT6 (Prop_lut6_I5_O)        0.124    59.228 r  u_top/u_soc/u_soc/u_counter/g3_b4__314/O
                         net (fo=1, routed)           0.000    59.228    u_top/u_soc/u_soc/u_counter/u_aes_dec/dec_pt_q_reg[28]_2
    SLICE_X34Y98         MUXF7 (Prop_muxf7_I1_O)      0.214    59.442 r  u_top/u_soc/u_soc/u_counter/u_aes_dec/p_0_out_inferred__150/dec_pt_q_reg[28]_i_2/O
                         net (fo=1, routed)           0.490    59.932    u_top/u_soc/u_soc/u_counter/u_aes_dec_n_1668
    SLICE_X33Y98         LUT5 (Prop_lut5_I0_O)        0.297    60.229 r  u_top/u_soc/u_soc/u_counter/dec_pt_q[28]_i_1/O
                         net (fo=1, routed)           0.000    60.229    u_top/u_soc/u_soc/u_counter/dec_pt_q[28]_i_1_n_0
    SLICE_X33Y98         FDCE                                         r  u_top/u_soc/u_soc/u_counter/dec_pt_q_reg[28]/D
  -------------------------------------------------------------------    -------------------

                         (clock clk_w rise edge)     40.000    40.000 r  
    F14                                               0.000    40.000 r  clk100mhz (IN)
                         net (fo=0)                   0.000    40.000    u_pll/clk100mhz
    F14                  IBUF (Prop_ibuf_I_O)         1.388    41.388 r  u_pll/IBUF_IN/O
                         net (fo=1, routed)           1.181    42.569    u_pll/clkref_buffered_w
    PLLE2_ADV_X0Y1       PLLE2_ADV (Prop_plle2_adv_CLKIN1_CLKOUT2)
                                                     -6.594    35.975 r  u_pll/u_pll/CLKOUT2
                         net (fo=1, routed)           1.582    37.557    clk_w
    BUFGCTRL_X0Y16       BUFG (Prop_bufg_I_O)         0.091    37.648 r  clk_w_BUFG_inst/O
                         net (fo=4981, routed)        1.433    39.081    u_top/u_soc/u_soc/u_counter/clk_w_BUFG
    SLICE_X33Y98         FDCE                                         r  u_top/u_soc/u_soc/u_counter/dec_pt_q_reg[28]/C
                         clock pessimism             -0.456    38.625    
                         clock uncertainty           -0.099    38.525    
    SLICE_X33Y98         FDCE (Setup_fdce_C_D)        0.031    38.556    u_top/u_soc/u_soc/u_counter/dec_pt_q_reg[28]
  -------------------------------------------------------------------
                         required time                         38.556    
                         arrival time                         -60.229    
  -------------------------------------------------------------------
                         slack                                -21.673    

Slack (VIOLATED) :        -21.635ns  (required time - arrival time)
  Source:                 u_top/u_soc/u_soc/u_counter/aes_key_q_reg[80]/C
                            (rising edge-triggered cell FDCE clocked by clk_w  {rise@0.000ns fall@20.000ns period=40.000ns})
  Destination:            u_top/u_soc/u_soc/u_counter/dec_pt_q_reg[34]/D
                            (rising edge-triggered cell FDCE clocked by clk_w  {rise@0.000ns fall@20.000ns period=40.000ns})
  Path Group:             clk_w
  Path Type:              Setup (Max at Slow Process Corner)
  Requirement:            40.000ns  (clk_w rise@40.000ns - clk_w rise@0.000ns)
  Data Path Delay:        61.534ns  (logic 9.080ns (14.756%)  route 52.454ns (85.244%))
  Logic Levels:           63  (LUT2=13 LUT3=2 LUT4=6 LUT5=7 LUT6=32 MUXF7=2 MUXF8=1)
  Clock Path Skew:        -0.032ns (DCD - SCD + CPR)
    Destination Clock Delay (DCD):    -0.742ns = ( 39.258 - 40.000 ) 
    Source Clock Delay      (SCD):    -1.086ns
    Clock Pessimism Removal (CPR):    -0.376ns
  Clock Uncertainty:      0.099ns  ((TSJ^2 + DJ^2)^1/2) / 2 + PE
    Total System Jitter     (TSJ):    0.071ns
    Discrete Jitter          (DJ):    0.186ns
    Phase Error              (PE):    0.000ns

    Location             Delay type                Incr(ns)  Path(ns)    Netlist Resource(s)
  -------------------------------------------------------------------    -------------------
                         (clock clk_w rise edge)      0.000     0.000 r  
    F14                                               0.000     0.000 r  clk100mhz (IN)
                         net (fo=0)                   0.000     0.000    u_pll/clk100mhz
    F14                  IBUF (Prop_ibuf_I_O)         1.458     1.458 r  u_pll/IBUF_IN/O
                         net (fo=1, routed)           1.253     2.712    u_pll/clkref_buffered_w
    PLLE2_ADV_X0Y1       PLLE2_ADV (Prop_plle2_adv_CLKIN1_CLKOUT2)
                                                     -7.284    -4.572 r  u_pll/u_pll/CLKOUT2
                         net (fo=1, routed)           1.660    -2.912    clk_w
    BUFGCTRL_X0Y16       BUFG (Prop_bufg_I_O)         0.096    -2.816 r  clk_w_BUFG_inst/O
                         net (fo=4981, routed)        1.730    -1.086    u_top/u_soc/u_soc/u_counter/clk_w_BUFG
    SLICE_X16Y116        FDCE                                         r  u_top/u_soc/u_soc/u_counter/aes_key_q_reg[80]/C
  -------------------------------------------------------------------    -------------------
    SLICE_X16Y116        FDCE (Prop_fdce_C_Q)         0.456    -0.630 r  u_top/u_soc/u_soc/u_counter/aes_key_q_reg[80]/Q
                         net (fo=95, routed)          0.781     0.151    u_top/u_soc/u_soc/u_counter/aes_key_q[80]
    SLICE_X22Y113        LUT4 (Prop_lut4_I3_O)        0.124     0.275 r  u_top/u_soc/u_soc/u_counter/g0_b0__166_i_1/O
                         net (fo=33, routed)          1.273     1.549    u_top/u_soc/u_soc/u_counter/(null)[4].w[16]
    SLICE_X24Y111        LUT6 (Prop_lut6_I0_O)        0.124     1.673 r  u_top/u_soc/u_soc/u_counter/g1_b2__166/O
                         net (fo=1, routed)           0.000     1.673    u_top/u_soc/u_soc/u_counter/u_aes_dec/g0_b0__182_i_2_0
    SLICE_X24Y111        MUXF7 (Prop_muxf7_I1_O)      0.245     1.918 r  u_top/u_soc/u_soc/u_counter/u_aes_dec/p_0_out_inferred__2/g0_b0__178_i_9/O
                         net (fo=3, routed)           0.000     1.918    u_top/u_soc/u_soc/u_counter/u_aes_dec/aes_key_q_reg[54]_3
    SLICE_X24Y111        MUXF8 (Prop_muxf8_I0_O)      0.104     2.022 r  u_top/u_soc/u_soc/u_counter/u_aes_dec/p_0_out_inferred__2/g0_b0__170_i_9/O
                         net (fo=2, routed)           0.670     2.692    u_top/u_soc/u_soc/u_counter/subword0_return0[2]
    SLICE_X26Y112        LUT5 (Prop_lut5_I1_O)        0.316     3.008 r  u_top/u_soc/u_soc/u_counter/g0_b0__170_i_3/O
                         net (fo=32, routed)          1.349     4.357    u_top/u_soc/u_soc/u_counter/(null)[9].(null)[0].a17[26]
    SLICE_X32Y111        LUT6 (Prop_lut6_I2_O)        0.124     4.481 r  u_top/u_soc/u_soc/u_counter/g3_b5__170/O
                         net (fo=2, routed)           0.859     5.340    u_top/u_soc/u_soc/u_counter/u_aes_dec/g0_b0__192_i_39_5
    SLICE_X32Y111        LUT6 (Prop_lut6_I0_O)        0.124     5.464 r  u_top/u_soc/u_soc/u_counter/u_aes_dec/p_0_out_inferred__6/g0_b0__186_i_67/O
                         net (fo=6, routed)           1.180     6.644    u_top/u_soc/u_soc/u_counter/(null)[9].(null)[0].a4[5]
    SLICE_X25Y108        LUT6 (Prop_lut6_I2_O)        0.124     6.768 r  u_top/u_soc/u_soc/u_counter/g0_b0__186_i_24/O
                         net (fo=8, routed)           0.734     7.501    u_top/u_soc/u_soc/u_counter/g0_b0__186_i_24_n_0
    SLICE_X24Y104        LUT5 (Prop_lut5_I1_O)        0.124     7.625 r  u_top/u_soc/u_soc/u_counter/g0_b0__187_i_35/O
                         net (fo=1, routed)           0.797     8.422    u_top/u_soc/u_soc/u_counter/g0_b0__187_i_35_n_0
    SLICE_X23Y103        LUT6 (Prop_lut6_I4_O)        0.124     8.546 r  u_top/u_soc/u_soc/u_counter/g0_b0__187_i_19/O
                         net (fo=1, routed)           0.775     9.321    u_top/u_soc/u_soc/u_counter/g0_b0__187_i_19_n_0
    SLICE_X21Y103        LUT5 (Prop_lut5_I4_O)        0.124     9.445 r  u_top/u_soc/u_soc/u_counter/g0_b0__187_i_4/O
                         net (fo=32, routed)          1.739    11.184    u_top/u_soc/u_soc/u_counter/(null)[9].(null)[0].a172606_out[3]
    SLICE_X2Y103         LUT6 (Prop_lut6_I3_O)        0.124    11.308 r  u_top/u_soc/u_soc/u_counter/g3_b6__187/O
                         net (fo=2, routed)           0.774    12.081    u_top/u_soc/u_soc/u_counter/u_aes_dec/g0_b0__240_i_44_2
    SLICE_X2Y104         LUT6 (Prop_lut6_I0_O)        0.124    12.205 r  u_top/u_soc/u_soc/u_counter/u_aes_dec/p_0_out_inferred__23/g0_b0__201_i_7/O
                         net (fo=10, routed)          0.778    12.984    u_top/u_soc/u_soc/u_counter/p_0_in0_in[38]
    SLICE_X2Y108         LUT2 (Prop_lut2_I0_O)        0.124    13.108 r  u_top/u_soc/u_soc/u_counter/g0_b0__206_i_13/O
                         net (fo=4, routed)           0.704    13.811    u_top/u_soc/u_soc/u_counter/g0_b0__206_i_13_n_0
    SLICE_X2Y111         LUT2 (Prop_lut2_I0_O)        0.124    13.935 r  u_top/u_soc/u_soc/u_counter/g0_b0__201_i_51/O
                         net (fo=2, routed)           1.092    15.027    u_top/u_soc/u_soc/u_counter/g0_b0__201_i_51_n_0
    SLICE_X4Y115         LUT6 (Prop_lut6_I2_O)        0.124    15.151 r  u_top/u_soc/u_soc/u_counter/g0_b0__201_i_19/O
                         net (fo=1, routed)           0.722    15.873    u_top/u_soc/u_soc/u_counter/g0_b0__201_i_19_n_0
    SLICE_X4Y116         LUT6 (Prop_lut6_I5_O)        0.124    15.997 r  u_top/u_soc/u_soc/u_counter/g0_b0__201_i_3/O
                         net (fo=32, routed)          1.300    17.296    u_top/u_soc/u_soc/u_counter/g0_b0__201_i_3_n_0
    SLICE_X3Y121         LUT6 (Prop_lut6_I2_O)        0.124    17.420 r  u_top/u_soc/u_soc/u_counter/g2_b5__201/O
                         net (fo=1, routed)           0.769    18.190    u_top/u_soc/u_soc/u_counter/u_aes_dec/g0_b0__219_i_22_0
    SLICE_X4Y121         LUT6 (Prop_lut6_I1_O)        0.124    18.314 r  u_top/u_soc/u_soc/u_counter/u_aes_dec/p_0_out_inferred__37/g0_b0__219_i_41/O
                         net (fo=6, routed)           0.849    19.163    u_top/u_soc/u_soc/u_counter/p_0_in2_in[21]
    SLICE_X13Y121        LUT2 (Prop_lut2_I1_O)        0.124    19.287 r  u_top/u_soc/u_soc/u_counter/g0_b0__218_i_32/O
                         net (fo=4, routed)           0.179    19.466    u_top/u_soc/u_soc/u_counter/g0_b0__218_i_32_n_0
    SLICE_X13Y121        LUT2 (Prop_lut2_I0_O)        0.124    19.590 r  u_top/u_soc/u_soc/u_counter/g0_b0__218_i_9/O
                         net (fo=4, routed)           0.482    20.071    u_top/u_soc/u_soc/u_counter/g0_b0__218_i_9_n_0
    SLICE_X17Y122        LUT2 (Prop_lut2_I1_O)        0.124    20.195 r  u_top/u_soc/u_soc/u_counter/g0_b0__229_i_17/O
                         net (fo=6, routed)           0.593    20.789    u_top/u_soc/u_soc/u_counter/g0_b0__229_i_17_n_0
    SLICE_X21Y123        LUT6 (Prop_lut6_I2_O)        0.124    20.913 r  u_top/u_soc/u_soc/u_counter/g0_b0__218_i_19/O
                         net (fo=1, routed)           0.492    21.405    u_top/u_soc/u_soc/u_counter/g0_b0__218_i_19_n_0
    SLICE_X19Y123        LUT6 (Prop_lut6_I5_O)        0.124    21.529 r  u_top/u_soc/u_soc/u_counter/g0_b0__218_i_4/O
                         net (fo=32, routed)          1.284    22.812    u_top/u_soc/u_soc/u_counter/g0_b0__218_i_4_n_0
    SLICE_X17Y136        LUT6 (Prop_lut6_I3_O)        0.124    22.936 r  u_top/u_soc/u_soc/u_counter/g3_b5__218/O
                         net (fo=2, routed)           1.172    24.108    u_top/u_soc/u_soc/u_counter/u_aes_dec/g0_b0__249_i_91_6
    SLICE_X17Y138        LUT6 (Prop_lut6_I0_O)        0.124    24.232 r  u_top/u_soc/u_soc/u_counter/u_aes_dec/p_0_out_inferred__54/g0_b0__240_i_25/O
                         net (fo=6, routed)           0.473    24.705    u_top/u_soc/u_soc/u_counter/p_0_in4_in[29]
    SLICE_X17Y140        LUT2 (Prop_lut2_I1_O)        0.124    24.829 r  u_top/u_soc/u_soc/u_counter/g0_b0__234_i_25/O
                         net (fo=4, routed)           0.824    25.653    u_top/u_soc/u_soc/u_counter/g0_b0__234_i_25_n_0
    SLICE_X15Y134        LUT4 (Prop_lut4_I0_O)        0.124    25.777 r  u_top/u_soc/u_soc/u_counter/g0_b0__234_i_7/O
                         net (fo=8, routed)           1.047    26.824    u_top/u_soc/u_soc/u_counter/g0_b0__234_i_7_n_0
    SLICE_X22Y128        LUT5 (Prop_lut5_I1_O)        0.124    26.948 r  u_top/u_soc/u_soc/u_counter/g0_b0__240_i_23/O
                         net (fo=1, routed)           1.188    28.136    u_top/u_soc/u_soc/u_counter/g0_b0__240_i_23_n_0
    SLICE_X23Y132        LUT6 (Prop_lut6_I1_O)        0.124    28.260 r  u_top/u_soc/u_soc/u_counter/g0_b0__240_i_14/O
                         net (fo=1, routed)           0.348    28.608    u_top/u_soc/u_soc/u_counter/g0_b0__240_i_14_n_0
    SLICE_X22Y132        LUT4 (Prop_lut4_I3_O)        0.124    28.732 r  u_top/u_soc/u_soc/u_counter/g0_b0__240_i_4/O
                         net (fo=32, routed)          0.883    29.615    u_top/u_soc/u_soc/u_counter/g0_b0__240_i_4_n_0
    SLICE_X23Y135        LUT6 (Prop_lut6_I3_O)        0.124    29.739 r  u_top/u_soc/u_soc/u_counter/g1_b5__240/O
                         net (fo=1, routed)           1.022    30.761    u_top/u_soc/u_soc/u_counter/u_aes_dec/g0_b0__258_i_19_1
    SLICE_X24Y135        LUT6 (Prop_lut6_I3_O)        0.124    30.885 r  u_top/u_soc/u_soc/u_counter/u_aes_dec/p_0_out_inferred__76/g0_b0__258_i_26/O
                         net (fo=7, routed)           0.631    31.516    u_top/u_soc/u_soc/u_counter/p_0_in6_in[77]
    SLICE_X30Y135        LUT2 (Prop_lut2_I0_O)        0.124    31.640 r  u_top/u_soc/u_soc/u_counter/g0_b0__253_i_23/O
                         net (fo=3, routed)           0.516    32.156    u_top/u_soc/u_soc/u_counter/g0_b0__253_i_23_n_0
    SLICE_X29Y135        LUT2 (Prop_lut2_I1_O)        0.124    32.280 r  u_top/u_soc/u_soc/u_counter/g0_b0__259_i_9/O
                         net (fo=8, routed)           0.485    32.765    u_top/u_soc/u_soc/u_counter/g0_b0__259_i_9_n_0
    SLICE_X29Y135        LUT2 (Prop_lut2_I0_O)        0.124    32.889 r  u_top/u_soc/u_soc/u_counter/g0_b0__248_i_8/O
                         net (fo=9, routed)           0.865    33.754    u_top/u_soc/u_soc/u_counter/g0_b0__248_i_8_n_0
    SLICE_X29Y139        LUT6 (Prop_lut6_I1_O)        0.124    33.878 r  u_top/u_soc/u_soc/u_counter/g0_b0__258_i_9/O
                         net (fo=1, routed)           0.433    34.311    u_top/u_soc/u_soc/u_counter/g0_b0__258_i_9_n_0
    SLICE_X29Y139        LUT4 (Prop_lut4_I3_O)        0.124    34.435 r  u_top/u_soc/u_soc/u_counter/g0_b0__258_i_1/O
                         net (fo=32, routed)          1.126    35.562    u_top/u_soc/u_soc/u_counter/g0_b0__258_i_1_n_0
    SLICE_X30Y144        LUT6 (Prop_lut6_I0_O)        0.124    35.686 r  u_top/u_soc/u_soc/u_counter/g2_b5__258/O
                         net (fo=1, routed)           0.658    36.344    u_top/u_soc/u_soc/u_counter/u_aes_dec/dec_pt_q[95]_i_54_4
    SLICE_X31Y144        LUT6 (Prop_lut6_I1_O)        0.124    36.468 r  u_top/u_soc/u_soc/u_counter/u_aes_dec/p_0_out_inferred__94/g0_b0__269_i_34/O
                         net (fo=6, routed)           1.032    37.499    u_top/u_soc/u_soc/u_counter/p_0_in8_in[93]
    SLICE_X35Y127        LUT2 (Prop_lut2_I1_O)        0.124    37.623 r  u_top/u_soc/u_soc/u_counter/g0_b0__269_i_22/O
                         net (fo=5, routed)           0.918    38.541    u_top/u_soc/u_soc/u_counter/g0_b0__269_i_22_n_0
    SLICE_X36Y131        LUT2 (Prop_lut2_I1_O)        0.124    38.665 r  u_top/u_soc/u_soc/u_counter/g0_b0__269_i_10/O
                         net (fo=10, routed)          0.724    39.390    u_top/u_soc/u_soc/u_counter/g0_b0__269_i_10_n_0
    SLICE_X35Y132        LUT6 (Prop_lut6_I0_O)        0.124    39.514 r  u_top/u_soc/u_soc/u_counter/g0_b0__274_i_8/O
                         net (fo=1, routed)           0.487    40.000    u_top/u_soc/u_soc/u_counter/g0_b0__274_i_8_n_0
    SLICE_X35Y140        LUT6 (Prop_lut6_I5_O)        0.124    40.124 r  u_top/u_soc/u_soc/u_counter/g0_b0__274_i_1/O
                         net (fo=32, routed)          1.228    41.353    u_top/u_soc/u_soc/u_counter/g0_b0__274_i_1_n_0
    SLICE_X35Y144        LUT6 (Prop_lut6_I0_O)        0.124    41.477 r  u_top/u_soc/u_soc/u_counter/g3_b5__274/O
                         net (fo=2, routed)           0.857    42.334    u_top/u_soc/u_soc/u_counter/u_aes_dec/g0_b0__280_i_25
    SLICE_X35Y144        LUT6 (Prop_lut6_I0_O)        0.124    42.458 r  u_top/u_soc/u_soc/u_counter/u_aes_dec/p_0_out_inferred__110/g0_b0__280_i_56/O
                         net (fo=8, routed)           0.628    43.086    u_top/u_soc/u_soc/u_counter/p_0_in10_in[93]
    SLICE_X39Y143        LUT2 (Prop_lut2_I1_O)        0.124    43.210 r  u_top/u_soc/u_soc/u_counter/g0_b0__280_i_37/O
                         net (fo=4, routed)           0.671    43.881    u_top/u_soc/u_soc/u_counter/g0_b0__280_i_37_n_0
    SLICE_X41Y142        LUT4 (Prop_lut4_I2_O)        0.124    44.005 r  u_top/u_soc/u_soc/u_counter/g0_b0__285_i_12/O
                         net (fo=7, routed)           1.040    45.045    u_top/u_soc/u_soc/u_counter/g0_b0__285_i_12_n_0
    SLICE_X41Y140        LUT6 (Prop_lut6_I2_O)        0.124    45.169 r  u_top/u_soc/u_soc/u_counter/g0_b0__290_i_15/O
                         net (fo=1, routed)           0.295    45.464    u_top/u_soc/u_soc/u_counter/g0_b0__290_i_15_n_0
    SLICE_X41Y139        LUT4 (Prop_lut4_I3_O)        0.124    45.588 r  u_top/u_soc/u_soc/u_counter/g0_b0__290_i_5/O
                         net (fo=32, routed)          1.449    47.038    u_top/u_soc/u_soc/u_counter/g0_b0__290_i_5_n_0
    SLICE_X48Y141        LUT6 (Prop_lut6_I4_O)        0.124    47.162 r  u_top/u_soc/u_soc/u_counter/g3_b7__290/O
                         net (fo=2, routed)           1.015    48.176    u_top/u_soc/u_soc/u_counter/u_aes_dec/dec_pt_q[95]_i_29_6
    SLICE_X48Y135        LUT6 (Prop_lut6_I0_O)        0.124    48.300 r  u_top/u_soc/u_soc/u_counter/u_aes_dec/p_0_out_inferred__126/g0_b0__301_i_30/O
                         net (fo=15, routed)          1.823    50.124    u_top/u_soc/u_soc/u_counter/p_0_in12_in[95]
    SLICE_X57Y114        LUT5 (Prop_lut5_I2_O)        0.124    50.248 r  u_top/u_soc/u_soc/u_counter/g0_b0__296_i_26/O
                         net (fo=1, routed)           0.875    51.123    u_top/u_soc/u_soc/u_counter/g0_b0__296_i_26_n_0
    SLICE_X57Y107        LUT3 (Prop_lut3_I2_O)        0.124    51.247 r  u_top/u_soc/u_soc/u_counter/g0_b0__296_i_9/O
                         net (fo=1, routed)           0.545    51.793    u_top/u_soc/u_soc/u_counter/g0_b0__296_i_9_n_0
    SLICE_X57Y103        LUT5 (Prop_lut5_I3_O)        0.124    51.917 r  u_top/u_soc/u_soc/u_counter/g0_b0__296_i_2/O
                         net (fo=32, routed)          1.075    52.992    u_top/u_soc/u_soc/u_counter/g0_b0__296_i_2_n_0
    SLICE_X56Y101        LUT6 (Prop_lut6_I1_O)        0.124    53.116 r  u_top/u_soc/u_soc/u_counter/g2_b6__296/O
                         net (fo=1, routed)           1.300    54.415    u_top/u_soc/u_soc/u_counter/u_aes_dec/g0_b0__320_i_8_0
    SLICE_X44Y98         LUT6 (Prop_lut6_I1_O)        0.124    54.539 r  u_top/u_soc/u_soc/u_counter/u_aes_dec/p_0_out_inferred__132/g0_b0__320_i_26/O
                         net (fo=7, routed)           1.000    55.540    u_top/u_soc/u_soc/u_counter/p_0_in14_in[14]
    SLICE_X38Y99         LUT2 (Prop_lut2_I0_O)        0.149    55.689 r  u_top/u_soc/u_soc/u_counter/g0_b0__314_i_47/O
                         net (fo=3, routed)           0.818    56.507    u_top/u_soc/u_soc/u_counter/g0_b0__314_i_47_n_0
    SLICE_X37Y98         LUT3 (Prop_lut3_I0_O)        0.355    56.862 r  u_top/u_soc/u_soc/u_counter/g0_b0__314_i_16/O
                         net (fo=6, routed)           1.027    57.889    u_top/u_soc/u_soc/u_counter/g0_b0__314_i_16_n_0
    SLICE_X28Y100        LUT6 (Prop_lut6_I0_O)        0.124    58.013 r  u_top/u_soc/u_soc/u_counter/g0_b0__315_i_3/O
                         net (fo=32, routed)          1.226    59.239    u_top/u_soc/u_soc/u_counter/p_0_in[34]
    SLICE_X27Y102        LUT6 (Prop_lut6_I2_O)        0.124    59.363 r  u_top/u_soc/u_soc/u_counter/g0_b2__315/O
                         net (fo=1, routed)           0.000    59.363    u_top/u_soc/u_soc/u_counter/u_aes_dec/dec_pt_q_reg[34]
    SLICE_X27Y102        MUXF7 (Prop_muxf7_I0_O)      0.212    59.575 r  u_top/u_soc/u_soc/u_counter/u_aes_dec/p_0_out_inferred__151/dec_pt_q_reg[34]_i_3/O
                         net (fo=1, routed)           0.575    60.150    u_top/u_soc/u_soc/u_counter/u_aes_dec_n_1679
    SLICE_X27Y101        LUT5 (Prop_lut5_I2_O)        0.299    60.449 r  u_top/u_soc/u_soc/u_counter/dec_pt_q[34]_i_1/O
                         net (fo=1, routed)           0.000    60.449    u_top/u_soc/u_soc/u_counter/dec_pt_q[34]_i_1_n_0
    SLICE_X27Y101        FDCE                                         r  u_top/u_soc/u_soc/u_counter/dec_pt_q_reg[34]/D
  -------------------------------------------------------------------    -------------------

                         (clock clk_w rise edge)     40.000    40.000 r  
    F14                                               0.000    40.000 r  clk100mhz (IN)
                         net (fo=0)                   0.000    40.000    u_pll/clk100mhz
    F14                  IBUF (Prop_ibuf_I_O)         1.388    41.388 r  u_pll/IBUF_IN/O
                         net (fo=1, routed)           1.181    42.569    u_pll/clkref_buffered_w
    PLLE2_ADV_X0Y1       PLLE2_ADV (Prop_plle2_adv_CLKIN1_CLKOUT2)
                                                     -6.594    35.975 r  u_pll/u_pll/CLKOUT2
                         net (fo=1, routed)           1.582    37.557    clk_w
    BUFGCTRL_X0Y16       BUFG (Prop_bufg_I_O)         0.091    37.648 r  clk_w_BUFG_inst/O
                         net (fo=4981, routed)        1.610    39.258    u_top/u_soc/u_soc/u_counter/clk_w_BUFG
    SLICE_X27Y101        FDCE                                         r  u_top/u_soc/u_soc/u_counter/dec_pt_q_reg[34]/C
                         clock pessimism             -0.376    38.882    
                         clock uncertainty           -0.099    38.783    
    SLICE_X27Y101        FDCE (Setup_fdce_C_D)        0.031    38.814    u_top/u_soc/u_soc/u_counter/dec_pt_q_reg[34]
  -------------------------------------------------------------------
                         required time                         38.814    
                         arrival time                         -60.449    
  -------------------------------------------------------------------
                         slack                                -21.635    

Slack (VIOLATED) :        -21.591ns  (required time - arrival time)
  Source:                 u_top/u_soc/u_soc/u_counter/aes_key_q_reg[80]/C
                            (rising edge-triggered cell FDCE clocked by clk_w  {rise@0.000ns fall@20.000ns period=40.000ns})
  Destination:            u_top/u_soc/u_soc/u_counter/dec_pt_q_reg[78]/D
                            (rising edge-triggered cell FDCE clocked by clk_w  {rise@0.000ns fall@20.000ns period=40.000ns})
  Path Group:             clk_w
  Path Type:              Setup (Max at Slow Process Corner)
  Requirement:            40.000ns  (clk_w rise@40.000ns - clk_w rise@0.000ns)
  Data Path Delay:        61.230ns  (logic 9.080ns (14.829%)  route 52.150ns (85.171%))
  Logic Levels:           63  (LUT2=13 LUT3=2 LUT4=6 LUT5=7 LUT6=32 MUXF7=2 MUXF8=1)
  Clock Path Skew:        -0.291ns (DCD - SCD + CPR)
    Destination Clock Delay (DCD):    -0.920ns = ( 39.080 - 40.000 ) 
    Source Clock Delay      (SCD):    -1.086ns
    Clock Pessimism Removal (CPR):    -0.456ns
  Clock Uncertainty:      0.099ns  ((TSJ^2 + DJ^2)^1/2) / 2 + PE
    Total System Jitter     (TSJ):    0.071ns
    Discrete Jitter          (DJ):    0.186ns
    Phase Error              (PE):    0.000ns

    Location             Delay type                Incr(ns)  Path(ns)    Netlist Resource(s)
  -------------------------------------------------------------------    -------------------
                         (clock clk_w rise edge)      0.000     0.000 r  
    F14                                               0.000     0.000 r  clk100mhz (IN)
                         net (fo=0)                   0.000     0.000    u_pll/clk100mhz
    F14                  IBUF (Prop_ibuf_I_O)         1.458     1.458 r  u_pll/IBUF_IN/O
                         net (fo=1, routed)           1.253     2.712    u_pll/clkref_buffered_w
    PLLE2_ADV_X0Y1       PLLE2_ADV (Prop_plle2_adv_CLKIN1_CLKOUT2)
                                                     -7.284    -4.572 r  u_pll/u_pll/CLKOUT2
                         net (fo=1, routed)           1.660    -2.912    clk_w
    BUFGCTRL_X0Y16       BUFG (Prop_bufg_I_O)         0.096    -2.816 r  clk_w_BUFG_inst/O
                         net (fo=4981, routed)        1.730    -1.086    u_top/u_soc/u_soc/u_counter/clk_w_BUFG
    SLICE_X16Y116        FDCE                                         r  u_top/u_soc/u_soc/u_counter/aes_key_q_reg[80]/C
  -------------------------------------------------------------------    -------------------
    SLICE_X16Y116        FDCE (Prop_fdce_C_Q)         0.456    -0.630 r  u_top/u_soc/u_soc/u_counter/aes_key_q_reg[80]/Q
                         net (fo=95, routed)          0.781     0.151    u_top/u_soc/u_soc/u_counter/aes_key_q[80]
    SLICE_X22Y113        LUT4 (Prop_lut4_I3_O)        0.124     0.275 r  u_top/u_soc/u_soc/u_counter/g0_b0__166_i_1/O
                         net (fo=33, routed)          1.273     1.549    u_top/u_soc/u_soc/u_counter/(null)[4].w[16]
    SLICE_X24Y111        LUT6 (Prop_lut6_I0_O)        0.124     1.673 r  u_top/u_soc/u_soc/u_counter/g1_b2__166/O
                         net (fo=1, routed)           0.000     1.673    u_top/u_soc/u_soc/u_counter/u_aes_dec/g0_b0__182_i_2_0
    SLICE_X24Y111        MUXF7 (Prop_muxf7_I1_O)      0.245     1.918 r  u_top/u_soc/u_soc/u_counter/u_aes_dec/p_0_out_inferred__2/g0_b0__178_i_9/O
                         net (fo=3, routed)           0.000     1.918    u_top/u_soc/u_soc/u_counter/u_aes_dec/aes_key_q_reg[54]_3
    SLICE_X24Y111        MUXF8 (Prop_muxf8_I0_O)      0.104     2.022 r  u_top/u_soc/u_soc/u_counter/u_aes_dec/p_0_out_inferred__2/g0_b0__170_i_9/O
                         net (fo=2, routed)           0.670     2.692    u_top/u_soc/u_soc/u_counter/subword0_return0[2]
    SLICE_X26Y112        LUT5 (Prop_lut5_I1_O)        0.316     3.008 r  u_top/u_soc/u_soc/u_counter/g0_b0__170_i_3/O
                         net (fo=32, routed)          1.349     4.357    u_top/u_soc/u_soc/u_counter/(null)[9].(null)[0].a17[26]
    SLICE_X32Y111        LUT6 (Prop_lut6_I2_O)        0.124     4.481 r  u_top/u_soc/u_soc/u_counter/g3_b5__170/O
                         net (fo=2, routed)           0.859     5.340    u_top/u_soc/u_soc/u_counter/u_aes_dec/g0_b0__192_i_39_5
    SLICE_X32Y111        LUT6 (Prop_lut6_I0_O)        0.124     5.464 r  u_top/u_soc/u_soc/u_counter/u_aes_dec/p_0_out_inferred__6/g0_b0__186_i_67/O
                         net (fo=6, routed)           1.180     6.644    u_top/u_soc/u_soc/u_counter/(null)[9].(null)[0].a4[5]
    SLICE_X25Y108        LUT6 (Prop_lut6_I2_O)        0.124     6.768 r  u_top/u_soc/u_soc/u_counter/g0_b0__186_i_24/O
                         net (fo=8, routed)           0.734     7.501    u_top/u_soc/u_soc/u_counter/g0_b0__186_i_24_n_0
    SLICE_X24Y104        LUT5 (Prop_lut5_I1_O)        0.124     7.625 r  u_top/u_soc/u_soc/u_counter/g0_b0__187_i_35/O
                         net (fo=1, routed)           0.797     8.422    u_top/u_soc/u_soc/u_counter/g0_b0__187_i_35_n_0
    SLICE_X23Y103        LUT6 (Prop_lut6_I4_O)        0.124     8.546 r  u_top/u_soc/u_soc/u_counter/g0_b0__187_i_19/O
                         net (fo=1, routed)           0.775     9.321    u_top/u_soc/u_soc/u_counter/g0_b0__187_i_19_n_0
    SLICE_X21Y103        LUT5 (Prop_lut5_I4_O)        0.124     9.445 r  u_top/u_soc/u_soc/u_counter/g0_b0__187_i_4/O
                         net (fo=32, routed)          1.739    11.184    u_top/u_soc/u_soc/u_counter/(null)[9].(null)[0].a172606_out[3]
    SLICE_X2Y103         LUT6 (Prop_lut6_I3_O)        0.124    11.308 r  u_top/u_soc/u_soc/u_counter/g3_b6__187/O
                         net (fo=2, routed)           0.774    12.081    u_top/u_soc/u_soc/u_counter/u_aes_dec/g0_b0__240_i_44_2
    SLICE_X2Y104         LUT6 (Prop_lut6_I0_O)        0.124    12.205 r  u_top/u_soc/u_soc/u_counter/u_aes_dec/p_0_out_inferred__23/g0_b0__201_i_7/O
                         net (fo=10, routed)          0.778    12.984    u_top/u_soc/u_soc/u_counter/p_0_in0_in[38]
    SLICE_X2Y108         LUT2 (Prop_lut2_I0_O)        0.124    13.108 r  u_top/u_soc/u_soc/u_counter/g0_b0__206_i_13/O
                         net (fo=4, routed)           0.704    13.811    u_top/u_soc/u_soc/u_counter/g0_b0__206_i_13_n_0
    SLICE_X2Y111         LUT2 (Prop_lut2_I0_O)        0.124    13.935 r  u_top/u_soc/u_soc/u_counter/g0_b0__201_i_51/O
                         net (fo=2, routed)           1.092    15.027    u_top/u_soc/u_soc/u_counter/g0_b0__201_i_51_n_0
    SLICE_X4Y115         LUT6 (Prop_lut6_I2_O)        0.124    15.151 r  u_top/u_soc/u_soc/u_counter/g0_b0__201_i_19/O
                         net (fo=1, routed)           0.722    15.873    u_top/u_soc/u_soc/u_counter/g0_b0__201_i_19_n_0
    SLICE_X4Y116         LUT6 (Prop_lut6_I5_O)        0.124    15.997 r  u_top/u_soc/u_soc/u_counter/g0_b0__201_i_3/O
                         net (fo=32, routed)          1.300    17.296    u_top/u_soc/u_soc/u_counter/g0_b0__201_i_3_n_0
    SLICE_X3Y121         LUT6 (Prop_lut6_I2_O)        0.124    17.420 r  u_top/u_soc/u_soc/u_counter/g2_b5__201/O
                         net (fo=1, routed)           0.769    18.190    u_top/u_soc/u_soc/u_counter/u_aes_dec/g0_b0__219_i_22_0
    SLICE_X4Y121         LUT6 (Prop_lut6_I1_O)        0.124    18.314 r  u_top/u_soc/u_soc/u_counter/u_aes_dec/p_0_out_inferred__37/g0_b0__219_i_41/O
                         net (fo=6, routed)           0.849    19.163    u_top/u_soc/u_soc/u_counter/p_0_in2_in[21]
    SLICE_X13Y121        LUT2 (Prop_lut2_I1_O)        0.124    19.287 r  u_top/u_soc/u_soc/u_counter/g0_b0__218_i_32/O
                         net (fo=4, routed)           0.179    19.466    u_top/u_soc/u_soc/u_counter/g0_b0__218_i_32_n_0
    SLICE_X13Y121        LUT2 (Prop_lut2_I0_O)        0.124    19.590 r  u_top/u_soc/u_soc/u_counter/g0_b0__218_i_9/O
                         net (fo=4, routed)           0.482    20.071    u_top/u_soc/u_soc/u_counter/g0_b0__218_i_9_n_0
    SLICE_X17Y122        LUT2 (Prop_lut2_I1_O)        0.124    20.195 r  u_top/u_soc/u_soc/u_counter/g0_b0__229_i_17/O
                         net (fo=6, routed)           0.593    20.789    u_top/u_soc/u_soc/u_counter/g0_b0__229_i_17_n_0
    SLICE_X21Y123        LUT6 (Prop_lut6_I2_O)        0.124    20.913 r  u_top/u_soc/u_soc/u_counter/g0_b0__218_i_19/O
                         net (fo=1, routed)           0.492    21.405    u_top/u_soc/u_soc/u_counter/g0_b0__218_i_19_n_0
    SLICE_X19Y123        LUT6 (Prop_lut6_I5_O)        0.124    21.529 r  u_top/u_soc/u_soc/u_counter/g0_b0__218_i_4/O
                         net (fo=32, routed)          1.284    22.812    u_top/u_soc/u_soc/u_counter/g0_b0__218_i_4_n_0
    SLICE_X17Y136        LUT6 (Prop_lut6_I3_O)        0.124    22.936 r  u_top/u_soc/u_soc/u_counter/g3_b5__218/O
                         net (fo=2, routed)           1.172    24.108    u_top/u_soc/u_soc/u_counter/u_aes_dec/g0_b0__249_i_91_6
    SLICE_X17Y138        LUT6 (Prop_lut6_I0_O)        0.124    24.232 r  u_top/u_soc/u_soc/u_counter/u_aes_dec/p_0_out_inferred__54/g0_b0__240_i_25/O
                         net (fo=6, routed)           0.473    24.705    u_top/u_soc/u_soc/u_counter/p_0_in4_in[29]
    SLICE_X17Y140        LUT2 (Prop_lut2_I1_O)        0.124    24.829 r  u_top/u_soc/u_soc/u_counter/g0_b0__234_i_25/O
                         net (fo=4, routed)           0.824    25.653    u_top/u_soc/u_soc/u_counter/g0_b0__234_i_25_n_0
    SLICE_X15Y134        LUT4 (Prop_lut4_I0_O)        0.124    25.777 r  u_top/u_soc/u_soc/u_counter/g0_b0__234_i_7/O
                         net (fo=8, routed)           1.047    26.824    u_top/u_soc/u_soc/u_counter/g0_b0__234_i_7_n_0
    SLICE_X22Y128        LUT5 (Prop_lut5_I1_O)        0.124    26.948 r  u_top/u_soc/u_soc/u_counter/g0_b0__240_i_23/O
                         net (fo=1, routed)           1.188    28.136    u_top/u_soc/u_soc/u_counter/g0_b0__240_i_23_n_0
    SLICE_X23Y132        LUT6 (Prop_lut6_I1_O)        0.124    28.260 r  u_top/u_soc/u_soc/u_counter/g0_b0__240_i_14/O
                         net (fo=1, routed)           0.348    28.608    u_top/u_soc/u_soc/u_counter/g0_b0__240_i_14_n_0
    SLICE_X22Y132        LUT4 (Prop_lut4_I3_O)        0.124    28.732 r  u_top/u_soc/u_soc/u_counter/g0_b0__240_i_4/O
                         net (fo=32, routed)          0.883    29.615    u_top/u_soc/u_soc/u_counter/g0_b0__240_i_4_n_0
    SLICE_X23Y135        LUT6 (Prop_lut6_I3_O)        0.124    29.739 r  u_top/u_soc/u_soc/u_counter/g1_b5__240/O
                         net (fo=1, routed)           1.022    30.761    u_top/u_soc/u_soc/u_counter/u_aes_dec/g0_b0__258_i_19_1
    SLICE_X24Y135        LUT6 (Prop_lut6_I3_O)        0.124    30.885 r  u_top/u_soc/u_soc/u_counter/u_aes_dec/p_0_out_inferred__76/g0_b0__258_i_26/O
                         net (fo=7, routed)           0.631    31.516    u_top/u_soc/u_soc/u_counter/p_0_in6_in[77]
    SLICE_X30Y135        LUT2 (Prop_lut2_I0_O)        0.124    31.640 r  u_top/u_soc/u_soc/u_counter/g0_b0__253_i_23/O
                         net (fo=3, routed)           0.516    32.156    u_top/u_soc/u_soc/u_counter/g0_b0__253_i_23_n_0
    SLICE_X29Y135        LUT2 (Prop_lut2_I1_O)        0.124    32.280 r  u_top/u_soc/u_soc/u_counter/g0_b0__259_i_9/O
                         net (fo=8, routed)           0.485    32.765    u_top/u_soc/u_soc/u_counter/g0_b0__259_i_9_n_0
    SLICE_X29Y135        LUT2 (Prop_lut2_I0_O)        0.124    32.889 r  u_top/u_soc/u_soc/u_counter/g0_b0__248_i_8/O
                         net (fo=9, routed)           0.865    33.754    u_top/u_soc/u_soc/u_counter/g0_b0__248_i_8_n_0
    SLICE_X29Y139        LUT6 (Prop_lut6_I1_O)        0.124    33.878 r  u_top/u_soc/u_soc/u_counter/g0_b0__258_i_9/O
                         net (fo=1, routed)           0.433    34.311    u_top/u_soc/u_soc/u_counter/g0_b0__258_i_9_n_0
    SLICE_X29Y139        LUT4 (Prop_lut4_I3_O)        0.124    34.435 r  u_top/u_soc/u_soc/u_counter/g0_b0__258_i_1/O
                         net (fo=32, routed)          1.126    35.562    u_top/u_soc/u_soc/u_counter/g0_b0__258_i_1_n_0
    SLICE_X30Y144        LUT6 (Prop_lut6_I0_O)        0.124    35.686 r  u_top/u_soc/u_soc/u_counter/g2_b5__258/O
                         net (fo=1, routed)           0.658    36.344    u_top/u_soc/u_soc/u_counter/u_aes_dec/dec_pt_q[95]_i_54_4
    SLICE_X31Y144        LUT6 (Prop_lut6_I1_O)        0.124    36.468 r  u_top/u_soc/u_soc/u_counter/u_aes_dec/p_0_out_inferred__94/g0_b0__269_i_34/O
                         net (fo=6, routed)           1.032    37.499    u_top/u_soc/u_soc/u_counter/p_0_in8_in[93]
    SLICE_X35Y127        LUT2 (Prop_lut2_I1_O)        0.124    37.623 r  u_top/u_soc/u_soc/u_counter/g0_b0__269_i_22/O
                         net (fo=5, routed)           0.918    38.541    u_top/u_soc/u_soc/u_counter/g0_b0__269_i_22_n_0
    SLICE_X36Y131        LUT2 (Prop_lut2_I1_O)        0.124    38.665 r  u_top/u_soc/u_soc/u_counter/g0_b0__269_i_10/O
                         net (fo=10, routed)          0.724    39.390    u_top/u_soc/u_soc/u_counter/g0_b0__269_i_10_n_0
    SLICE_X35Y132        LUT6 (Prop_lut6_I0_O)        0.124    39.514 r  u_top/u_soc/u_soc/u_counter/g0_b0__274_i_8/O
                         net (fo=1, routed)           0.487    40.000    u_top/u_soc/u_soc/u_counter/g0_b0__274_i_8_n_0
    SLICE_X35Y140        LUT6 (Prop_lut6_I5_O)        0.124    40.124 r  u_top/u_soc/u_soc/u_counter/g0_b0__274_i_1/O
                         net (fo=32, routed)          1.228    41.353    u_top/u_soc/u_soc/u_counter/g0_b0__274_i_1_n_0
    SLICE_X35Y144        LUT6 (Prop_lut6_I0_O)        0.124    41.477 r  u_top/u_soc/u_soc/u_counter/g3_b5__274/O
                         net (fo=2, routed)           0.857    42.334    u_top/u_soc/u_soc/u_counter/u_aes_dec/g0_b0__280_i_25
    SLICE_X35Y144        LUT6 (Prop_lut6_I0_O)        0.124    42.458 r  u_top/u_soc/u_soc/u_counter/u_aes_dec/p_0_out_inferred__110/g0_b0__280_i_56/O
                         net (fo=8, routed)           0.628    43.086    u_top/u_soc/u_soc/u_counter/p_0_in10_in[93]
    SLICE_X39Y143        LUT2 (Prop_lut2_I1_O)        0.124    43.210 r  u_top/u_soc/u_soc/u_counter/g0_b0__280_i_37/O
                         net (fo=4, routed)           0.671    43.881    u_top/u_soc/u_soc/u_counter/g0_b0__280_i_37_n_0
    SLICE_X41Y142        LUT4 (Prop_lut4_I2_O)        0.124    44.005 r  u_top/u_soc/u_soc/u_counter/g0_b0__285_i_12/O
                         net (fo=7, routed)           1.040    45.045    u_top/u_soc/u_soc/u_counter/g0_b0__285_i_12_n_0
    SLICE_X41Y140        LUT6 (Prop_lut6_I2_O)        0.124    45.169 r  u_top/u_soc/u_soc/u_counter/g0_b0__290_i_15/O
                         net (fo=1, routed)           0.295    45.464    u_top/u_soc/u_soc/u_counter/g0_b0__290_i_15_n_0
    SLICE_X41Y139        LUT4 (Prop_lut4_I3_O)        0.124    45.588 r  u_top/u_soc/u_soc/u_counter/g0_b0__290_i_5/O
                         net (fo=32, routed)          1.449    47.038    u_top/u_soc/u_soc/u_counter/g0_b0__290_i_5_n_0
    SLICE_X48Y141        LUT6 (Prop_lut6_I4_O)        0.124    47.162 r  u_top/u_soc/u_soc/u_counter/g3_b7__290/O
                         net (fo=2, routed)           1.015    48.176    u_top/u_soc/u_soc/u_counter/u_aes_dec/dec_pt_q[95]_i_29_6
    SLICE_X48Y135        LUT6 (Prop_lut6_I0_O)        0.124    48.300 r  u_top/u_soc/u_soc/u_counter/u_aes_dec/p_0_out_inferred__126/g0_b0__301_i_30/O
                         net (fo=15, routed)          1.823    50.124    u_top/u_soc/u_soc/u_counter/p_0_in12_in[95]
    SLICE_X57Y114        LUT5 (Prop_lut5_I2_O)        0.124    50.248 r  u_top/u_soc/u_soc/u_counter/g0_b0__296_i_26/O
                         net (fo=1, routed)           0.875    51.123    u_top/u_soc/u_soc/u_counter/g0_b0__296_i_26_n_0
    SLICE_X57Y107        LUT3 (Prop_lut3_I2_O)        0.124    51.247 r  u_top/u_soc/u_soc/u_counter/g0_b0__296_i_9/O
                         net (fo=1, routed)           0.545    51.793    u_top/u_soc/u_soc/u_counter/g0_b0__296_i_9_n_0
    SLICE_X57Y103        LUT5 (Prop_lut5_I3_O)        0.124    51.917 r  u_top/u_soc/u_soc/u_counter/g0_b0__296_i_2/O
                         net (fo=32, routed)          1.075    52.992    u_top/u_soc/u_soc/u_counter/g0_b0__296_i_2_n_0
    SLICE_X56Y101        LUT6 (Prop_lut6_I1_O)        0.124    53.116 r  u_top/u_soc/u_soc/u_counter/g2_b6__296/O
                         net (fo=1, routed)           1.300    54.415    u_top/u_soc/u_soc/u_counter/u_aes_dec/g0_b0__320_i_8_0
    SLICE_X44Y98         LUT6 (Prop_lut6_I1_O)        0.124    54.539 r  u_top/u_soc/u_soc/u_counter/u_aes_dec/p_0_out_inferred__132/g0_b0__320_i_26/O
                         net (fo=7, routed)           1.000    55.540    u_top/u_soc/u_soc/u_counter/p_0_in14_in[14]
    SLICE_X38Y99         LUT2 (Prop_lut2_I0_O)        0.149    55.689 r  u_top/u_soc/u_soc/u_counter/g0_b0__314_i_47/O
                         net (fo=3, routed)           0.622    56.310    u_top/u_soc/u_soc/u_counter/g0_b0__314_i_47_n_0
    SLICE_X38Y98         LUT6 (Prop_lut6_I5_O)        0.355    56.665 r  u_top/u_soc/u_soc/u_counter/g0_b0__320_i_12/O
                         net (fo=1, routed)           0.670    57.336    u_top/u_soc/u_soc/u_counter/g0_b0__320_i_12_n_0
    SLICE_X38Y98         LUT3 (Prop_lut3_I2_O)        0.124    57.460 r  u_top/u_soc/u_soc/u_counter/g0_b0__320_i_3/O
                         net (fo=32, routed)          1.424    58.884    u_top/u_soc/u_soc/u_counter/p_0_in[74]
    SLICE_X36Y96         LUT6 (Prop_lut6_I2_O)        0.124    59.008 r  u_top/u_soc/u_soc/u_counter/g2_b6__320/O
                         net (fo=1, routed)           0.000    59.008    u_top/u_soc/u_soc/u_counter/u_aes_dec/dec_pt_q_reg[78]_1
    SLICE_X36Y96         MUXF7 (Prop_muxf7_I0_O)      0.212    59.220 r  u_top/u_soc/u_soc/u_counter/u_aes_dec/p_0_out_inferred__156/dec_pt_q_reg[78]_i_2/O
                         net (fo=1, routed)           0.626    59.846    u_top/u_soc/u_soc/u_counter/u_aes_dec_n_1768
    SLICE_X37Y96         LUT5 (Prop_lut5_I0_O)        0.299    60.145 r  u_top/u_soc/u_soc/u_counter/dec_pt_q[78]_i_1/O
                         net (fo=1, routed)           0.000    60.145    u_top/u_soc/u_soc/u_counter/dec_pt_q[78]_i_1_n_0
    SLICE_X37Y96         FDCE                                         r  u_top/u_soc/u_soc/u_counter/dec_pt_q_reg[78]/D
  -------------------------------------------------------------------    -------------------

                         (clock clk_w rise edge)     40.000    40.000 r  
    F14                                               0.000    40.000 r  clk100mhz (IN)
                         net (fo=0)                   0.000    40.000    u_pll/clk100mhz
    F14                  IBUF (Prop_ibuf_I_O)         1.388    41.388 r  u_pll/IBUF_IN/O
                         net (fo=1, routed)           1.181    42.569    u_pll/clkref_buffered_w
    PLLE2_ADV_X0Y1       PLLE2_ADV (Prop_plle2_adv_CLKIN1_CLKOUT2)
                                                     -6.594    35.975 r  u_pll/u_pll/CLKOUT2
                         net (fo=1, routed)           1.582    37.557    clk_w
    BUFGCTRL_X0Y16       BUFG (Prop_bufg_I_O)         0.091    37.648 r  clk_w_BUFG_inst/O
                         net (fo=4981, routed)        1.432    39.080    u_top/u_soc/u_soc/u_counter/clk_w_BUFG
    SLICE_X37Y96         FDCE                                         r  u_top/u_soc/u_soc/u_counter/dec_pt_q_reg[78]/C
                         clock pessimism             -0.456    38.624    
                         clock uncertainty           -0.099    38.524    
    SLICE_X37Y96         FDCE (Setup_fdce_C_D)        0.029    38.553    u_top/u_soc/u_soc/u_counter/dec_pt_q_reg[78]
  -------------------------------------------------------------------
                         required time                         38.553    
                         arrival time                         -60.145    
  -------------------------------------------------------------------
                         slack                                -21.591    

Slack (VIOLATED) :        -21.546ns  (required time - arrival time)
  Source:                 u_top/u_soc/u_soc/u_counter/aes_key_q_reg[80]/C
                            (rising edge-triggered cell FDCE clocked by clk_w  {rise@0.000ns fall@20.000ns period=40.000ns})
  Destination:            u_top/u_soc/u_soc/u_counter/dec_pt_q_reg[54]/D
                            (rising edge-triggered cell FDCE clocked by clk_w  {rise@0.000ns fall@20.000ns period=40.000ns})
  Path Group:             clk_w
  Path Type:              Setup (Max at Slow Process Corner)
  Requirement:            40.000ns  (clk_w rise@40.000ns - clk_w rise@0.000ns)
  Data Path Delay:        61.191ns  (logic 9.329ns (15.246%)  route 51.862ns (84.754%))
  Logic Levels:           65  (LUT2=15 LUT3=1 LUT4=6 LUT5=5 LUT6=34 MUXF7=2 MUXF8=2)
  Clock Path Skew:        -0.284ns (DCD - SCD + CPR)
    Destination Clock Delay (DCD):    -0.913ns = ( 39.087 - 40.000 ) 
    Source Clock Delay      (SCD):    -1.086ns
    Clock Pessimism Removal (CPR):    -0.456ns
  Clock Uncertainty:      0.099ns  ((TSJ^2 + DJ^2)^1/2) / 2 + PE
    Total System Jitter     (TSJ):    0.071ns
    Discrete Jitter          (DJ):    0.186ns
    Phase Error              (PE):    0.000ns

    Location             Delay type                Incr(ns)  Path(ns)    Netlist Resource(s)
  -------------------------------------------------------------------    -------------------
                         (clock clk_w rise edge)      0.000     0.000 r  
    F14                                               0.000     0.000 r  clk100mhz (IN)
                         net (fo=0)                   0.000     0.000    u_pll/clk100mhz
    F14                  IBUF (Prop_ibuf_I_O)         1.458     1.458 r  u_pll/IBUF_IN/O
                         net (fo=1, routed)           1.253     2.712    u_pll/clkref_buffered_w
    PLLE2_ADV_X0Y1       PLLE2_ADV (Prop_plle2_adv_CLKIN1_CLKOUT2)
                                                     -7.284    -4.572 r  u_pll/u_pll/CLKOUT2
                         net (fo=1, routed)           1.660    -2.912    clk_w
    BUFGCTRL_X0Y16       BUFG (Prop_bufg_I_O)         0.096    -2.816 r  clk_w_BUFG_inst/O
                         net (fo=4981, routed)        1.730    -1.086    u_top/u_soc/u_soc/u_counter/clk_w_BUFG
    SLICE_X16Y116        FDCE                                         r  u_top/u_soc/u_soc/u_counter/aes_key_q_reg[80]/C
  -------------------------------------------------------------------    -------------------
    SLICE_X16Y116        FDCE (Prop_fdce_C_Q)         0.456    -0.630 r  u_top/u_soc/u_soc/u_counter/aes_key_q_reg[80]/Q
                         net (fo=95, routed)          0.781     0.151    u_top/u_soc/u_soc/u_counter/aes_key_q[80]
    SLICE_X22Y113        LUT4 (Prop_lut4_I3_O)        0.124     0.275 r  u_top/u_soc/u_soc/u_counter/g0_b0__166_i_1/O
                         net (fo=33, routed)          1.273     1.549    u_top/u_soc/u_soc/u_counter/(null)[4].w[16]
    SLICE_X24Y111        LUT6 (Prop_lut6_I0_O)        0.124     1.673 r  u_top/u_soc/u_soc/u_counter/g1_b2__166/O
                         net (fo=1, routed)           0.000     1.673    u_top/u_soc/u_soc/u_counter/u_aes_dec/g0_b0__182_i_2_0
    SLICE_X24Y111        MUXF7 (Prop_muxf7_I1_O)      0.245     1.918 r  u_top/u_soc/u_soc/u_counter/u_aes_dec/p_0_out_inferred__2/g0_b0__178_i_9/O
                         net (fo=3, routed)           0.000     1.918    u_top/u_soc/u_soc/u_counter/u_aes_dec/aes_key_q_reg[54]_3
    SLICE_X24Y111        MUXF8 (Prop_muxf8_I0_O)      0.104     2.022 r  u_top/u_soc/u_soc/u_counter/u_aes_dec/p_0_out_inferred__2/g0_b0__170_i_9/O
                         net (fo=2, routed)           0.670     2.692    u_top/u_soc/u_soc/u_counter/subword0_return0[2]
    SLICE_X26Y112        LUT5 (Prop_lut5_I1_O)        0.316     3.008 r  u_top/u_soc/u_soc/u_counter/g0_b0__170_i_3/O
                         net (fo=32, routed)          1.349     4.357    u_top/u_soc/u_soc/u_counter/(null)[9].(null)[0].a17[26]
    SLICE_X32Y111        LUT6 (Prop_lut6_I2_O)        0.124     4.481 r  u_top/u_soc/u_soc/u_counter/g3_b5__170/O
                         net (fo=2, routed)           0.859     5.340    u_top/u_soc/u_soc/u_counter/u_aes_dec/g0_b0__192_i_39_5
    SLICE_X32Y111        LUT6 (Prop_lut6_I0_O)        0.124     5.464 r  u_top/u_soc/u_soc/u_counter/u_aes_dec/p_0_out_inferred__6/g0_b0__186_i_67/O
                         net (fo=6, routed)           1.180     6.644    u_top/u_soc/u_soc/u_counter/(null)[9].(null)[0].a4[5]
    SLICE_X25Y108        LUT6 (Prop_lut6_I2_O)        0.124     6.768 r  u_top/u_soc/u_soc/u_counter/g0_b0__186_i_24/O
                         net (fo=8, routed)           0.734     7.501    u_top/u_soc/u_soc/u_counter/g0_b0__186_i_24_n_0
    SLICE_X24Y104        LUT5 (Prop_lut5_I1_O)        0.124     7.625 r  u_top/u_soc/u_soc/u_counter/g0_b0__187_i_35/O
                         net (fo=1, routed)           0.797     8.422    u_top/u_soc/u_soc/u_counter/g0_b0__187_i_35_n_0
    SLICE_X23Y103        LUT6 (Prop_lut6_I4_O)        0.124     8.546 r  u_top/u_soc/u_soc/u_counter/g0_b0__187_i_19/O
                         net (fo=1, routed)           0.775     9.321    u_top/u_soc/u_soc/u_counter/g0_b0__187_i_19_n_0
    SLICE_X21Y103        LUT5 (Prop_lut5_I4_O)        0.124     9.445 r  u_top/u_soc/u_soc/u_counter/g0_b0__187_i_4/O
                         net (fo=32, routed)          1.739    11.184    u_top/u_soc/u_soc/u_counter/(null)[9].(null)[0].a172606_out[3]
    SLICE_X2Y103         LUT6 (Prop_lut6_I3_O)        0.124    11.308 r  u_top/u_soc/u_soc/u_counter/g3_b6__187/O
                         net (fo=2, routed)           0.774    12.081    u_top/u_soc/u_soc/u_counter/u_aes_dec/g0_b0__240_i_44_2
    SLICE_X2Y104         LUT6 (Prop_lut6_I0_O)        0.124    12.205 r  u_top/u_soc/u_soc/u_counter/u_aes_dec/p_0_out_inferred__23/g0_b0__201_i_7/O
                         net (fo=10, routed)          0.778    12.984    u_top/u_soc/u_soc/u_counter/p_0_in0_in[38]
    SLICE_X2Y108         LUT2 (Prop_lut2_I0_O)        0.124    13.108 r  u_top/u_soc/u_soc/u_counter/g0_b0__206_i_13/O
                         net (fo=4, routed)           0.704    13.811    u_top/u_soc/u_soc/u_counter/g0_b0__206_i_13_n_0
    SLICE_X2Y111         LUT2 (Prop_lut2_I0_O)        0.124    13.935 r  u_top/u_soc/u_soc/u_counter/g0_b0__201_i_51/O
                         net (fo=2, routed)           1.092    15.027    u_top/u_soc/u_soc/u_counter/g0_b0__201_i_51_n_0
    SLICE_X4Y115         LUT6 (Prop_lut6_I2_O)        0.124    15.151 r  u_top/u_soc/u_soc/u_counter/g0_b0__201_i_19/O
                         net (fo=1, routed)           0.722    15.873    u_top/u_soc/u_soc/u_counter/g0_b0__201_i_19_n_0
    SLICE_X4Y116         LUT6 (Prop_lut6_I5_O)        0.124    15.997 r  u_top/u_soc/u_soc/u_counter/g0_b0__201_i_3/O
                         net (fo=32, routed)          1.300    17.296    u_top/u_soc/u_soc/u_counter/g0_b0__201_i_3_n_0
    SLICE_X3Y121         LUT6 (Prop_lut6_I2_O)        0.124    17.420 r  u_top/u_soc/u_soc/u_counter/g2_b5__201/O
                         net (fo=1, routed)           0.769    18.190    u_top/u_soc/u_soc/u_counter/u_aes_dec/g0_b0__219_i_22_0
    SLICE_X4Y121         LUT6 (Prop_lut6_I1_O)        0.124    18.314 r  u_top/u_soc/u_soc/u_counter/u_aes_dec/p_0_out_inferred__37/g0_b0__219_i_41/O
                         net (fo=6, routed)           0.849    19.163    u_top/u_soc/u_soc/u_counter/p_0_in2_in[21]
    SLICE_X13Y121        LUT2 (Prop_lut2_I1_O)        0.124    19.287 r  u_top/u_soc/u_soc/u_counter/g0_b0__218_i_32/O
                         net (fo=4, routed)           0.179    19.466    u_top/u_soc/u_soc/u_counter/g0_b0__218_i_32_n_0
    SLICE_X13Y121        LUT2 (Prop_lut2_I0_O)        0.124    19.590 r  u_top/u_soc/u_soc/u_counter/g0_b0__218_i_9/O
                         net (fo=4, routed)           0.482    20.071    u_top/u_soc/u_soc/u_counter/g0_b0__218_i_9_n_0
    SLICE_X17Y122        LUT2 (Prop_lut2_I1_O)        0.124    20.195 r  u_top/u_soc/u_soc/u_counter/g0_b0__229_i_17/O
                         net (fo=6, routed)           0.593    20.789    u_top/u_soc/u_soc/u_counter/g0_b0__229_i_17_n_0
    SLICE_X21Y123        LUT6 (Prop_lut6_I2_O)        0.124    20.913 r  u_top/u_soc/u_soc/u_counter/g0_b0__218_i_19/O
                         net (fo=1, routed)           0.492    21.405    u_top/u_soc/u_soc/u_counter/g0_b0__218_i_19_n_0
    SLICE_X19Y123        LUT6 (Prop_lut6_I5_O)        0.124    21.529 r  u_top/u_soc/u_soc/u_counter/g0_b0__218_i_4/O
                         net (fo=32, routed)          1.284    22.812    u_top/u_soc/u_soc/u_counter/g0_b0__218_i_4_n_0
    SLICE_X17Y136        LUT6 (Prop_lut6_I3_O)        0.124    22.936 r  u_top/u_soc/u_soc/u_counter/g3_b5__218/O
                         net (fo=2, routed)           1.172    24.108    u_top/u_soc/u_soc/u_counter/u_aes_dec/g0_b0__249_i_91_6
    SLICE_X17Y138        LUT6 (Prop_lut6_I0_O)        0.124    24.232 r  u_top/u_soc/u_soc/u_counter/u_aes_dec/p_0_out_inferred__54/g0_b0__240_i_25/O
                         net (fo=6, routed)           0.473    24.705    u_top/u_soc/u_soc/u_counter/p_0_in4_in[29]
    SLICE_X17Y140        LUT2 (Prop_lut2_I1_O)        0.124    24.829 r  u_top/u_soc/u_soc/u_counter/g0_b0__234_i_25/O
                         net (fo=4, routed)           0.824    25.653    u_top/u_soc/u_soc/u_counter/g0_b0__234_i_25_n_0
    SLICE_X15Y134        LUT4 (Prop_lut4_I0_O)        0.124    25.777 r  u_top/u_soc/u_soc/u_counter/g0_b0__234_i_7/O
                         net (fo=8, routed)           1.047    26.824    u_top/u_soc/u_soc/u_counter/g0_b0__234_i_7_n_0
    SLICE_X22Y128        LUT5 (Prop_lut5_I1_O)        0.124    26.948 r  u_top/u_soc/u_soc/u_counter/g0_b0__240_i_23/O
                         net (fo=1, routed)           1.188    28.136    u_top/u_soc/u_soc/u_counter/g0_b0__240_i_23_n_0
    SLICE_X23Y132        LUT6 (Prop_lut6_I1_O)        0.124    28.260 r  u_top/u_soc/u_soc/u_counter/g0_b0__240_i_14/O
                         net (fo=1, routed)           0.348    28.608    u_top/u_soc/u_soc/u_counter/g0_b0__240_i_14_n_0
    SLICE_X22Y132        LUT4 (Prop_lut4_I3_O)        0.124    28.732 r  u_top/u_soc/u_soc/u_counter/g0_b0__240_i_4/O
                         net (fo=32, routed)          0.883    29.615    u_top/u_soc/u_soc/u_counter/g0_b0__240_i_4_n_0
    SLICE_X23Y135        LUT6 (Prop_lut6_I3_O)        0.124    29.739 r  u_top/u_soc/u_soc/u_counter/g1_b5__240/O
                         net (fo=1, routed)           1.022    30.761    u_top/u_soc/u_soc/u_counter/u_aes_dec/g0_b0__258_i_19_1
    SLICE_X24Y135        LUT6 (Prop_lut6_I3_O)        0.124    30.885 r  u_top/u_soc/u_soc/u_counter/u_aes_dec/p_0_out_inferred__76/g0_b0__258_i_26/O
                         net (fo=7, routed)           0.631    31.516    u_top/u_soc/u_soc/u_counter/p_0_in6_in[77]
    SLICE_X30Y135        LUT2 (Prop_lut2_I0_O)        0.124    31.640 r  u_top/u_soc/u_soc/u_counter/g0_b0__253_i_23/O
                         net (fo=3, routed)           0.516    32.156    u_top/u_soc/u_soc/u_counter/g0_b0__253_i_23_n_0
    SLICE_X29Y135        LUT2 (Prop_lut2_I1_O)        0.124    32.280 r  u_top/u_soc/u_soc/u_counter/g0_b0__259_i_9/O
                         net (fo=8, routed)           0.485    32.765    u_top/u_soc/u_soc/u_counter/g0_b0__259_i_9_n_0
    SLICE_X29Y135        LUT2 (Prop_lut2_I0_O)        0.124    32.889 r  u_top/u_soc/u_soc/u_counter/g0_b0__248_i_8/O
                         net (fo=9, routed)           0.865    33.754    u_top/u_soc/u_soc/u_counter/g0_b0__248_i_8_n_0
    SLICE_X29Y139        LUT6 (Prop_lut6_I1_O)        0.124    33.878 r  u_top/u_soc/u_soc/u_counter/g0_b0__258_i_9/O
                         net (fo=1, routed)           0.433    34.311    u_top/u_soc/u_soc/u_counter/g0_b0__258_i_9_n_0
    SLICE_X29Y139        LUT4 (Prop_lut4_I3_O)        0.124    34.435 r  u_top/u_soc/u_soc/u_counter/g0_b0__258_i_1/O
                         net (fo=32, routed)          1.126    35.562    u_top/u_soc/u_soc/u_counter/g0_b0__258_i_1_n_0
    SLICE_X30Y144        LUT6 (Prop_lut6_I0_O)        0.124    35.686 r  u_top/u_soc/u_soc/u_counter/g2_b5__258/O
                         net (fo=1, routed)           0.658    36.344    u_top/u_soc/u_soc/u_counter/u_aes_dec/dec_pt_q[95]_i_54_4
    SLICE_X31Y144        LUT6 (Prop_lut6_I1_O)        0.124    36.468 r  u_top/u_soc/u_soc/u_counter/u_aes_dec/p_0_out_inferred__94/g0_b0__269_i_34/O
                         net (fo=6, routed)           1.032    37.499    u_top/u_soc/u_soc/u_counter/p_0_in8_in[93]
    SLICE_X35Y127        LUT2 (Prop_lut2_I1_O)        0.124    37.623 r  u_top/u_soc/u_soc/u_counter/g0_b0__269_i_22/O
                         net (fo=5, routed)           0.918    38.541    u_top/u_soc/u_soc/u_counter/g0_b0__269_i_22_n_0
    SLICE_X36Y131        LUT2 (Prop_lut2_I1_O)        0.124    38.665 r  u_top/u_soc/u_soc/u_counter/g0_b0__269_i_10/O
                         net (fo=10, routed)          0.724    39.390    u_top/u_soc/u_soc/u_counter/g0_b0__269_i_10_n_0
    SLICE_X35Y132        LUT6 (Prop_lut6_I0_O)        0.124    39.514 r  u_top/u_soc/u_soc/u_counter/g0_b0__274_i_8/O
                         net (fo=1, routed)           0.487    40.000    u_top/u_soc/u_soc/u_counter/g0_b0__274_i_8_n_0
    SLICE_X35Y140        LUT6 (Prop_lut6_I5_O)        0.124    40.124 r  u_top/u_soc/u_soc/u_counter/g0_b0__274_i_1/O
                         net (fo=32, routed)          1.228    41.353    u_top/u_soc/u_soc/u_counter/g0_b0__274_i_1_n_0
    SLICE_X35Y144        LUT6 (Prop_lut6_I0_O)        0.124    41.477 r  u_top/u_soc/u_soc/u_counter/g3_b5__274/O
                         net (fo=2, routed)           0.857    42.334    u_top/u_soc/u_soc/u_counter/u_aes_dec/g0_b0__280_i_25
    SLICE_X35Y144        LUT6 (Prop_lut6_I0_O)        0.124    42.458 r  u_top/u_soc/u_soc/u_counter/u_aes_dec/p_0_out_inferred__110/g0_b0__280_i_56/O
                         net (fo=8, routed)           0.628    43.086    u_top/u_soc/u_soc/u_counter/p_0_in10_in[93]
    SLICE_X39Y143        LUT2 (Prop_lut2_I1_O)        0.124    43.210 r  u_top/u_soc/u_soc/u_counter/g0_b0__280_i_37/O
                         net (fo=4, routed)           0.671    43.881    u_top/u_soc/u_soc/u_counter/g0_b0__280_i_37_n_0
    SLICE_X41Y142        LUT4 (Prop_lut4_I2_O)        0.124    44.005 r  u_top/u_soc/u_soc/u_counter/g0_b0__285_i_12/O
                         net (fo=7, routed)           1.198    45.202    u_top/u_soc/u_soc/u_counter/g0_b0__285_i_12_n_0
    SLICE_X40Y139        LUT6 (Prop_lut6_I2_O)        0.124    45.326 r  u_top/u_soc/u_soc/u_counter/g0_b0__280_i_24/O
                         net (fo=1, routed)           0.287    45.614    u_top/u_soc/u_soc/u_counter/g0_b0__280_i_24_n_0
    SLICE_X43Y139        LUT4 (Prop_lut4_I3_O)        0.124    45.738 r  u_top/u_soc/u_soc/u_counter/g0_b0__280_i_5/O
                         net (fo=32, routed)          1.158    46.896    u_top/u_soc/u_soc/u_counter/g0_b0__280_i_5_n_0
    SLICE_X47Y130        LUT6 (Prop_lut6_I4_O)        0.124    47.020 r  u_top/u_soc/u_soc/u_counter/g0_b5__280/O
                         net (fo=1, routed)           1.027    48.047    u_top/u_soc/u_soc/u_counter/u_aes_dec/g0_b0__298_i_24_2
    SLICE_X53Y130        LUT6 (Prop_lut6_I5_O)        0.124    48.171 r  u_top/u_soc/u_soc/u_counter/u_aes_dec/p_0_out_inferred__116/g0_b0__298_i_27/O
                         net (fo=8, routed)           1.519    49.690    u_top/u_soc/u_soc/u_counter/p_0_in12_in[13]
    SLICE_X54Y114        LUT2 (Prop_lut2_I0_O)        0.124    49.814 r  u_top/u_soc/u_soc/u_counter/g0_b0__299_i_34/O
                         net (fo=3, routed)           0.657    50.471    u_top/u_soc/u_soc/u_counter/g0_b0__299_i_34_n_0
    SLICE_X51Y111        LUT2 (Prop_lut2_I1_O)        0.124    50.595 r  u_top/u_soc/u_soc/u_counter/g0_b0__299_i_19/O
                         net (fo=10, routed)          0.440    51.035    u_top/u_soc/u_soc/u_counter/g0_b0__299_i_19_n_0
    SLICE_X51Y112        LUT6 (Prop_lut6_I2_O)        0.124    51.159 r  u_top/u_soc/u_soc/u_counter/g0_b0__304_i_9/O
                         net (fo=1, routed)           0.404    51.563    u_top/u_soc/u_soc/u_counter/g0_b0__304_i_9_n_0
    SLICE_X51Y111        LUT3 (Prop_lut3_I2_O)        0.124    51.687 r  u_top/u_soc/u_soc/u_counter/g0_b0__304_i_2/O
                         net (fo=32, routed)          1.430    53.117    u_top/u_soc/u_soc/u_counter/g0_b0__304_i_2_n_0
    SLICE_X41Y110        LUT6 (Prop_lut6_I1_O)        0.124    53.241 r  u_top/u_soc/u_soc/u_counter/g0_b3__304/O
                         net (fo=1, routed)           0.000    53.241    u_top/u_soc/u_soc/u_counter/u_aes_dec/p_0_out_inferred__140/g0_b0__312_i_59_0
    SLICE_X41Y110        MUXF7 (Prop_muxf7_I0_O)      0.238    53.479 r  u_top/u_soc/u_soc/u_counter/u_aes_dec/p_0_out_inferred__140/g0_b0__312_i_101/O
                         net (fo=1, routed)           0.000    53.479    u_top/u_soc/u_soc/u_counter/u_aes_dec/p_0_out_inferred__140/g0_b0__312_i_101_n_0
    SLICE_X41Y110        MUXF8 (Prop_muxf8_I0_O)      0.104    53.583 r  u_top/u_soc/u_soc/u_counter/u_aes_dec/p_0_out_inferred__140/g0_b0__312_i_59/O
                         net (fo=8, routed)           1.049    54.633    u_top/u_soc/u_soc/u_counter/p_0_in14_in[75]
    SLICE_X41Y108        LUT2 (Prop_lut2_I0_O)        0.342    54.975 r  u_top/u_soc/u_soc/u_counter/g0_b0__317_i_28/O
                         net (fo=2, routed)           1.123    56.098    u_top/u_soc/u_soc/u_counter/g0_b0__317_i_28_n_0
    SLICE_X49Y105        LUT6 (Prop_lut6_I0_O)        0.332    56.430 r  u_top/u_soc/u_soc/u_counter/g0_b0__317_i_17/O
                         net (fo=1, routed)           0.851    57.281    u_top/u_soc/u_soc/u_counter/g0_b0__317_i_17_n_0
    SLICE_X49Y104        LUT6 (Prop_lut6_I3_O)        0.124    57.405 r  u_top/u_soc/u_soc/u_counter/g0_b0__317_i_4/O
                         net (fo=32, routed)          1.181    58.586    u_top/u_soc/u_soc/u_counter/g0_b0__317_i_4_n_0
    SLICE_X49Y98         LUT6 (Prop_lut6_I3_O)        0.124    58.710 r  u_top/u_soc/u_soc/u_counter/g3_b6__317/O
                         net (fo=1, routed)           0.664    59.374    u_top/u_soc/u_soc/u_counter/u_aes_dec/dec_pt_q_reg[54]_1
    SLICE_X48Y98         LUT6 (Prop_lut6_I0_O)        0.124    59.498 r  u_top/u_soc/u_soc/u_counter/u_aes_dec/p_0_out_inferred__153/dec_pt_q[54]_i_2/O
                         net (fo=1, routed)           0.484    59.982    u_top/u_soc/u_soc/u_counter/u_aes_dec_n_1720
    SLICE_X48Y98         LUT5 (Prop_lut5_I0_O)        0.124    60.106 r  u_top/u_soc/u_soc/u_counter/dec_pt_q[54]_i_1/O
                         net (fo=1, routed)           0.000    60.106    u_top/u_soc/u_soc/u_counter/dec_pt_q[54]_i_1_n_0
    SLICE_X48Y98         FDCE                                         r  u_top/u_soc/u_soc/u_counter/dec_pt_q_reg[54]/D
  -------------------------------------------------------------------    -------------------

                         (clock clk_w rise edge)     40.000    40.000 r  
    F14                                               0.000    40.000 r  clk100mhz (IN)
                         net (fo=0)                   0.000    40.000    u_pll/clk100mhz
    F14                  IBUF (Prop_ibuf_I_O)         1.388    41.388 r  u_pll/IBUF_IN/O
                         net (fo=1, routed)           1.181    42.569    u_pll/clkref_buffered_w
    PLLE2_ADV_X0Y1       PLLE2_ADV (Prop_plle2_adv_CLKIN1_CLKOUT2)
                                                     -6.594    35.975 r  u_pll/u_pll/CLKOUT2
                         net (fo=1, routed)           1.582    37.557    clk_w
    BUFGCTRL_X0Y16       BUFG (Prop_bufg_I_O)         0.091    37.648 r  clk_w_BUFG_inst/O
                         net (fo=4981, routed)        1.439    39.087    u_top/u_soc/u_soc/u_counter/clk_w_BUFG
    SLICE_X48Y98         FDCE                                         r  u_top/u_soc/u_soc/u_counter/dec_pt_q_reg[54]/C
                         clock pessimism             -0.456    38.631    
                         clock uncertainty           -0.099    38.531    
    SLICE_X48Y98         FDCE (Setup_fdce_C_D)        0.029    38.560    u_top/u_soc/u_soc/u_counter/dec_pt_q_reg[54]
  -------------------------------------------------------------------
                         required time                         38.560    
                         arrival time                         -60.106    
  -------------------------------------------------------------------
                         slack                                -21.546    

Slack (VIOLATED) :        -21.538ns  (required time - arrival time)
  Source:                 u_top/u_soc/u_soc/u_counter/aes_key_q_reg[80]/C
                            (rising edge-triggered cell FDCE clocked by clk_w  {rise@0.000ns fall@20.000ns period=40.000ns})
  Destination:            u_top/u_soc/u_soc/u_counter/dec_pt_q_reg[41]/D
                            (rising edge-triggered cell FDCE clocked by clk_w  {rise@0.000ns fall@20.000ns period=40.000ns})
  Path Group:             clk_w
  Path Type:              Setup (Max at Slow Process Corner)
  Requirement:            40.000ns  (clk_w rise@40.000ns - clk_w rise@0.000ns)
  Data Path Delay:        61.227ns  (logic 9.400ns (15.353%)  route 51.827ns (84.647%))
  Logic Levels:           64  (LUT2=12 LUT3=1 LUT4=8 LUT5=6 LUT6=33 MUXF7=2 MUXF8=2)
  Clock Path Skew:        -0.289ns (DCD - SCD + CPR)
    Destination Clock Delay (DCD):    -0.918ns = ( 39.082 - 40.000 ) 
    Source Clock Delay      (SCD):    -1.086ns
    Clock Pessimism Removal (CPR):    -0.456ns
  Clock Uncertainty:      0.099ns  ((TSJ^2 + DJ^2)^1/2) / 2 + PE
    Total System Jitter     (TSJ):    0.071ns
    Discrete Jitter          (DJ):    0.186ns
    Phase Error              (PE):    0.000ns

    Location             Delay type                Incr(ns)  Path(ns)    Netlist Resource(s)
  -------------------------------------------------------------------    -------------------
                         (clock clk_w rise edge)      0.000     0.000 r  
    F14                                               0.000     0.000 r  clk100mhz (IN)
                         net (fo=0)                   0.000     0.000    u_pll/clk100mhz
    F14                  IBUF (Prop_ibuf_I_O)         1.458     1.458 r  u_pll/IBUF_IN/O
                         net (fo=1, routed)           1.253     2.712    u_pll/clkref_buffered_w
    PLLE2_ADV_X0Y1       PLLE2_ADV (Prop_plle2_adv_CLKIN1_CLKOUT2)
                                                     -7.284    -4.572 r  u_pll/u_pll/CLKOUT2
                         net (fo=1, routed)           1.660    -2.912    clk_w
    BUFGCTRL_X0Y16       BUFG (Prop_bufg_I_O)         0.096    -2.816 r  clk_w_BUFG_inst/O
                         net (fo=4981, routed)        1.730    -1.086    u_top/u_soc/u_soc/u_counter/clk_w_BUFG
    SLICE_X16Y116        FDCE                                         r  u_top/u_soc/u_soc/u_counter/aes_key_q_reg[80]/C
  -------------------------------------------------------------------    -------------------
    SLICE_X16Y116        FDCE (Prop_fdce_C_Q)         0.456    -0.630 r  u_top/u_soc/u_soc/u_counter/aes_key_q_reg[80]/Q
                         net (fo=95, routed)          0.781     0.151    u_top/u_soc/u_soc/u_counter/aes_key_q[80]
    SLICE_X22Y113        LUT4 (Prop_lut4_I3_O)        0.124     0.275 r  u_top/u_soc/u_soc/u_counter/g0_b0__166_i_1/O
                         net (fo=33, routed)          1.273     1.549    u_top/u_soc/u_soc/u_counter/(null)[4].w[16]
    SLICE_X24Y111        LUT6 (Prop_lut6_I0_O)        0.124     1.673 r  u_top/u_soc/u_soc/u_counter/g1_b2__166/O
                         net (fo=1, routed)           0.000     1.673    u_top/u_soc/u_soc/u_counter/u_aes_dec/g0_b0__182_i_2_0
    SLICE_X24Y111        MUXF7 (Prop_muxf7_I1_O)      0.245     1.918 r  u_top/u_soc/u_soc/u_counter/u_aes_dec/p_0_out_inferred__2/g0_b0__178_i_9/O
                         net (fo=3, routed)           0.000     1.918    u_top/u_soc/u_soc/u_counter/u_aes_dec/aes_key_q_reg[54]_3
    SLICE_X24Y111        MUXF8 (Prop_muxf8_I0_O)      0.104     2.022 r  u_top/u_soc/u_soc/u_counter/u_aes_dec/p_0_out_inferred__2/g0_b0__170_i_9/O
                         net (fo=2, routed)           0.670     2.692    u_top/u_soc/u_soc/u_counter/subword0_return0[2]
    SLICE_X26Y112        LUT5 (Prop_lut5_I1_O)        0.316     3.008 r  u_top/u_soc/u_soc/u_counter/g0_b0__170_i_3/O
                         net (fo=32, routed)          1.349     4.357    u_top/u_soc/u_soc/u_counter/(null)[9].(null)[0].a17[26]
    SLICE_X32Y111        LUT6 (Prop_lut6_I2_O)        0.124     4.481 r  u_top/u_soc/u_soc/u_counter/g3_b5__170/O
                         net (fo=2, routed)           0.859     5.340    u_top/u_soc/u_soc/u_counter/u_aes_dec/g0_b0__192_i_39_5
    SLICE_X32Y111        LUT6 (Prop_lut6_I0_O)        0.124     5.464 r  u_top/u_soc/u_soc/u_counter/u_aes_dec/p_0_out_inferred__6/g0_b0__186_i_67/O
                         net (fo=6, routed)           1.180     6.644    u_top/u_soc/u_soc/u_counter/(null)[9].(null)[0].a4[5]
    SLICE_X25Y108        LUT6 (Prop_lut6_I2_O)        0.124     6.768 r  u_top/u_soc/u_soc/u_counter/g0_b0__186_i_24/O
                         net (fo=8, routed)           0.734     7.501    u_top/u_soc/u_soc/u_counter/g0_b0__186_i_24_n_0
    SLICE_X24Y104        LUT5 (Prop_lut5_I1_O)        0.124     7.625 r  u_top/u_soc/u_soc/u_counter/g0_b0__187_i_35/O
                         net (fo=1, routed)           0.797     8.422    u_top/u_soc/u_soc/u_counter/g0_b0__187_i_35_n_0
    SLICE_X23Y103        LUT6 (Prop_lut6_I4_O)        0.124     8.546 r  u_top/u_soc/u_soc/u_counter/g0_b0__187_i_19/O
                         net (fo=1, routed)           0.775     9.321    u_top/u_soc/u_soc/u_counter/g0_b0__187_i_19_n_0
    SLICE_X21Y103        LUT5 (Prop_lut5_I4_O)        0.124     9.445 r  u_top/u_soc/u_soc/u_counter/g0_b0__187_i_4/O
                         net (fo=32, routed)          1.739    11.184    u_top/u_soc/u_soc/u_counter/(null)[9].(null)[0].a172606_out[3]
    SLICE_X2Y103         LUT6 (Prop_lut6_I3_O)        0.124    11.308 r  u_top/u_soc/u_soc/u_counter/g3_b6__187/O
                         net (fo=2, routed)           0.774    12.081    u_top/u_soc/u_soc/u_counter/u_aes_dec/g0_b0__240_i_44_2
    SLICE_X2Y104         LUT6 (Prop_lut6_I0_O)        0.124    12.205 r  u_top/u_soc/u_soc/u_counter/u_aes_dec/p_0_out_inferred__23/g0_b0__201_i_7/O
                         net (fo=10, routed)          0.778    12.984    u_top/u_soc/u_soc/u_counter/p_0_in0_in[38]
    SLICE_X2Y108         LUT2 (Prop_lut2_I0_O)        0.124    13.108 r  u_top/u_soc/u_soc/u_counter/g0_b0__206_i_13/O
                         net (fo=4, routed)           0.704    13.811    u_top/u_soc/u_soc/u_counter/g0_b0__206_i_13_n_0
    SLICE_X2Y111         LUT2 (Prop_lut2_I0_O)        0.124    13.935 r  u_top/u_soc/u_soc/u_counter/g0_b0__201_i_51/O
                         net (fo=2, routed)           1.092    15.027    u_top/u_soc/u_soc/u_counter/g0_b0__201_i_51_n_0
    SLICE_X4Y115         LUT6 (Prop_lut6_I2_O)        0.124    15.151 r  u_top/u_soc/u_soc/u_counter/g0_b0__201_i_19/O
                         net (fo=1, routed)           0.722    15.873    u_top/u_soc/u_soc/u_counter/g0_b0__201_i_19_n_0
    SLICE_X4Y116         LUT6 (Prop_lut6_I5_O)        0.124    15.997 r  u_top/u_soc/u_soc/u_counter/g0_b0__201_i_3/O
                         net (fo=32, routed)          1.300    17.296    u_top/u_soc/u_soc/u_counter/g0_b0__201_i_3_n_0
    SLICE_X3Y121         LUT6 (Prop_lut6_I2_O)        0.124    17.420 r  u_top/u_soc/u_soc/u_counter/g2_b5__201/O
                         net (fo=1, routed)           0.769    18.190    u_top/u_soc/u_soc/u_counter/u_aes_dec/g0_b0__219_i_22_0
    SLICE_X4Y121         LUT6 (Prop_lut6_I1_O)        0.124    18.314 r  u_top/u_soc/u_soc/u_counter/u_aes_dec/p_0_out_inferred__37/g0_b0__219_i_41/O
                         net (fo=6, routed)           0.849    19.163    u_top/u_soc/u_soc/u_counter/p_0_in2_in[21]
    SLICE_X13Y121        LUT2 (Prop_lut2_I1_O)        0.124    19.287 r  u_top/u_soc/u_soc/u_counter/g0_b0__218_i_32/O
                         net (fo=4, routed)           0.179    19.466    u_top/u_soc/u_soc/u_counter/g0_b0__218_i_32_n_0
    SLICE_X13Y121        LUT2 (Prop_lut2_I0_O)        0.124    19.590 r  u_top/u_soc/u_soc/u_counter/g0_b0__218_i_9/O
                         net (fo=4, routed)           0.482    20.071    u_top/u_soc/u_soc/u_counter/g0_b0__218_i_9_n_0
    SLICE_X17Y122        LUT2 (Prop_lut2_I1_O)        0.124    20.195 r  u_top/u_soc/u_soc/u_counter/g0_b0__229_i_17/O
                         net (fo=6, routed)           0.593    20.789    u_top/u_soc/u_soc/u_counter/g0_b0__229_i_17_n_0
    SLICE_X21Y123        LUT6 (Prop_lut6_I2_O)        0.124    20.913 r  u_top/u_soc/u_soc/u_counter/g0_b0__218_i_19/O
                         net (fo=1, routed)           0.492    21.405    u_top/u_soc/u_soc/u_counter/g0_b0__218_i_19_n_0
    SLICE_X19Y123        LUT6 (Prop_lut6_I5_O)        0.124    21.529 r  u_top/u_soc/u_soc/u_counter/g0_b0__218_i_4/O
                         net (fo=32, routed)          1.284    22.812    u_top/u_soc/u_soc/u_counter/g0_b0__218_i_4_n_0
    SLICE_X17Y136        LUT6 (Prop_lut6_I3_O)        0.124    22.936 r  u_top/u_soc/u_soc/u_counter/g3_b5__218/O
                         net (fo=2, routed)           1.172    24.108    u_top/u_soc/u_soc/u_counter/u_aes_dec/g0_b0__249_i_91_6
    SLICE_X17Y138        LUT6 (Prop_lut6_I0_O)        0.124    24.232 r  u_top/u_soc/u_soc/u_counter/u_aes_dec/p_0_out_inferred__54/g0_b0__240_i_25/O
                         net (fo=6, routed)           0.473    24.705    u_top/u_soc/u_soc/u_counter/p_0_in4_in[29]
    SLICE_X17Y140        LUT2 (Prop_lut2_I1_O)        0.124    24.829 r  u_top/u_soc/u_soc/u_counter/g0_b0__234_i_25/O
                         net (fo=4, routed)           0.824    25.653    u_top/u_soc/u_soc/u_counter/g0_b0__234_i_25_n_0
    SLICE_X15Y134        LUT4 (Prop_lut4_I0_O)        0.124    25.777 r  u_top/u_soc/u_soc/u_counter/g0_b0__234_i_7/O
                         net (fo=8, routed)           1.047    26.824    u_top/u_soc/u_soc/u_counter/g0_b0__234_i_7_n_0
    SLICE_X22Y128        LUT5 (Prop_lut5_I1_O)        0.124    26.948 r  u_top/u_soc/u_soc/u_counter/g0_b0__240_i_23/O
                         net (fo=1, routed)           1.188    28.136    u_top/u_soc/u_soc/u_counter/g0_b0__240_i_23_n_0
    SLICE_X23Y132        LUT6 (Prop_lut6_I1_O)        0.124    28.260 r  u_top/u_soc/u_soc/u_counter/g0_b0__240_i_14/O
                         net (fo=1, routed)           0.348    28.608    u_top/u_soc/u_soc/u_counter/g0_b0__240_i_14_n_0
    SLICE_X22Y132        LUT4 (Prop_lut4_I3_O)        0.124    28.732 r  u_top/u_soc/u_soc/u_counter/g0_b0__240_i_4/O
                         net (fo=32, routed)          0.883    29.615    u_top/u_soc/u_soc/u_counter/g0_b0__240_i_4_n_0
    SLICE_X23Y135        LUT6 (Prop_lut6_I3_O)        0.124    29.739 r  u_top/u_soc/u_soc/u_counter/g1_b5__240/O
                         net (fo=1, routed)           1.022    30.761    u_top/u_soc/u_soc/u_counter/u_aes_dec/g0_b0__258_i_19_1
    SLICE_X24Y135        LUT6 (Prop_lut6_I3_O)        0.124    30.885 r  u_top/u_soc/u_soc/u_counter/u_aes_dec/p_0_out_inferred__76/g0_b0__258_i_26/O
                         net (fo=7, routed)           0.631    31.516    u_top/u_soc/u_soc/u_counter/p_0_in6_in[77]
    SLICE_X30Y135        LUT2 (Prop_lut2_I0_O)        0.124    31.640 r  u_top/u_soc/u_soc/u_counter/g0_b0__253_i_23/O
                         net (fo=3, routed)           0.516    32.156    u_top/u_soc/u_soc/u_counter/g0_b0__253_i_23_n_0
    SLICE_X29Y135        LUT2 (Prop_lut2_I1_O)        0.124    32.280 r  u_top/u_soc/u_soc/u_counter/g0_b0__259_i_9/O
                         net (fo=8, routed)           0.485    32.765    u_top/u_soc/u_soc/u_counter/g0_b0__259_i_9_n_0
    SLICE_X29Y135        LUT2 (Prop_lut2_I0_O)        0.124    32.889 r  u_top/u_soc/u_soc/u_counter/g0_b0__248_i_8/O
                         net (fo=9, routed)           0.865    33.754    u_top/u_soc/u_soc/u_counter/g0_b0__248_i_8_n_0
    SLICE_X29Y139        LUT6 (Prop_lut6_I1_O)        0.124    33.878 r  u_top/u_soc/u_soc/u_counter/g0_b0__258_i_9/O
                         net (fo=1, routed)           0.433    34.311    u_top/u_soc/u_soc/u_counter/g0_b0__258_i_9_n_0
    SLICE_X29Y139        LUT4 (Prop_lut4_I3_O)        0.124    34.435 r  u_top/u_soc/u_soc/u_counter/g0_b0__258_i_1/O
                         net (fo=32, routed)          1.088    35.523    u_top/u_soc/u_soc/u_counter/g0_b0__258_i_1_n_0
    SLICE_X30Y137        LUT6 (Prop_lut6_I0_O)        0.124    35.647 r  u_top/u_soc/u_soc/u_counter/g3_b0__258/O
                         net (fo=1, routed)           0.000    35.647    u_top/u_soc/u_soc/u_counter/u_aes_dec/p_0_out_inferred__94/g0_b0__264_i_24_1
    SLICE_X30Y137        MUXF7 (Prop_muxf7_I1_O)      0.214    35.861 r  u_top/u_soc/u_soc/u_counter/u_aes_dec/p_0_out_inferred__94/g0_b0__264_i_50/O
                         net (fo=1, routed)           0.000    35.861    u_top/u_soc/u_soc/u_counter/u_aes_dec/p_0_out_inferred__94/g0_b0__264_i_50_n_0
    SLICE_X30Y137        MUXF8 (Prop_muxf8_I1_O)      0.088    35.949 r  u_top/u_soc/u_soc/u_counter/u_aes_dec/p_0_out_inferred__94/g0_b0__264_i_24/O
                         net (fo=4, routed)           1.092    37.041    u_top/u_soc/u_soc/u_counter/p_0_in8_in[88]
    SLICE_X32Y130        LUT2 (Prop_lut2_I1_O)        0.344    37.385 r  u_top/u_soc/u_soc/u_counter/g0_b0__264_i_29/O
                         net (fo=8, routed)           0.768    38.154    u_top/u_soc/u_soc/u_counter/g0_b0__264_i_29_n_0
    SLICE_X31Y125        LUT6 (Prop_lut6_I3_O)        0.332    38.486 r  u_top/u_soc/u_soc/u_counter/g0_b0__275_i_27/O
                         net (fo=1, routed)           0.819    39.305    u_top/u_soc/u_soc/u_counter/g0_b0__275_i_27_n_0
    SLICE_X31Y126        LUT4 (Prop_lut4_I3_O)        0.124    39.429 r  u_top/u_soc/u_soc/u_counter/g0_b0__275_i_20/O
                         net (fo=1, routed)           0.628    40.058    u_top/u_soc/u_soc/u_counter/g0_b0__275_i_20_n_0
    SLICE_X34Y124        LUT6 (Prop_lut6_I5_O)        0.124    40.182 r  u_top/u_soc/u_soc/u_counter/g0_b0__275_i_11/O
                         net (fo=1, routed)           1.049    41.230    u_top/u_soc/u_soc/u_counter/g0_b0__275_i_11_n_0
    SLICE_X36Y134        LUT4 (Prop_lut4_I3_O)        0.124    41.354 r  u_top/u_soc/u_soc/u_counter/g0_b0__275_i_4/O
                         net (fo=32, routed)          1.115    42.469    u_top/u_soc/u_soc/u_counter/g0_b0__275_i_4_n_0
    SLICE_X40Y139        LUT6 (Prop_lut6_I3_O)        0.124    42.593 r  u_top/u_soc/u_soc/u_counter/g3_b6__275/O
                         net (fo=1, routed)           0.841    43.435    u_top/u_soc/u_soc/u_counter/u_aes_dec/g0_b0__297_i_77
    SLICE_X42Y139        LUT6 (Prop_lut6_I0_O)        0.124    43.559 r  u_top/u_soc/u_soc/u_counter/u_aes_dec/p_0_out_inferred__111/g0_b0__279_i_38/O
                         net (fo=7, routed)           0.907    44.466    u_top/u_soc/u_soc/u_counter/p_0_in10_in[102]
    SLICE_X47Y135        LUT4 (Prop_lut4_I0_O)        0.124    44.590 r  u_top/u_soc/u_soc/u_counter/g0_b0__279_i_12/O
                         net (fo=8, routed)           1.009    45.598    u_top/u_soc/u_soc/u_counter/g0_b0__279_i_12_n_0
    SLICE_X47Y131        LUT5 (Prop_lut5_I3_O)        0.124    45.722 r  u_top/u_soc/u_soc/u_counter/g0_b0__284_i_3/O
                         net (fo=32, routed)          1.470    47.193    u_top/u_soc/u_soc/u_counter/g0_b0__284_i_3_n_0
    SLICE_X54Y129        LUT6 (Prop_lut6_I2_O)        0.124    47.317 r  u_top/u_soc/u_soc/u_counter/g0_b5__284/O
                         net (fo=1, routed)           0.790    48.107    u_top/u_soc/u_soc/u_counter/u_aes_dec/g0_b0__302_i_23_2
    SLICE_X53Y129        LUT6 (Prop_lut6_I5_O)        0.124    48.231 r  u_top/u_soc/u_soc/u_counter/u_aes_dec/p_0_out_inferred__120/g0_b0__302_i_27/O
                         net (fo=7, routed)           1.048    49.279    u_top/u_soc/u_soc/u_counter/p_0_in12_in[45]
    SLICE_X53Y122        LUT2 (Prop_lut2_I0_O)        0.154    49.433 r  u_top/u_soc/u_soc/u_counter/g0_b0__297_i_65/O
                         net (fo=4, routed)           0.851    50.283    u_top/u_soc/u_soc/u_counter/g0_b0__297_i_65_n_0
    SLICE_X52Y118        LUT4 (Prop_lut4_I2_O)        0.327    50.610 r  u_top/u_soc/u_soc/u_counter/g0_b0__297_i_25/O
                         net (fo=7, routed)           0.773    51.383    u_top/u_soc/u_soc/u_counter/g0_b0__297_i_25_n_0
    SLICE_X49Y118        LUT6 (Prop_lut6_I1_O)        0.124    51.507 r  u_top/u_soc/u_soc/u_counter/g0_b0__308_i_14/O
                         net (fo=1, routed)           0.556    52.063    u_top/u_soc/u_soc/u_counter/g0_b0__308_i_14_n_0
    SLICE_X49Y115        LUT5 (Prop_lut5_I1_O)        0.124    52.187 r  u_top/u_soc/u_soc/u_counter/g0_b0__308_i_4/O
                         net (fo=32, routed)          1.732    53.919    u_top/u_soc/u_soc/u_counter/g0_b0__308_i_4_n_0
    SLICE_X52Y97         LUT6 (Prop_lut6_I3_O)        0.124    54.043 r  u_top/u_soc/u_soc/u_counter/g3_b6__308/O
                         net (fo=1, routed)           0.789    54.832    u_top/u_soc/u_soc/u_counter/u_aes_dec/dec_pt_q[47]_i_9_3
    SLICE_X51Y97         LUT6 (Prop_lut6_I0_O)        0.124    54.956 r  u_top/u_soc/u_soc/u_counter/u_aes_dec/p_0_out_inferred__144/g0_b0__321_i_18/O
                         net (fo=6, routed)           0.608    55.564    u_top/u_soc/u_soc/u_counter/p_0_in14_in[110]
    SLICE_X51Y96         LUT2 (Prop_lut2_I0_O)        0.124    55.688 r  u_top/u_soc/u_soc/u_counter/g0_b0__321_i_10/O
                         net (fo=4, routed)           0.491    56.179    u_top/u_soc/u_soc/u_counter/g0_b0__321_i_10_n_0
    SLICE_X50Y95         LUT3 (Prop_lut3_I2_O)        0.124    56.303 r  u_top/u_soc/u_soc/u_counter/g0_b0__311_i_15/O
                         net (fo=8, routed)           0.834    57.138    u_top/u_soc/u_soc/u_counter/g0_b0__311_i_15_n_0
    SLICE_X46Y94         LUT6 (Prop_lut6_I4_O)        0.124    57.262 r  u_top/u_soc/u_soc/u_counter/g0_b0__316_i_3/O
                         net (fo=32, routed)          1.257    58.519    u_top/u_soc/u_soc/u_counter/g0_b0__316_i_3_n_0
    SLICE_X46Y90         LUT6 (Prop_lut6_I2_O)        0.124    58.643 r  u_top/u_soc/u_soc/u_counter/g0_b1__316/O
                         net (fo=1, routed)           0.571    59.213    u_top/u_soc/u_soc/u_counter/u_aes_dec/dec_pt_q_reg[41]_0
    SLICE_X46Y92         LUT6 (Prop_lut6_I5_O)        0.124    59.337 r  u_top/u_soc/u_soc/u_counter/u_aes_dec/p_0_out_inferred__152/dec_pt_q[41]_i_3/O
                         net (fo=1, routed)           0.680    60.017    u_top/u_soc/u_soc/u_counter/u_aes_dec_n_1693
    SLICE_X46Y92         LUT6 (Prop_lut6_I1_O)        0.124    60.141 r  u_top/u_soc/u_soc/u_counter/dec_pt_q[41]_i_1_comp/O
                         net (fo=1, routed)           0.000    60.141    u_top/u_soc/u_soc/u_counter/dec_pt_q[41]_i_1_n_0
    SLICE_X46Y92         FDCE                                         r  u_top/u_soc/u_soc/u_counter/dec_pt_q_reg[41]/D
  -------------------------------------------------------------------    -------------------

                         (clock clk_w rise edge)     40.000    40.000 r  
    F14                                               0.000    40.000 r  clk100mhz (IN)
                         net (fo=0)                   0.000    40.000    u_pll/clk100mhz
    F14                  IBUF (Prop_ibuf_I_O)         1.388    41.388 r  u_pll/IBUF_IN/O
                         net (fo=1, routed)           1.181    42.569    u_pll/clkref_buffered_w
    PLLE2_ADV_X0Y1       PLLE2_ADV (Prop_plle2_adv_CLKIN1_CLKOUT2)
                                                     -6.594    35.975 r  u_pll/u_pll/CLKOUT2
                         net (fo=1, routed)           1.582    37.557    clk_w
    BUFGCTRL_X0Y16       BUFG (Prop_bufg_I_O)         0.091    37.648 r  clk_w_BUFG_inst/O
                         net (fo=4981, routed)        1.434    39.082    u_top/u_soc/u_soc/u_counter/clk_w_BUFG
    SLICE_X46Y92         FDCE                                         r  u_top/u_soc/u_soc/u_counter/dec_pt_q_reg[41]/C
                         clock pessimism             -0.456    38.626    
                         clock uncertainty           -0.099    38.526    
    SLICE_X46Y92         FDCE (Setup_fdce_C_D)        0.077    38.603    u_top/u_soc/u_soc/u_counter/dec_pt_q_reg[41]
  -------------------------------------------------------------------
                         required time                         38.603    
                         arrival time                         -60.141    
  -------------------------------------------------------------------
                         slack                                -21.538    

Slack (VIOLATED) :        -21.535ns  (required time - arrival time)
  Source:                 u_top/u_soc/u_soc/u_counter/aes_key_q_reg[80]/C
                            (rising edge-triggered cell FDCE clocked by clk_w  {rise@0.000ns fall@20.000ns period=40.000ns})
  Destination:            u_top/u_soc/u_soc/u_counter/dec_pt_q_reg[120]/D
                            (rising edge-triggered cell FDCE clocked by clk_w  {rise@0.000ns fall@20.000ns period=40.000ns})
  Path Group:             clk_w
  Path Type:              Setup (Max at Slow Process Corner)
  Requirement:            40.000ns  (clk_w rise@40.000ns - clk_w rise@0.000ns)
  Data Path Delay:        61.230ns  (logic 9.400ns (15.352%)  route 51.830ns (84.648%))
  Logic Levels:           64  (LUT2=12 LUT4=9 LUT5=7 LUT6=32 MUXF7=2 MUXF8=2)
  Clock Path Skew:        -0.283ns (DCD - SCD + CPR)
    Destination Clock Delay (DCD):    -0.912ns = ( 39.088 - 40.000 ) 
    Source Clock Delay      (SCD):    -1.086ns
    Clock Pessimism Removal (CPR):    -0.456ns
  Clock Uncertainty:      0.099ns  ((TSJ^2 + DJ^2)^1/2) / 2 + PE
    Total System Jitter     (TSJ):    0.071ns
    Discrete Jitter          (DJ):    0.186ns
    Phase Error              (PE):    0.000ns

    Location             Delay type                Incr(ns)  Path(ns)    Netlist Resource(s)
  -------------------------------------------------------------------    -------------------
                         (clock clk_w rise edge)      0.000     0.000 r  
    F14                                               0.000     0.000 r  clk100mhz (IN)
                         net (fo=0)                   0.000     0.000    u_pll/clk100mhz
    F14                  IBUF (Prop_ibuf_I_O)         1.458     1.458 r  u_pll/IBUF_IN/O
                         net (fo=1, routed)           1.253     2.712    u_pll/clkref_buffered_w
    PLLE2_ADV_X0Y1       PLLE2_ADV (Prop_plle2_adv_CLKIN1_CLKOUT2)
                                                     -7.284    -4.572 r  u_pll/u_pll/CLKOUT2
                         net (fo=1, routed)           1.660    -2.912    clk_w
    BUFGCTRL_X0Y16       BUFG (Prop_bufg_I_O)         0.096    -2.816 r  clk_w_BUFG_inst/O
                         net (fo=4981, routed)        1.730    -1.086    u_top/u_soc/u_soc/u_counter/clk_w_BUFG
    SLICE_X16Y116        FDCE                                         r  u_top/u_soc/u_soc/u_counter/aes_key_q_reg[80]/C
  -------------------------------------------------------------------    -------------------
    SLICE_X16Y116        FDCE (Prop_fdce_C_Q)         0.456    -0.630 r  u_top/u_soc/u_soc/u_counter/aes_key_q_reg[80]/Q
                         net (fo=95, routed)          0.781     0.151    u_top/u_soc/u_soc/u_counter/aes_key_q[80]
    SLICE_X22Y113        LUT4 (Prop_lut4_I3_O)        0.124     0.275 r  u_top/u_soc/u_soc/u_counter/g0_b0__166_i_1/O
                         net (fo=33, routed)          1.273     1.549    u_top/u_soc/u_soc/u_counter/(null)[4].w[16]
    SLICE_X24Y111        LUT6 (Prop_lut6_I0_O)        0.124     1.673 r  u_top/u_soc/u_soc/u_counter/g1_b2__166/O
                         net (fo=1, routed)           0.000     1.673    u_top/u_soc/u_soc/u_counter/u_aes_dec/g0_b0__182_i_2_0
    SLICE_X24Y111        MUXF7 (Prop_muxf7_I1_O)      0.245     1.918 r  u_top/u_soc/u_soc/u_counter/u_aes_dec/p_0_out_inferred__2/g0_b0__178_i_9/O
                         net (fo=3, routed)           0.000     1.918    u_top/u_soc/u_soc/u_counter/u_aes_dec/aes_key_q_reg[54]_3
    SLICE_X24Y111        MUXF8 (Prop_muxf8_I0_O)      0.104     2.022 r  u_top/u_soc/u_soc/u_counter/u_aes_dec/p_0_out_inferred__2/g0_b0__170_i_9/O
                         net (fo=2, routed)           0.670     2.692    u_top/u_soc/u_soc/u_counter/subword0_return0[2]
    SLICE_X26Y112        LUT5 (Prop_lut5_I1_O)        0.316     3.008 r  u_top/u_soc/u_soc/u_counter/g0_b0__170_i_3/O
                         net (fo=32, routed)          1.349     4.357    u_top/u_soc/u_soc/u_counter/(null)[9].(null)[0].a17[26]
    SLICE_X32Y111        LUT6 (Prop_lut6_I2_O)        0.124     4.481 r  u_top/u_soc/u_soc/u_counter/g3_b5__170/O
                         net (fo=2, routed)           0.859     5.340    u_top/u_soc/u_soc/u_counter/u_aes_dec/g0_b0__192_i_39_5
    SLICE_X32Y111        LUT6 (Prop_lut6_I0_O)        0.124     5.464 r  u_top/u_soc/u_soc/u_counter/u_aes_dec/p_0_out_inferred__6/g0_b0__186_i_67/O
                         net (fo=6, routed)           1.180     6.644    u_top/u_soc/u_soc/u_counter/(null)[9].(null)[0].a4[5]
    SLICE_X25Y108        LUT6 (Prop_lut6_I2_O)        0.124     6.768 r  u_top/u_soc/u_soc/u_counter/g0_b0__186_i_24/O
                         net (fo=8, routed)           0.734     7.501    u_top/u_soc/u_soc/u_counter/g0_b0__186_i_24_n_0
    SLICE_X24Y104        LUT5 (Prop_lut5_I1_O)        0.124     7.625 r  u_top/u_soc/u_soc/u_counter/g0_b0__187_i_35/O
                         net (fo=1, routed)           0.797     8.422    u_top/u_soc/u_soc/u_counter/g0_b0__187_i_35_n_0
    SLICE_X23Y103        LUT6 (Prop_lut6_I4_O)        0.124     8.546 r  u_top/u_soc/u_soc/u_counter/g0_b0__187_i_19/O
                         net (fo=1, routed)           0.775     9.321    u_top/u_soc/u_soc/u_counter/g0_b0__187_i_19_n_0
    SLICE_X21Y103        LUT5 (Prop_lut5_I4_O)        0.124     9.445 r  u_top/u_soc/u_soc/u_counter/g0_b0__187_i_4/O
                         net (fo=32, routed)          1.739    11.184    u_top/u_soc/u_soc/u_counter/(null)[9].(null)[0].a172606_out[3]
    SLICE_X2Y103         LUT6 (Prop_lut6_I3_O)        0.124    11.308 r  u_top/u_soc/u_soc/u_counter/g3_b6__187/O
                         net (fo=2, routed)           0.774    12.081    u_top/u_soc/u_soc/u_counter/u_aes_dec/g0_b0__240_i_44_2
    SLICE_X2Y104         LUT6 (Prop_lut6_I0_O)        0.124    12.205 r  u_top/u_soc/u_soc/u_counter/u_aes_dec/p_0_out_inferred__23/g0_b0__201_i_7/O
                         net (fo=10, routed)          0.778    12.984    u_top/u_soc/u_soc/u_counter/p_0_in0_in[38]
    SLICE_X2Y108         LUT2 (Prop_lut2_I0_O)        0.124    13.108 r  u_top/u_soc/u_soc/u_counter/g0_b0__206_i_13/O
                         net (fo=4, routed)           0.704    13.811    u_top/u_soc/u_soc/u_counter/g0_b0__206_i_13_n_0
    SLICE_X2Y111         LUT2 (Prop_lut2_I0_O)        0.124    13.935 r  u_top/u_soc/u_soc/u_counter/g0_b0__201_i_51/O
                         net (fo=2, routed)           1.092    15.027    u_top/u_soc/u_soc/u_counter/g0_b0__201_i_51_n_0
    SLICE_X4Y115         LUT6 (Prop_lut6_I2_O)        0.124    15.151 r  u_top/u_soc/u_soc/u_counter/g0_b0__201_i_19/O
                         net (fo=1, routed)           0.722    15.873    u_top/u_soc/u_soc/u_counter/g0_b0__201_i_19_n_0
    SLICE_X4Y116         LUT6 (Prop_lut6_I5_O)        0.124    15.997 r  u_top/u_soc/u_soc/u_counter/g0_b0__201_i_3/O
                         net (fo=32, routed)          1.300    17.296    u_top/u_soc/u_soc/u_counter/g0_b0__201_i_3_n_0
    SLICE_X3Y121         LUT6 (Prop_lut6_I2_O)        0.124    17.420 r  u_top/u_soc/u_soc/u_counter/g2_b5__201/O
                         net (fo=1, routed)           0.769    18.190    u_top/u_soc/u_soc/u_counter/u_aes_dec/g0_b0__219_i_22_0
    SLICE_X4Y121         LUT6 (Prop_lut6_I1_O)        0.124    18.314 r  u_top/u_soc/u_soc/u_counter/u_aes_dec/p_0_out_inferred__37/g0_b0__219_i_41/O
                         net (fo=6, routed)           0.849    19.163    u_top/u_soc/u_soc/u_counter/p_0_in2_in[21]
    SLICE_X13Y121        LUT2 (Prop_lut2_I1_O)        0.124    19.287 r  u_top/u_soc/u_soc/u_counter/g0_b0__218_i_32/O
                         net (fo=4, routed)           0.179    19.466    u_top/u_soc/u_soc/u_counter/g0_b0__218_i_32_n_0
    SLICE_X13Y121        LUT2 (Prop_lut2_I0_O)        0.124    19.590 r  u_top/u_soc/u_soc/u_counter/g0_b0__218_i_9/O
                         net (fo=4, routed)           0.482    20.071    u_top/u_soc/u_soc/u_counter/g0_b0__218_i_9_n_0
    SLICE_X17Y122        LUT2 (Prop_lut2_I1_O)        0.124    20.195 r  u_top/u_soc/u_soc/u_counter/g0_b0__229_i_17/O
                         net (fo=6, routed)           0.593    20.789    u_top/u_soc/u_soc/u_counter/g0_b0__229_i_17_n_0
    SLICE_X21Y123        LUT6 (Prop_lut6_I2_O)        0.124    20.913 r  u_top/u_soc/u_soc/u_counter/g0_b0__218_i_19/O
                         net (fo=1, routed)           0.492    21.405    u_top/u_soc/u_soc/u_counter/g0_b0__218_i_19_n_0
    SLICE_X19Y123        LUT6 (Prop_lut6_I5_O)        0.124    21.529 r  u_top/u_soc/u_soc/u_counter/g0_b0__218_i_4/O
                         net (fo=32, routed)          1.284    22.812    u_top/u_soc/u_soc/u_counter/g0_b0__218_i_4_n_0
    SLICE_X17Y136        LUT6 (Prop_lut6_I3_O)        0.124    22.936 r  u_top/u_soc/u_soc/u_counter/g3_b5__218/O
                         net (fo=2, routed)           1.172    24.108    u_top/u_soc/u_soc/u_counter/u_aes_dec/g0_b0__249_i_91_6
    SLICE_X17Y138        LUT6 (Prop_lut6_I0_O)        0.124    24.232 r  u_top/u_soc/u_soc/u_counter/u_aes_dec/p_0_out_inferred__54/g0_b0__240_i_25/O
                         net (fo=6, routed)           0.473    24.705    u_top/u_soc/u_soc/u_counter/p_0_in4_in[29]
    SLICE_X17Y140        LUT2 (Prop_lut2_I1_O)        0.124    24.829 r  u_top/u_soc/u_soc/u_counter/g0_b0__234_i_25/O
                         net (fo=4, routed)           0.824    25.653    u_top/u_soc/u_soc/u_counter/g0_b0__234_i_25_n_0
    SLICE_X15Y134        LUT4 (Prop_lut4_I0_O)        0.124    25.777 r  u_top/u_soc/u_soc/u_counter/g0_b0__234_i_7/O
                         net (fo=8, routed)           1.047    26.824    u_top/u_soc/u_soc/u_counter/g0_b0__234_i_7_n_0
    SLICE_X22Y128        LUT5 (Prop_lut5_I1_O)        0.124    26.948 r  u_top/u_soc/u_soc/u_counter/g0_b0__240_i_23/O
                         net (fo=1, routed)           1.188    28.136    u_top/u_soc/u_soc/u_counter/g0_b0__240_i_23_n_0
    SLICE_X23Y132        LUT6 (Prop_lut6_I1_O)        0.124    28.260 r  u_top/u_soc/u_soc/u_counter/g0_b0__240_i_14/O
                         net (fo=1, routed)           0.348    28.608    u_top/u_soc/u_soc/u_counter/g0_b0__240_i_14_n_0
    SLICE_X22Y132        LUT4 (Prop_lut4_I3_O)        0.124    28.732 r  u_top/u_soc/u_soc/u_counter/g0_b0__240_i_4/O
                         net (fo=32, routed)          0.883    29.615    u_top/u_soc/u_soc/u_counter/g0_b0__240_i_4_n_0
    SLICE_X23Y135        LUT6 (Prop_lut6_I3_O)        0.124    29.739 r  u_top/u_soc/u_soc/u_counter/g1_b5__240/O
                         net (fo=1, routed)           1.022    30.761    u_top/u_soc/u_soc/u_counter/u_aes_dec/g0_b0__258_i_19_1
    SLICE_X24Y135        LUT6 (Prop_lut6_I3_O)        0.124    30.885 r  u_top/u_soc/u_soc/u_counter/u_aes_dec/p_0_out_inferred__76/g0_b0__258_i_26/O
                         net (fo=7, routed)           0.631    31.516    u_top/u_soc/u_soc/u_counter/p_0_in6_in[77]
    SLICE_X30Y135        LUT2 (Prop_lut2_I0_O)        0.124    31.640 r  u_top/u_soc/u_soc/u_counter/g0_b0__253_i_23/O
                         net (fo=3, routed)           0.516    32.156    u_top/u_soc/u_soc/u_counter/g0_b0__253_i_23_n_0
    SLICE_X29Y135        LUT2 (Prop_lut2_I1_O)        0.124    32.280 r  u_top/u_soc/u_soc/u_counter/g0_b0__259_i_9/O
                         net (fo=8, routed)           0.485    32.765    u_top/u_soc/u_soc/u_counter/g0_b0__259_i_9_n_0
    SLICE_X29Y135        LUT2 (Prop_lut2_I0_O)        0.124    32.889 r  u_top/u_soc/u_soc/u_counter/g0_b0__248_i_8/O
                         net (fo=9, routed)           0.865    33.754    u_top/u_soc/u_soc/u_counter/g0_b0__248_i_8_n_0
    SLICE_X29Y139        LUT6 (Prop_lut6_I1_O)        0.124    33.878 r  u_top/u_soc/u_soc/u_counter/g0_b0__258_i_9/O
                         net (fo=1, routed)           0.433    34.311    u_top/u_soc/u_soc/u_counter/g0_b0__258_i_9_n_0
    SLICE_X29Y139        LUT4 (Prop_lut4_I3_O)        0.124    34.435 r  u_top/u_soc/u_soc/u_counter/g0_b0__258_i_1/O
                         net (fo=32, routed)          1.088    35.523    u_top/u_soc/u_soc/u_counter/g0_b0__258_i_1_n_0
    SLICE_X30Y137        LUT6 (Prop_lut6_I0_O)        0.124    35.647 r  u_top/u_soc/u_soc/u_counter/g3_b0__258/O
                         net (fo=1, routed)           0.000    35.647    u_top/u_soc/u_soc/u_counter/u_aes_dec/p_0_out_inferred__94/g0_b0__264_i_24_1
    SLICE_X30Y137        MUXF7 (Prop_muxf7_I1_O)      0.214    35.861 r  u_top/u_soc/u_soc/u_counter/u_aes_dec/p_0_out_inferred__94/g0_b0__264_i_50/O
                         net (fo=1, routed)           0.000    35.861    u_top/u_soc/u_soc/u_counter/u_aes_dec/p_0_out_inferred__94/g0_b0__264_i_50_n_0
    SLICE_X30Y137        MUXF8 (Prop_muxf8_I1_O)      0.088    35.949 r  u_top/u_soc/u_soc/u_counter/u_aes_dec/p_0_out_inferred__94/g0_b0__264_i_24/O
                         net (fo=4, routed)           1.092    37.041    u_top/u_soc/u_soc/u_counter/p_0_in8_in[88]
    SLICE_X32Y130        LUT2 (Prop_lut2_I1_O)        0.344    37.385 r  u_top/u_soc/u_soc/u_counter/g0_b0__264_i_29/O
                         net (fo=8, routed)           0.768    38.154    u_top/u_soc/u_soc/u_counter/g0_b0__264_i_29_n_0
    SLICE_X31Y125        LUT6 (Prop_lut6_I3_O)        0.332    38.486 r  u_top/u_soc/u_soc/u_counter/g0_b0__275_i_27/O
                         net (fo=1, routed)           0.819    39.305    u_top/u_soc/u_soc/u_counter/g0_b0__275_i_27_n_0
    SLICE_X31Y126        LUT4 (Prop_lut4_I3_O)        0.124    39.429 r  u_top/u_soc/u_soc/u_counter/g0_b0__275_i_20/O
                         net (fo=1, routed)           0.628    40.058    u_top/u_soc/u_soc/u_counter/g0_b0__275_i_20_n_0
    SLICE_X34Y124        LUT6 (Prop_lut6_I5_O)        0.124    40.182 r  u_top/u_soc/u_soc/u_counter/g0_b0__275_i_11/O
                         net (fo=1, routed)           1.049    41.230    u_top/u_soc/u_soc/u_counter/g0_b0__275_i_11_n_0
    SLICE_X36Y134        LUT4 (Prop_lut4_I3_O)        0.124    41.354 r  u_top/u_soc/u_soc/u_counter/g0_b0__275_i_4/O
                         net (fo=32, routed)          1.115    42.469    u_top/u_soc/u_soc/u_counter/g0_b0__275_i_4_n_0
    SLICE_X40Y139        LUT6 (Prop_lut6_I3_O)        0.124    42.593 r  u_top/u_soc/u_soc/u_counter/g3_b6__275/O
                         net (fo=1, routed)           0.841    43.435    u_top/u_soc/u_soc/u_counter/u_aes_dec/g0_b0__297_i_77
    SLICE_X42Y139        LUT6 (Prop_lut6_I0_O)        0.124    43.559 r  u_top/u_soc/u_soc/u_counter/u_aes_dec/p_0_out_inferred__111/g0_b0__279_i_38/O
                         net (fo=7, routed)           0.907    44.466    u_top/u_soc/u_soc/u_counter/p_0_in10_in[102]
    SLICE_X47Y135        LUT4 (Prop_lut4_I0_O)        0.124    44.590 r  u_top/u_soc/u_soc/u_counter/g0_b0__279_i_12/O
                         net (fo=8, routed)           1.009    45.598    u_top/u_soc/u_soc/u_counter/g0_b0__279_i_12_n_0
    SLICE_X47Y131        LUT5 (Prop_lut5_I3_O)        0.124    45.722 r  u_top/u_soc/u_soc/u_counter/g0_b0__284_i_3/O
                         net (fo=32, routed)          1.470    47.193    u_top/u_soc/u_soc/u_counter/g0_b0__284_i_3_n_0
    SLICE_X54Y129        LUT6 (Prop_lut6_I2_O)        0.124    47.317 r  u_top/u_soc/u_soc/u_counter/g0_b5__284/O
                         net (fo=1, routed)           0.790    48.107    u_top/u_soc/u_soc/u_counter/u_aes_dec/g0_b0__302_i_23_2
    SLICE_X53Y129        LUT6 (Prop_lut6_I5_O)        0.124    48.231 r  u_top/u_soc/u_soc/u_counter/u_aes_dec/p_0_out_inferred__120/g0_b0__302_i_27/O
                         net (fo=7, routed)           1.048    49.279    u_top/u_soc/u_soc/u_counter/p_0_in12_in[45]
    SLICE_X53Y122        LUT2 (Prop_lut2_I0_O)        0.154    49.433 r  u_top/u_soc/u_soc/u_counter/g0_b0__297_i_65/O
                         net (fo=4, routed)           0.851    50.283    u_top/u_soc/u_soc/u_counter/g0_b0__297_i_65_n_0
    SLICE_X52Y118        LUT4 (Prop_lut4_I2_O)        0.327    50.610 r  u_top/u_soc/u_soc/u_counter/g0_b0__297_i_25/O
                         net (fo=7, routed)           0.773    51.383    u_top/u_soc/u_soc/u_counter/g0_b0__297_i_25_n_0
    SLICE_X49Y118        LUT6 (Prop_lut6_I1_O)        0.124    51.507 r  u_top/u_soc/u_soc/u_counter/g0_b0__308_i_14/O
                         net (fo=1, routed)           0.556    52.063    u_top/u_soc/u_soc/u_counter/g0_b0__308_i_14_n_0
    SLICE_X49Y115        LUT5 (Prop_lut5_I1_O)        0.124    52.187 r  u_top/u_soc/u_soc/u_counter/g0_b0__308_i_4/O
                         net (fo=32, routed)          1.452    53.639    u_top/u_soc/u_soc/u_counter/g0_b0__308_i_4_n_0
    SLICE_X49Y99         LUT6 (Prop_lut6_I3_O)        0.124    53.763 r  u_top/u_soc/u_soc/u_counter/g3_b5__308/O
                         net (fo=1, routed)           0.829    54.592    u_top/u_soc/u_soc/u_counter/u_aes_dec/g0_b0__311_i_11_3
    SLICE_X49Y97         LUT6 (Prop_lut6_I0_O)        0.124    54.716 r  u_top/u_soc/u_soc/u_counter/u_aes_dec/p_0_out_inferred__144/g0_b0__311_i_39/O
                         net (fo=8, routed)           0.465    55.181    u_top/u_soc/u_soc/u_counter/p_0_in14_in[109]
    SLICE_X52Y97         LUT2 (Prop_lut2_I0_O)        0.124    55.305 r  u_top/u_soc/u_soc/u_counter/g0_b0__311_i_30/O
                         net (fo=4, routed)           0.769    56.074    u_top/u_soc/u_soc/u_counter/g0_b0__311_i_30_n_0
    SLICE_X54Y95         LUT4 (Prop_lut4_I2_O)        0.124    56.198 r  u_top/u_soc/u_soc/u_counter/g0_b0__311_i_7/O
                         net (fo=6, routed)           0.990    57.189    u_top/u_soc/u_soc/u_counter/g0_b0__311_i_7_n_0
    SLICE_X52Y95         LUT6 (Prop_lut6_I1_O)        0.124    57.313 r  u_top/u_soc/u_soc/u_counter/g0_b0__326_i_5/O
                         net (fo=32, routed)          1.364    58.677    u_top/u_soc/u_soc/u_counter/g0_b0__326_i_5_n_0
    SLICE_X55Y97         LUT6 (Prop_lut6_I4_O)        0.124    58.801 r  u_top/u_soc/u_soc/u_counter/g1_b0__326/O
                         net (fo=1, routed)           0.426    59.227    u_top/u_soc/u_soc/u_counter/u_aes_dec/dec_pt_q_reg[120]_4
    SLICE_X54Y97         LUT6 (Prop_lut6_I0_O)        0.124    59.351 r  u_top/u_soc/u_soc/u_counter/u_aes_dec/p_0_out_inferred__162/dec_pt_q[120]_i_3/O
                         net (fo=1, routed)           0.669    60.020    u_top/u_soc/u_soc/u_counter/u_aes_dec_n_1852
    SLICE_X54Y97         LUT5 (Prop_lut5_I2_O)        0.124    60.144 r  u_top/u_soc/u_soc/u_counter/dec_pt_q[120]_i_1/O
                         net (fo=1, routed)           0.000    60.144    u_top/u_soc/u_soc/u_counter/dec_pt_q[120]_i_1_n_0
    SLICE_X54Y97         FDCE                                         r  u_top/u_soc/u_soc/u_counter/dec_pt_q_reg[120]/D
  -------------------------------------------------------------------    -------------------

                         (clock clk_w rise edge)     40.000    40.000 r  
    F14                                               0.000    40.000 r  clk100mhz (IN)
                         net (fo=0)                   0.000    40.000    u_pll/clk100mhz
    F14                  IBUF (Prop_ibuf_I_O)         1.388    41.388 r  u_pll/IBUF_IN/O
                         net (fo=1, routed)           1.181    42.569    u_pll/clkref_buffered_w
    PLLE2_ADV_X0Y1       PLLE2_ADV (Prop_plle2_adv_CLKIN1_CLKOUT2)
                                                     -6.594    35.975 r  u_pll/u_pll/CLKOUT2
                         net (fo=1, routed)           1.582    37.557    clk_w
    BUFGCTRL_X0Y16       BUFG (Prop_bufg_I_O)         0.091    37.648 r  clk_w_BUFG_inst/O
                         net (fo=4981, routed)        1.440    39.088    u_top/u_soc/u_soc/u_counter/clk_w_BUFG
    SLICE_X54Y97         FDCE                                         r  u_top/u_soc/u_soc/u_counter/dec_pt_q_reg[120]/C
                         clock pessimism             -0.456    38.632    
                         clock uncertainty           -0.099    38.532    
    SLICE_X54Y97         FDCE (Setup_fdce_C_D)        0.077    38.609    u_top/u_soc/u_soc/u_counter/dec_pt_q_reg[120]
  -------------------------------------------------------------------
                         required time                         38.609    
                         arrival time                         -60.144    
  -------------------------------------------------------------------
                         slack                                -21.535    

Slack (VIOLATED) :        -21.532ns  (required time - arrival time)
  Source:                 u_top/u_soc/u_soc/u_counter/aes_key_q_reg[80]/C
                            (rising edge-triggered cell FDCE clocked by clk_w  {rise@0.000ns fall@20.000ns period=40.000ns})
  Destination:            u_top/u_soc/u_soc/u_counter/dec_pt_q_reg[45]/D
                            (rising edge-triggered cell FDCE clocked by clk_w  {rise@0.000ns fall@20.000ns period=40.000ns})
  Path Group:             clk_w
  Path Type:              Setup (Max at Slow Process Corner)
  Requirement:            40.000ns  (clk_w rise@40.000ns - clk_w rise@0.000ns)
  Data Path Delay:        61.175ns  (logic 9.400ns (15.366%)  route 51.775ns (84.634%))
  Logic Levels:           64  (LUT2=12 LUT3=1 LUT4=8 LUT5=6 LUT6=33 MUXF7=2 MUXF8=2)
  Clock Path Skew:        -0.287ns (DCD - SCD + CPR)
    Destination Clock Delay (DCD):    -0.916ns = ( 39.084 - 40.000 ) 
    Source Clock Delay      (SCD):    -1.086ns
    Clock Pessimism Removal (CPR):    -0.456ns
  Clock Uncertainty:      0.099ns  ((TSJ^2 + DJ^2)^1/2) / 2 + PE
    Total System Jitter     (TSJ):    0.071ns
    Discrete Jitter          (DJ):    0.186ns
    Phase Error              (PE):    0.000ns

    Location             Delay type                Incr(ns)  Path(ns)    Netlist Resource(s)
  -------------------------------------------------------------------    -------------------
                         (clock clk_w rise edge)      0.000     0.000 r  
    F14                                               0.000     0.000 r  clk100mhz (IN)
                         net (fo=0)                   0.000     0.000    u_pll/clk100mhz
    F14                  IBUF (Prop_ibuf_I_O)         1.458     1.458 r  u_pll/IBUF_IN/O
                         net (fo=1, routed)           1.253     2.712    u_pll/clkref_buffered_w
    PLLE2_ADV_X0Y1       PLLE2_ADV (Prop_plle2_adv_CLKIN1_CLKOUT2)
                                                     -7.284    -4.572 r  u_pll/u_pll/CLKOUT2
                         net (fo=1, routed)           1.660    -2.912    clk_w
    BUFGCTRL_X0Y16       BUFG (Prop_bufg_I_O)         0.096    -2.816 r  clk_w_BUFG_inst/O
                         net (fo=4981, routed)        1.730    -1.086    u_top/u_soc/u_soc/u_counter/clk_w_BUFG
    SLICE_X16Y116        FDCE                                         r  u_top/u_soc/u_soc/u_counter/aes_key_q_reg[80]/C
  -------------------------------------------------------------------    -------------------
    SLICE_X16Y116        FDCE (Prop_fdce_C_Q)         0.456    -0.630 r  u_top/u_soc/u_soc/u_counter/aes_key_q_reg[80]/Q
                         net (fo=95, routed)          0.781     0.151    u_top/u_soc/u_soc/u_counter/aes_key_q[80]
    SLICE_X22Y113        LUT4 (Prop_lut4_I3_O)        0.124     0.275 r  u_top/u_soc/u_soc/u_counter/g0_b0__166_i_1/O
                         net (fo=33, routed)          1.273     1.549    u_top/u_soc/u_soc/u_counter/(null)[4].w[16]
    SLICE_X24Y111        LUT6 (Prop_lut6_I0_O)        0.124     1.673 r  u_top/u_soc/u_soc/u_counter/g1_b2__166/O
                         net (fo=1, routed)           0.000     1.673    u_top/u_soc/u_soc/u_counter/u_aes_dec/g0_b0__182_i_2_0
    SLICE_X24Y111        MUXF7 (Prop_muxf7_I1_O)      0.245     1.918 r  u_top/u_soc/u_soc/u_counter/u_aes_dec/p_0_out_inferred__2/g0_b0__178_i_9/O
                         net (fo=3, routed)           0.000     1.918    u_top/u_soc/u_soc/u_counter/u_aes_dec/aes_key_q_reg[54]_3
    SLICE_X24Y111        MUXF8 (Prop_muxf8_I0_O)      0.104     2.022 r  u_top/u_soc/u_soc/u_counter/u_aes_dec/p_0_out_inferred__2/g0_b0__170_i_9/O
                         net (fo=2, routed)           0.670     2.692    u_top/u_soc/u_soc/u_counter/subword0_return0[2]
    SLICE_X26Y112        LUT5 (Prop_lut5_I1_O)        0.316     3.008 r  u_top/u_soc/u_soc/u_counter/g0_b0__170_i_3/O
                         net (fo=32, routed)          1.349     4.357    u_top/u_soc/u_soc/u_counter/(null)[9].(null)[0].a17[26]
    SLICE_X32Y111        LUT6 (Prop_lut6_I2_O)        0.124     4.481 r  u_top/u_soc/u_soc/u_counter/g3_b5__170/O
                         net (fo=2, routed)           0.859     5.340    u_top/u_soc/u_soc/u_counter/u_aes_dec/g0_b0__192_i_39_5
    SLICE_X32Y111        LUT6 (Prop_lut6_I0_O)        0.124     5.464 r  u_top/u_soc/u_soc/u_counter/u_aes_dec/p_0_out_inferred__6/g0_b0__186_i_67/O
                         net (fo=6, routed)           1.180     6.644    u_top/u_soc/u_soc/u_counter/(null)[9].(null)[0].a4[5]
    SLICE_X25Y108        LUT6 (Prop_lut6_I2_O)        0.124     6.768 r  u_top/u_soc/u_soc/u_counter/g0_b0__186_i_24/O
                         net (fo=8, routed)           0.734     7.501    u_top/u_soc/u_soc/u_counter/g0_b0__186_i_24_n_0
    SLICE_X24Y104        LUT5 (Prop_lut5_I1_O)        0.124     7.625 r  u_top/u_soc/u_soc/u_counter/g0_b0__187_i_35/O
                         net (fo=1, routed)           0.797     8.422    u_top/u_soc/u_soc/u_counter/g0_b0__187_i_35_n_0
    SLICE_X23Y103        LUT6 (Prop_lut6_I4_O)        0.124     8.546 r  u_top/u_soc/u_soc/u_counter/g0_b0__187_i_19/O
                         net (fo=1, routed)           0.775     9.321    u_top/u_soc/u_soc/u_counter/g0_b0__187_i_19_n_0
    SLICE_X21Y103        LUT5 (Prop_lut5_I4_O)        0.124     9.445 r  u_top/u_soc/u_soc/u_counter/g0_b0__187_i_4/O
                         net (fo=32, routed)          1.739    11.184    u_top/u_soc/u_soc/u_counter/(null)[9].(null)[0].a172606_out[3]
    SLICE_X2Y103         LUT6 (Prop_lut6_I3_O)        0.124    11.308 r  u_top/u_soc/u_soc/u_counter/g3_b6__187/O
                         net (fo=2, routed)           0.774    12.081    u_top/u_soc/u_soc/u_counter/u_aes_dec/g0_b0__240_i_44_2
    SLICE_X2Y104         LUT6 (Prop_lut6_I0_O)        0.124    12.205 r  u_top/u_soc/u_soc/u_counter/u_aes_dec/p_0_out_inferred__23/g0_b0__201_i_7/O
                         net (fo=10, routed)          0.778    12.984    u_top/u_soc/u_soc/u_counter/p_0_in0_in[38]
    SLICE_X2Y108         LUT2 (Prop_lut2_I0_O)        0.124    13.108 r  u_top/u_soc/u_soc/u_counter/g0_b0__206_i_13/O
                         net (fo=4, routed)           0.704    13.811    u_top/u_soc/u_soc/u_counter/g0_b0__206_i_13_n_0
    SLICE_X2Y111         LUT2 (Prop_lut2_I0_O)        0.124    13.935 r  u_top/u_soc/u_soc/u_counter/g0_b0__201_i_51/O
                         net (fo=2, routed)           1.092    15.027    u_top/u_soc/u_soc/u_counter/g0_b0__201_i_51_n_0
    SLICE_X4Y115         LUT6 (Prop_lut6_I2_O)        0.124    15.151 r  u_top/u_soc/u_soc/u_counter/g0_b0__201_i_19/O
                         net (fo=1, routed)           0.722    15.873    u_top/u_soc/u_soc/u_counter/g0_b0__201_i_19_n_0
    SLICE_X4Y116         LUT6 (Prop_lut6_I5_O)        0.124    15.997 r  u_top/u_soc/u_soc/u_counter/g0_b0__201_i_3/O
                         net (fo=32, routed)          1.300    17.296    u_top/u_soc/u_soc/u_counter/g0_b0__201_i_3_n_0
    SLICE_X3Y121         LUT6 (Prop_lut6_I2_O)        0.124    17.420 r  u_top/u_soc/u_soc/u_counter/g2_b5__201/O
                         net (fo=1, routed)           0.769    18.190    u_top/u_soc/u_soc/u_counter/u_aes_dec/g0_b0__219_i_22_0
    SLICE_X4Y121         LUT6 (Prop_lut6_I1_O)        0.124    18.314 r  u_top/u_soc/u_soc/u_counter/u_aes_dec/p_0_out_inferred__37/g0_b0__219_i_41/O
                         net (fo=6, routed)           0.849    19.163    u_top/u_soc/u_soc/u_counter/p_0_in2_in[21]
    SLICE_X13Y121        LUT2 (Prop_lut2_I1_O)        0.124    19.287 r  u_top/u_soc/u_soc/u_counter/g0_b0__218_i_32/O
                         net (fo=4, routed)           0.179    19.466    u_top/u_soc/u_soc/u_counter/g0_b0__218_i_32_n_0
    SLICE_X13Y121        LUT2 (Prop_lut2_I0_O)        0.124    19.590 r  u_top/u_soc/u_soc/u_counter/g0_b0__218_i_9/O
                         net (fo=4, routed)           0.482    20.071    u_top/u_soc/u_soc/u_counter/g0_b0__218_i_9_n_0
    SLICE_X17Y122        LUT2 (Prop_lut2_I1_O)        0.124    20.195 r  u_top/u_soc/u_soc/u_counter/g0_b0__229_i_17/O
                         net (fo=6, routed)           0.593    20.789    u_top/u_soc/u_soc/u_counter/g0_b0__229_i_17_n_0
    SLICE_X21Y123        LUT6 (Prop_lut6_I2_O)        0.124    20.913 r  u_top/u_soc/u_soc/u_counter/g0_b0__218_i_19/O
                         net (fo=1, routed)           0.492    21.405    u_top/u_soc/u_soc/u_counter/g0_b0__218_i_19_n_0
    SLICE_X19Y123        LUT6 (Prop_lut6_I5_O)        0.124    21.529 r  u_top/u_soc/u_soc/u_counter/g0_b0__218_i_4/O
                         net (fo=32, routed)          1.284    22.812    u_top/u_soc/u_soc/u_counter/g0_b0__218_i_4_n_0
    SLICE_X17Y136        LUT6 (Prop_lut6_I3_O)        0.124    22.936 r  u_top/u_soc/u_soc/u_counter/g3_b5__218/O
                         net (fo=2, routed)           1.172    24.108    u_top/u_soc/u_soc/u_counter/u_aes_dec/g0_b0__249_i_91_6
    SLICE_X17Y138        LUT6 (Prop_lut6_I0_O)        0.124    24.232 r  u_top/u_soc/u_soc/u_counter/u_aes_dec/p_0_out_inferred__54/g0_b0__240_i_25/O
                         net (fo=6, routed)           0.473    24.705    u_top/u_soc/u_soc/u_counter/p_0_in4_in[29]
    SLICE_X17Y140        LUT2 (Prop_lut2_I1_O)        0.124    24.829 r  u_top/u_soc/u_soc/u_counter/g0_b0__234_i_25/O
                         net (fo=4, routed)           0.824    25.653    u_top/u_soc/u_soc/u_counter/g0_b0__234_i_25_n_0
    SLICE_X15Y134        LUT4 (Prop_lut4_I0_O)        0.124    25.777 r  u_top/u_soc/u_soc/u_counter/g0_b0__234_i_7/O
                         net (fo=8, routed)           1.047    26.824    u_top/u_soc/u_soc/u_counter/g0_b0__234_i_7_n_0
    SLICE_X22Y128        LUT5 (Prop_lut5_I1_O)        0.124    26.948 r  u_top/u_soc/u_soc/u_counter/g0_b0__240_i_23/O
                         net (fo=1, routed)           1.188    28.136    u_top/u_soc/u_soc/u_counter/g0_b0__240_i_23_n_0
    SLICE_X23Y132        LUT6 (Prop_lut6_I1_O)        0.124    28.260 r  u_top/u_soc/u_soc/u_counter/g0_b0__240_i_14/O
                         net (fo=1, routed)           0.348    28.608    u_top/u_soc/u_soc/u_counter/g0_b0__240_i_14_n_0
    SLICE_X22Y132        LUT4 (Prop_lut4_I3_O)        0.124    28.732 r  u_top/u_soc/u_soc/u_counter/g0_b0__240_i_4/O
                         net (fo=32, routed)          0.883    29.615    u_top/u_soc/u_soc/u_counter/g0_b0__240_i_4_n_0
    SLICE_X23Y135        LUT6 (Prop_lut6_I3_O)        0.124    29.739 r  u_top/u_soc/u_soc/u_counter/g1_b5__240/O
                         net (fo=1, routed)           1.022    30.761    u_top/u_soc/u_soc/u_counter/u_aes_dec/g0_b0__258_i_19_1
    SLICE_X24Y135        LUT6 (Prop_lut6_I3_O)        0.124    30.885 r  u_top/u_soc/u_soc/u_counter/u_aes_dec/p_0_out_inferred__76/g0_b0__258_i_26/O
                         net (fo=7, routed)           0.631    31.516    u_top/u_soc/u_soc/u_counter/p_0_in6_in[77]
    SLICE_X30Y135        LUT2 (Prop_lut2_I0_O)        0.124    31.640 r  u_top/u_soc/u_soc/u_counter/g0_b0__253_i_23/O
                         net (fo=3, routed)           0.516    32.156    u_top/u_soc/u_soc/u_counter/g0_b0__253_i_23_n_0
    SLICE_X29Y135        LUT2 (Prop_lut2_I1_O)        0.124    32.280 r  u_top/u_soc/u_soc/u_counter/g0_b0__259_i_9/O
                         net (fo=8, routed)           0.485    32.765    u_top/u_soc/u_soc/u_counter/g0_b0__259_i_9_n_0
    SLICE_X29Y135        LUT2 (Prop_lut2_I0_O)        0.124    32.889 r  u_top/u_soc/u_soc/u_counter/g0_b0__248_i_8/O
                         net (fo=9, routed)           0.865    33.754    u_top/u_soc/u_soc/u_counter/g0_b0__248_i_8_n_0
    SLICE_X29Y139        LUT6 (Prop_lut6_I1_O)        0.124    33.878 r  u_top/u_soc/u_soc/u_counter/g0_b0__258_i_9/O
                         net (fo=1, routed)           0.433    34.311    u_top/u_soc/u_soc/u_counter/g0_b0__258_i_9_n_0
    SLICE_X29Y139        LUT4 (Prop_lut4_I3_O)        0.124    34.435 r  u_top/u_soc/u_soc/u_counter/g0_b0__258_i_1/O
                         net (fo=32, routed)          1.088    35.523    u_top/u_soc/u_soc/u_counter/g0_b0__258_i_1_n_0
    SLICE_X30Y137        LUT6 (Prop_lut6_I0_O)        0.124    35.647 r  u_top/u_soc/u_soc/u_counter/g3_b0__258/O
                         net (fo=1, routed)           0.000    35.647    u_top/u_soc/u_soc/u_counter/u_aes_dec/p_0_out_inferred__94/g0_b0__264_i_24_1
    SLICE_X30Y137        MUXF7 (Prop_muxf7_I1_O)      0.214    35.861 r  u_top/u_soc/u_soc/u_counter/u_aes_dec/p_0_out_inferred__94/g0_b0__264_i_50/O
                         net (fo=1, routed)           0.000    35.861    u_top/u_soc/u_soc/u_counter/u_aes_dec/p_0_out_inferred__94/g0_b0__264_i_50_n_0
    SLICE_X30Y137        MUXF8 (Prop_muxf8_I1_O)      0.088    35.949 r  u_top/u_soc/u_soc/u_counter/u_aes_dec/p_0_out_inferred__94/g0_b0__264_i_24/O
                         net (fo=4, routed)           1.092    37.041    u_top/u_soc/u_soc/u_counter/p_0_in8_in[88]
    SLICE_X32Y130        LUT2 (Prop_lut2_I1_O)        0.344    37.385 r  u_top/u_soc/u_soc/u_counter/g0_b0__264_i_29/O
                         net (fo=8, routed)           0.768    38.154    u_top/u_soc/u_soc/u_counter/g0_b0__264_i_29_n_0
    SLICE_X31Y125        LUT6 (Prop_lut6_I3_O)        0.332    38.486 r  u_top/u_soc/u_soc/u_counter/g0_b0__275_i_27/O
                         net (fo=1, routed)           0.819    39.305    u_top/u_soc/u_soc/u_counter/g0_b0__275_i_27_n_0
    SLICE_X31Y126        LUT4 (Prop_lut4_I3_O)        0.124    39.429 r  u_top/u_soc/u_soc/u_counter/g0_b0__275_i_20/O
                         net (fo=1, routed)           0.628    40.058    u_top/u_soc/u_soc/u_counter/g0_b0__275_i_20_n_0
    SLICE_X34Y124        LUT6 (Prop_lut6_I5_O)        0.124    40.182 r  u_top/u_soc/u_soc/u_counter/g0_b0__275_i_11/O
                         net (fo=1, routed)           1.049    41.230    u_top/u_soc/u_soc/u_counter/g0_b0__275_i_11_n_0
    SLICE_X36Y134        LUT4 (Prop_lut4_I3_O)        0.124    41.354 r  u_top/u_soc/u_soc/u_counter/g0_b0__275_i_4/O
                         net (fo=32, routed)          1.115    42.469    u_top/u_soc/u_soc/u_counter/g0_b0__275_i_4_n_0
    SLICE_X40Y139        LUT6 (Prop_lut6_I3_O)        0.124    42.593 r  u_top/u_soc/u_soc/u_counter/g3_b6__275/O
                         net (fo=1, routed)           0.841    43.435    u_top/u_soc/u_soc/u_counter/u_aes_dec/g0_b0__297_i_77
    SLICE_X42Y139        LUT6 (Prop_lut6_I0_O)        0.124    43.559 r  u_top/u_soc/u_soc/u_counter/u_aes_dec/p_0_out_inferred__111/g0_b0__279_i_38/O
                         net (fo=7, routed)           0.907    44.466    u_top/u_soc/u_soc/u_counter/p_0_in10_in[102]
    SLICE_X47Y135        LUT4 (Prop_lut4_I0_O)        0.124    44.590 r  u_top/u_soc/u_soc/u_counter/g0_b0__279_i_12/O
                         net (fo=8, routed)           1.009    45.598    u_top/u_soc/u_soc/u_counter/g0_b0__279_i_12_n_0
    SLICE_X47Y131        LUT5 (Prop_lut5_I3_O)        0.124    45.722 r  u_top/u_soc/u_soc/u_counter/g0_b0__284_i_3/O
                         net (fo=32, routed)          1.470    47.193    u_top/u_soc/u_soc/u_counter/g0_b0__284_i_3_n_0
    SLICE_X54Y129        LUT6 (Prop_lut6_I2_O)        0.124    47.317 r  u_top/u_soc/u_soc/u_counter/g0_b5__284/O
                         net (fo=1, routed)           0.790    48.107    u_top/u_soc/u_soc/u_counter/u_aes_dec/g0_b0__302_i_23_2
    SLICE_X53Y129        LUT6 (Prop_lut6_I5_O)        0.124    48.231 r  u_top/u_soc/u_soc/u_counter/u_aes_dec/p_0_out_inferred__120/g0_b0__302_i_27/O
                         net (fo=7, routed)           1.048    49.279    u_top/u_soc/u_soc/u_counter/p_0_in12_in[45]
    SLICE_X53Y122        LUT2 (Prop_lut2_I0_O)        0.154    49.433 r  u_top/u_soc/u_soc/u_counter/g0_b0__297_i_65/O
                         net (fo=4, routed)           0.851    50.283    u_top/u_soc/u_soc/u_counter/g0_b0__297_i_65_n_0
    SLICE_X52Y118        LUT4 (Prop_lut4_I2_O)        0.327    50.610 r  u_top/u_soc/u_soc/u_counter/g0_b0__297_i_25/O
                         net (fo=7, routed)           0.773    51.383    u_top/u_soc/u_soc/u_counter/g0_b0__297_i_25_n_0
    SLICE_X49Y118        LUT6 (Prop_lut6_I1_O)        0.124    51.507 r  u_top/u_soc/u_soc/u_counter/g0_b0__308_i_14/O
                         net (fo=1, routed)           0.556    52.063    u_top/u_soc/u_soc/u_counter/g0_b0__308_i_14_n_0
    SLICE_X49Y115        LUT5 (Prop_lut5_I1_O)        0.124    52.187 r  u_top/u_soc/u_soc/u_counter/g0_b0__308_i_4/O
                         net (fo=32, routed)          1.732    53.919    u_top/u_soc/u_soc/u_counter/g0_b0__308_i_4_n_0
    SLICE_X52Y97         LUT6 (Prop_lut6_I3_O)        0.124    54.043 r  u_top/u_soc/u_soc/u_counter/g3_b6__308/O
                         net (fo=1, routed)           0.789    54.832    u_top/u_soc/u_soc/u_counter/u_aes_dec/dec_pt_q[47]_i_9_3
    SLICE_X51Y97         LUT6 (Prop_lut6_I0_O)        0.124    54.956 r  u_top/u_soc/u_soc/u_counter/u_aes_dec/p_0_out_inferred__144/g0_b0__321_i_18/O
                         net (fo=6, routed)           0.608    55.564    u_top/u_soc/u_soc/u_counter/p_0_in14_in[110]
    SLICE_X51Y96         LUT2 (Prop_lut2_I0_O)        0.124    55.688 r  u_top/u_soc/u_soc/u_counter/g0_b0__321_i_10/O
                         net (fo=4, routed)           0.491    56.179    u_top/u_soc/u_soc/u_counter/g0_b0__321_i_10_n_0
    SLICE_X50Y95         LUT3 (Prop_lut3_I2_O)        0.124    56.303 r  u_top/u_soc/u_soc/u_counter/g0_b0__311_i_15/O
                         net (fo=8, routed)           0.834    57.138    u_top/u_soc/u_soc/u_counter/g0_b0__311_i_15_n_0
    SLICE_X46Y94         LUT6 (Prop_lut6_I4_O)        0.124    57.262 r  u_top/u_soc/u_soc/u_counter/g0_b0__316_i_3/O
                         net (fo=32, routed)          1.429    58.690    u_top/u_soc/u_soc/u_counter/g0_b0__316_i_3_n_0
    SLICE_X48Y89         LUT6 (Prop_lut6_I2_O)        0.124    58.814 r  u_top/u_soc/u_soc/u_counter/g1_b5__316/O
                         net (fo=1, routed)           0.721    59.536    u_top/u_soc/u_soc/u_counter/u_aes_dec/dec_pt_q_reg[45]
    SLICE_X51Y89         LUT6 (Prop_lut6_I0_O)        0.124    59.660 r  u_top/u_soc/u_soc/u_counter/u_aes_dec/p_0_out_inferred__152/dec_pt_q[45]_i_3/O
                         net (fo=1, routed)           0.306    59.965    u_top/u_soc/u_soc/u_counter/u_aes_dec_n_1701
    SLICE_X49Y89         LUT6 (Prop_lut6_I1_O)        0.124    60.089 r  u_top/u_soc/u_soc/u_counter/dec_pt_q[45]_i_1_comp/O
                         net (fo=1, routed)           0.000    60.089    u_top/u_soc/u_soc/u_counter/dec_pt_q[45]_i_1_n_0
    SLICE_X49Y89         FDCE                                         r  u_top/u_soc/u_soc/u_counter/dec_pt_q_reg[45]/D
  -------------------------------------------------------------------    -------------------

                         (clock clk_w rise edge)     40.000    40.000 r  
    F14                                               0.000    40.000 r  clk100mhz (IN)
                         net (fo=0)                   0.000    40.000    u_pll/clk100mhz
    F14                  IBUF (Prop_ibuf_I_O)         1.388    41.388 r  u_pll/IBUF_IN/O
                         net (fo=1, routed)           1.181    42.569    u_pll/clkref_buffered_w
    PLLE2_ADV_X0Y1       PLLE2_ADV (Prop_plle2_adv_CLKIN1_CLKOUT2)
                                                     -6.594    35.975 r  u_pll/u_pll/CLKOUT2
                         net (fo=1, routed)           1.582    37.557    clk_w
    BUFGCTRL_X0Y16       BUFG (Prop_bufg_I_O)         0.091    37.648 r  clk_w_BUFG_inst/O
                         net (fo=4981, routed)        1.436    39.084    u_top/u_soc/u_soc/u_counter/clk_w_BUFG
    SLICE_X49Y89         FDCE                                         r  u_top/u_soc/u_soc/u_counter/dec_pt_q_reg[45]/C
                         clock pessimism             -0.456    38.628    
                         clock uncertainty           -0.099    38.528    
    SLICE_X49Y89         FDCE (Setup_fdce_C_D)        0.029    38.557    u_top/u_soc/u_soc/u_counter/dec_pt_q_reg[45]
  -------------------------------------------------------------------
                         required time                         38.557    
                         arrival time                         -60.089    
  -------------------------------------------------------------------
                         slack                                -21.532    

Slack (VIOLATED) :        -21.531ns  (required time - arrival time)
  Source:                 u_top/u_soc/u_soc/u_counter/aes_key_q_reg[80]/C
                            (rising edge-triggered cell FDCE clocked by clk_w  {rise@0.000ns fall@20.000ns period=40.000ns})
  Destination:            u_top/u_soc/u_soc/u_counter/dec_pt_q_reg[1]/D
                            (rising edge-triggered cell FDCE clocked by clk_w  {rise@0.000ns fall@20.000ns period=40.000ns})
  Path Group:             clk_w
  Path Type:              Setup (Max at Slow Process Corner)
  Requirement:            40.000ns  (clk_w rise@40.000ns - clk_w rise@0.000ns)
  Data Path Delay:        61.225ns  (logic 9.400ns (15.353%)  route 51.825ns (84.647%))
  Logic Levels:           64  (LUT2=12 LUT3=1 LUT4=8 LUT5=7 LUT6=32 MUXF7=2 MUXF8=2)
  Clock Path Skew:        -0.284ns (DCD - SCD + CPR)
    Destination Clock Delay (DCD):    -0.913ns = ( 39.087 - 40.000 ) 
    Source Clock Delay      (SCD):    -1.086ns
    Clock Pessimism Removal (CPR):    -0.456ns
  Clock Uncertainty:      0.099ns  ((TSJ^2 + DJ^2)^1/2) / 2 + PE
    Total System Jitter     (TSJ):    0.071ns
    Discrete Jitter          (DJ):    0.186ns
    Phase Error              (PE):    0.000ns

    Location             Delay type                Incr(ns)  Path(ns)    Netlist Resource(s)
  -------------------------------------------------------------------    -------------------
                         (clock clk_w rise edge)      0.000     0.000 r  
    F14                                               0.000     0.000 r  clk100mhz (IN)
                         net (fo=0)                   0.000     0.000    u_pll/clk100mhz
    F14                  IBUF (Prop_ibuf_I_O)         1.458     1.458 r  u_pll/IBUF_IN/O
                         net (fo=1, routed)           1.253     2.712    u_pll/clkref_buffered_w
    PLLE2_ADV_X0Y1       PLLE2_ADV (Prop_plle2_adv_CLKIN1_CLKOUT2)
                                                     -7.284    -4.572 r  u_pll/u_pll/CLKOUT2
                         net (fo=1, routed)           1.660    -2.912    clk_w
    BUFGCTRL_X0Y16       BUFG (Prop_bufg_I_O)         0.096    -2.816 r  clk_w_BUFG_inst/O
                         net (fo=4981, routed)        1.730    -1.086    u_top/u_soc/u_soc/u_counter/clk_w_BUFG
    SLICE_X16Y116        FDCE                                         r  u_top/u_soc/u_soc/u_counter/aes_key_q_reg[80]/C
  -------------------------------------------------------------------    -------------------
    SLICE_X16Y116        FDCE (Prop_fdce_C_Q)         0.456    -0.630 r  u_top/u_soc/u_soc/u_counter/aes_key_q_reg[80]/Q
                         net (fo=95, routed)          0.781     0.151    u_top/u_soc/u_soc/u_counter/aes_key_q[80]
    SLICE_X22Y113        LUT4 (Prop_lut4_I3_O)        0.124     0.275 r  u_top/u_soc/u_soc/u_counter/g0_b0__166_i_1/O
                         net (fo=33, routed)          1.273     1.549    u_top/u_soc/u_soc/u_counter/(null)[4].w[16]
    SLICE_X24Y111        LUT6 (Prop_lut6_I0_O)        0.124     1.673 r  u_top/u_soc/u_soc/u_counter/g1_b2__166/O
                         net (fo=1, routed)           0.000     1.673    u_top/u_soc/u_soc/u_counter/u_aes_dec/g0_b0__182_i_2_0
    SLICE_X24Y111        MUXF7 (Prop_muxf7_I1_O)      0.245     1.918 r  u_top/u_soc/u_soc/u_counter/u_aes_dec/p_0_out_inferred__2/g0_b0__178_i_9/O
                         net (fo=3, routed)           0.000     1.918    u_top/u_soc/u_soc/u_counter/u_aes_dec/aes_key_q_reg[54]_3
    SLICE_X24Y111        MUXF8 (Prop_muxf8_I0_O)      0.104     2.022 r  u_top/u_soc/u_soc/u_counter/u_aes_dec/p_0_out_inferred__2/g0_b0__170_i_9/O
                         net (fo=2, routed)           0.670     2.692    u_top/u_soc/u_soc/u_counter/subword0_return0[2]
    SLICE_X26Y112        LUT5 (Prop_lut5_I1_O)        0.316     3.008 r  u_top/u_soc/u_soc/u_counter/g0_b0__170_i_3/O
                         net (fo=32, routed)          1.349     4.357    u_top/u_soc/u_soc/u_counter/(null)[9].(null)[0].a17[26]
    SLICE_X32Y111        LUT6 (Prop_lut6_I2_O)        0.124     4.481 r  u_top/u_soc/u_soc/u_counter/g3_b5__170/O
                         net (fo=2, routed)           0.859     5.340    u_top/u_soc/u_soc/u_counter/u_aes_dec/g0_b0__192_i_39_5
    SLICE_X32Y111        LUT6 (Prop_lut6_I0_O)        0.124     5.464 r  u_top/u_soc/u_soc/u_counter/u_aes_dec/p_0_out_inferred__6/g0_b0__186_i_67/O
                         net (fo=6, routed)           1.180     6.644    u_top/u_soc/u_soc/u_counter/(null)[9].(null)[0].a4[5]
    SLICE_X25Y108        LUT6 (Prop_lut6_I2_O)        0.124     6.768 r  u_top/u_soc/u_soc/u_counter/g0_b0__186_i_24/O
                         net (fo=8, routed)           0.734     7.501    u_top/u_soc/u_soc/u_counter/g0_b0__186_i_24_n_0
    SLICE_X24Y104        LUT5 (Prop_lut5_I1_O)        0.124     7.625 r  u_top/u_soc/u_soc/u_counter/g0_b0__187_i_35/O
                         net (fo=1, routed)           0.797     8.422    u_top/u_soc/u_soc/u_counter/g0_b0__187_i_35_n_0
    SLICE_X23Y103        LUT6 (Prop_lut6_I4_O)        0.124     8.546 r  u_top/u_soc/u_soc/u_counter/g0_b0__187_i_19/O
                         net (fo=1, routed)           0.775     9.321    u_top/u_soc/u_soc/u_counter/g0_b0__187_i_19_n_0
    SLICE_X21Y103        LUT5 (Prop_lut5_I4_O)        0.124     9.445 r  u_top/u_soc/u_soc/u_counter/g0_b0__187_i_4/O
                         net (fo=32, routed)          1.739    11.184    u_top/u_soc/u_soc/u_counter/(null)[9].(null)[0].a172606_out[3]
    SLICE_X2Y103         LUT6 (Prop_lut6_I3_O)        0.124    11.308 r  u_top/u_soc/u_soc/u_counter/g3_b6__187/O
                         net (fo=2, routed)           0.774    12.081    u_top/u_soc/u_soc/u_counter/u_aes_dec/g0_b0__240_i_44_2
    SLICE_X2Y104         LUT6 (Prop_lut6_I0_O)        0.124    12.205 r  u_top/u_soc/u_soc/u_counter/u_aes_dec/p_0_out_inferred__23/g0_b0__201_i_7/O
                         net (fo=10, routed)          0.778    12.984    u_top/u_soc/u_soc/u_counter/p_0_in0_in[38]
    SLICE_X2Y108         LUT2 (Prop_lut2_I0_O)        0.124    13.108 r  u_top/u_soc/u_soc/u_counter/g0_b0__206_i_13/O
                         net (fo=4, routed)           0.704    13.811    u_top/u_soc/u_soc/u_counter/g0_b0__206_i_13_n_0
    SLICE_X2Y111         LUT2 (Prop_lut2_I0_O)        0.124    13.935 r  u_top/u_soc/u_soc/u_counter/g0_b0__201_i_51/O
                         net (fo=2, routed)           1.092    15.027    u_top/u_soc/u_soc/u_counter/g0_b0__201_i_51_n_0
    SLICE_X4Y115         LUT6 (Prop_lut6_I2_O)        0.124    15.151 r  u_top/u_soc/u_soc/u_counter/g0_b0__201_i_19/O
                         net (fo=1, routed)           0.722    15.873    u_top/u_soc/u_soc/u_counter/g0_b0__201_i_19_n_0
    SLICE_X4Y116         LUT6 (Prop_lut6_I5_O)        0.124    15.997 r  u_top/u_soc/u_soc/u_counter/g0_b0__201_i_3/O
                         net (fo=32, routed)          1.300    17.296    u_top/u_soc/u_soc/u_counter/g0_b0__201_i_3_n_0
    SLICE_X3Y121         LUT6 (Prop_lut6_I2_O)        0.124    17.420 r  u_top/u_soc/u_soc/u_counter/g2_b5__201/O
                         net (fo=1, routed)           0.769    18.190    u_top/u_soc/u_soc/u_counter/u_aes_dec/g0_b0__219_i_22_0
    SLICE_X4Y121         LUT6 (Prop_lut6_I1_O)        0.124    18.314 r  u_top/u_soc/u_soc/u_counter/u_aes_dec/p_0_out_inferred__37/g0_b0__219_i_41/O
                         net (fo=6, routed)           0.849    19.163    u_top/u_soc/u_soc/u_counter/p_0_in2_in[21]
    SLICE_X13Y121        LUT2 (Prop_lut2_I1_O)        0.124    19.287 r  u_top/u_soc/u_soc/u_counter/g0_b0__218_i_32/O
                         net (fo=4, routed)           0.179    19.466    u_top/u_soc/u_soc/u_counter/g0_b0__218_i_32_n_0
    SLICE_X13Y121        LUT2 (Prop_lut2_I0_O)        0.124    19.590 r  u_top/u_soc/u_soc/u_counter/g0_b0__218_i_9/O
                         net (fo=4, routed)           0.482    20.071    u_top/u_soc/u_soc/u_counter/g0_b0__218_i_9_n_0
    SLICE_X17Y122        LUT2 (Prop_lut2_I1_O)        0.124    20.195 r  u_top/u_soc/u_soc/u_counter/g0_b0__229_i_17/O
                         net (fo=6, routed)           0.593    20.789    u_top/u_soc/u_soc/u_counter/g0_b0__229_i_17_n_0
    SLICE_X21Y123        LUT6 (Prop_lut6_I2_O)        0.124    20.913 r  u_top/u_soc/u_soc/u_counter/g0_b0__218_i_19/O
                         net (fo=1, routed)           0.492    21.405    u_top/u_soc/u_soc/u_counter/g0_b0__218_i_19_n_0
    SLICE_X19Y123        LUT6 (Prop_lut6_I5_O)        0.124    21.529 r  u_top/u_soc/u_soc/u_counter/g0_b0__218_i_4/O
                         net (fo=32, routed)          1.284    22.812    u_top/u_soc/u_soc/u_counter/g0_b0__218_i_4_n_0
    SLICE_X17Y136        LUT6 (Prop_lut6_I3_O)        0.124    22.936 r  u_top/u_soc/u_soc/u_counter/g3_b5__218/O
                         net (fo=2, routed)           1.172    24.108    u_top/u_soc/u_soc/u_counter/u_aes_dec/g0_b0__249_i_91_6
    SLICE_X17Y138        LUT6 (Prop_lut6_I0_O)        0.124    24.232 r  u_top/u_soc/u_soc/u_counter/u_aes_dec/p_0_out_inferred__54/g0_b0__240_i_25/O
                         net (fo=6, routed)           0.473    24.705    u_top/u_soc/u_soc/u_counter/p_0_in4_in[29]
    SLICE_X17Y140        LUT2 (Prop_lut2_I1_O)        0.124    24.829 r  u_top/u_soc/u_soc/u_counter/g0_b0__234_i_25/O
                         net (fo=4, routed)           0.824    25.653    u_top/u_soc/u_soc/u_counter/g0_b0__234_i_25_n_0
    SLICE_X15Y134        LUT4 (Prop_lut4_I0_O)        0.124    25.777 r  u_top/u_soc/u_soc/u_counter/g0_b0__234_i_7/O
                         net (fo=8, routed)           1.047    26.824    u_top/u_soc/u_soc/u_counter/g0_b0__234_i_7_n_0
    SLICE_X22Y128        LUT5 (Prop_lut5_I1_O)        0.124    26.948 r  u_top/u_soc/u_soc/u_counter/g0_b0__240_i_23/O
                         net (fo=1, routed)           1.188    28.136    u_top/u_soc/u_soc/u_counter/g0_b0__240_i_23_n_0
    SLICE_X23Y132        LUT6 (Prop_lut6_I1_O)        0.124    28.260 r  u_top/u_soc/u_soc/u_counter/g0_b0__240_i_14/O
                         net (fo=1, routed)           0.348    28.608    u_top/u_soc/u_soc/u_counter/g0_b0__240_i_14_n_0
    SLICE_X22Y132        LUT4 (Prop_lut4_I3_O)        0.124    28.732 r  u_top/u_soc/u_soc/u_counter/g0_b0__240_i_4/O
                         net (fo=32, routed)          0.883    29.615    u_top/u_soc/u_soc/u_counter/g0_b0__240_i_4_n_0
    SLICE_X23Y135        LUT6 (Prop_lut6_I3_O)        0.124    29.739 r  u_top/u_soc/u_soc/u_counter/g1_b5__240/O
                         net (fo=1, routed)           1.022    30.761    u_top/u_soc/u_soc/u_counter/u_aes_dec/g0_b0__258_i_19_1
    SLICE_X24Y135        LUT6 (Prop_lut6_I3_O)        0.124    30.885 r  u_top/u_soc/u_soc/u_counter/u_aes_dec/p_0_out_inferred__76/g0_b0__258_i_26/O
                         net (fo=7, routed)           0.631    31.516    u_top/u_soc/u_soc/u_counter/p_0_in6_in[77]
    SLICE_X30Y135        LUT2 (Prop_lut2_I0_O)        0.124    31.640 r  u_top/u_soc/u_soc/u_counter/g0_b0__253_i_23/O
                         net (fo=3, routed)           0.516    32.156    u_top/u_soc/u_soc/u_counter/g0_b0__253_i_23_n_0
    SLICE_X29Y135        LUT2 (Prop_lut2_I1_O)        0.124    32.280 r  u_top/u_soc/u_soc/u_counter/g0_b0__259_i_9/O
                         net (fo=8, routed)           0.485    32.765    u_top/u_soc/u_soc/u_counter/g0_b0__259_i_9_n_0
    SLICE_X29Y135        LUT2 (Prop_lut2_I0_O)        0.124    32.889 r  u_top/u_soc/u_soc/u_counter/g0_b0__248_i_8/O
                         net (fo=9, routed)           0.865    33.754    u_top/u_soc/u_soc/u_counter/g0_b0__248_i_8_n_0
    SLICE_X29Y139        LUT6 (Prop_lut6_I1_O)        0.124    33.878 r  u_top/u_soc/u_soc/u_counter/g0_b0__258_i_9/O
                         net (fo=1, routed)           0.433    34.311    u_top/u_soc/u_soc/u_counter/g0_b0__258_i_9_n_0
    SLICE_X29Y139        LUT4 (Prop_lut4_I3_O)        0.124    34.435 r  u_top/u_soc/u_soc/u_counter/g0_b0__258_i_1/O
                         net (fo=32, routed)          1.088    35.523    u_top/u_soc/u_soc/u_counter/g0_b0__258_i_1_n_0
    SLICE_X30Y137        LUT6 (Prop_lut6_I0_O)        0.124    35.647 r  u_top/u_soc/u_soc/u_counter/g3_b0__258/O
                         net (fo=1, routed)           0.000    35.647    u_top/u_soc/u_soc/u_counter/u_aes_dec/p_0_out_inferred__94/g0_b0__264_i_24_1
    SLICE_X30Y137        MUXF7 (Prop_muxf7_I1_O)      0.214    35.861 r  u_top/u_soc/u_soc/u_counter/u_aes_dec/p_0_out_inferred__94/g0_b0__264_i_50/O
                         net (fo=1, routed)           0.000    35.861    u_top/u_soc/u_soc/u_counter/u_aes_dec/p_0_out_inferred__94/g0_b0__264_i_50_n_0
    SLICE_X30Y137        MUXF8 (Prop_muxf8_I1_O)      0.088    35.949 r  u_top/u_soc/u_soc/u_counter/u_aes_dec/p_0_out_inferred__94/g0_b0__264_i_24/O
                         net (fo=4, routed)           1.092    37.041    u_top/u_soc/u_soc/u_counter/p_0_in8_in[88]
    SLICE_X32Y130        LUT2 (Prop_lut2_I1_O)        0.344    37.385 r  u_top/u_soc/u_soc/u_counter/g0_b0__264_i_29/O
                         net (fo=8, routed)           0.768    38.154    u_top/u_soc/u_soc/u_counter/g0_b0__264_i_29_n_0
    SLICE_X31Y125        LUT6 (Prop_lut6_I3_O)        0.332    38.486 r  u_top/u_soc/u_soc/u_counter/g0_b0__275_i_27/O
                         net (fo=1, routed)           0.819    39.305    u_top/u_soc/u_soc/u_counter/g0_b0__275_i_27_n_0
    SLICE_X31Y126        LUT4 (Prop_lut4_I3_O)        0.124    39.429 r  u_top/u_soc/u_soc/u_counter/g0_b0__275_i_20/O
                         net (fo=1, routed)           0.628    40.058    u_top/u_soc/u_soc/u_counter/g0_b0__275_i_20_n_0
    SLICE_X34Y124        LUT6 (Prop_lut6_I5_O)        0.124    40.182 r  u_top/u_soc/u_soc/u_counter/g0_b0__275_i_11/O
                         net (fo=1, routed)           1.049    41.230    u_top/u_soc/u_soc/u_counter/g0_b0__275_i_11_n_0
    SLICE_X36Y134        LUT4 (Prop_lut4_I3_O)        0.124    41.354 r  u_top/u_soc/u_soc/u_counter/g0_b0__275_i_4/O
                         net (fo=32, routed)          1.115    42.469    u_top/u_soc/u_soc/u_counter/g0_b0__275_i_4_n_0
    SLICE_X40Y139        LUT6 (Prop_lut6_I3_O)        0.124    42.593 r  u_top/u_soc/u_soc/u_counter/g3_b6__275/O
                         net (fo=1, routed)           0.841    43.435    u_top/u_soc/u_soc/u_counter/u_aes_dec/g0_b0__297_i_77
    SLICE_X42Y139        LUT6 (Prop_lut6_I0_O)        0.124    43.559 r  u_top/u_soc/u_soc/u_counter/u_aes_dec/p_0_out_inferred__111/g0_b0__279_i_38/O
                         net (fo=7, routed)           0.907    44.466    u_top/u_soc/u_soc/u_counter/p_0_in10_in[102]
    SLICE_X47Y135        LUT4 (Prop_lut4_I0_O)        0.124    44.590 r  u_top/u_soc/u_soc/u_counter/g0_b0__279_i_12/O
                         net (fo=8, routed)           1.009    45.598    u_top/u_soc/u_soc/u_counter/g0_b0__279_i_12_n_0
    SLICE_X47Y131        LUT5 (Prop_lut5_I3_O)        0.124    45.722 r  u_top/u_soc/u_soc/u_counter/g0_b0__284_i_3/O
                         net (fo=32, routed)          1.470    47.193    u_top/u_soc/u_soc/u_counter/g0_b0__284_i_3_n_0
    SLICE_X54Y129        LUT6 (Prop_lut6_I2_O)        0.124    47.317 r  u_top/u_soc/u_soc/u_counter/g0_b5__284/O
                         net (fo=1, routed)           0.790    48.107    u_top/u_soc/u_soc/u_counter/u_aes_dec/g0_b0__302_i_23_2
    SLICE_X53Y129        LUT6 (Prop_lut6_I5_O)        0.124    48.231 r  u_top/u_soc/u_soc/u_counter/u_aes_dec/p_0_out_inferred__120/g0_b0__302_i_27/O
                         net (fo=7, routed)           1.048    49.279    u_top/u_soc/u_soc/u_counter/p_0_in12_in[45]
    SLICE_X53Y122        LUT2 (Prop_lut2_I0_O)        0.154    49.433 r  u_top/u_soc/u_soc/u_counter/g0_b0__297_i_65/O
                         net (fo=4, routed)           0.851    50.283    u_top/u_soc/u_soc/u_counter/g0_b0__297_i_65_n_0
    SLICE_X52Y118        LUT4 (Prop_lut4_I2_O)        0.327    50.610 r  u_top/u_soc/u_soc/u_counter/g0_b0__297_i_25/O
                         net (fo=7, routed)           0.773    51.383    u_top/u_soc/u_soc/u_counter/g0_b0__297_i_25_n_0
    SLICE_X49Y118        LUT6 (Prop_lut6_I1_O)        0.124    51.507 r  u_top/u_soc/u_soc/u_counter/g0_b0__308_i_14/O
                         net (fo=1, routed)           0.556    52.063    u_top/u_soc/u_soc/u_counter/g0_b0__308_i_14_n_0
    SLICE_X49Y115        LUT5 (Prop_lut5_I1_O)        0.124    52.187 r  u_top/u_soc/u_soc/u_counter/g0_b0__308_i_4/O
                         net (fo=32, routed)          1.732    53.919    u_top/u_soc/u_soc/u_counter/g0_b0__308_i_4_n_0
    SLICE_X52Y97         LUT6 (Prop_lut6_I3_O)        0.124    54.043 r  u_top/u_soc/u_soc/u_counter/g3_b6__308/O
                         net (fo=1, routed)           0.789    54.832    u_top/u_soc/u_soc/u_counter/u_aes_dec/dec_pt_q[47]_i_9_3
    SLICE_X51Y97         LUT6 (Prop_lut6_I0_O)        0.124    54.956 r  u_top/u_soc/u_soc/u_counter/u_aes_dec/p_0_out_inferred__144/g0_b0__321_i_18/O
                         net (fo=6, routed)           0.608    55.564    u_top/u_soc/u_soc/u_counter/p_0_in14_in[110]
    SLICE_X51Y96         LUT2 (Prop_lut2_I0_O)        0.124    55.688 r  u_top/u_soc/u_soc/u_counter/g0_b0__321_i_10/O
                         net (fo=4, routed)           0.491    56.179    u_top/u_soc/u_soc/u_counter/g0_b0__321_i_10_n_0
    SLICE_X50Y95         LUT3 (Prop_lut3_I2_O)        0.124    56.303 r  u_top/u_soc/u_soc/u_counter/g0_b0__311_i_15/O
                         net (fo=8, routed)           0.830    57.133    u_top/u_soc/u_soc/u_counter/g0_b0__311_i_15_n_0
    SLICE_X52Y95         LUT6 (Prop_lut6_I4_O)        0.124    57.257 r  u_top/u_soc/u_soc/u_counter/g0_b0__311_i_3/O
                         net (fo=32, routed)          1.115    58.372    u_top/u_soc/u_soc/u_counter/g0_b0__311_i_3_n_0
    SLICE_X52Y92         LUT6 (Prop_lut6_I2_O)        0.124    58.496 r  u_top/u_soc/u_soc/u_counter/g3_b1__311/O
                         net (fo=1, routed)           0.715    59.211    u_top/u_soc/u_soc/u_counter/u_aes_dec/dec_pt_q_reg[1]_1
    SLICE_X54Y93         LUT6 (Prop_lut6_I0_O)        0.124    59.335 r  u_top/u_soc/u_soc/u_counter/u_aes_dec/p_0_out_inferred__147/dec_pt_q[1]_i_2/O
                         net (fo=1, routed)           0.680    60.015    u_top/u_soc/u_soc/u_counter/u_aes_dec_n_1614
    SLICE_X54Y93         LUT5 (Prop_lut5_I0_O)        0.124    60.139 r  u_top/u_soc/u_soc/u_counter/dec_pt_q[1]_i_1/O
                         net (fo=1, routed)           0.000    60.139    u_top/u_soc/u_soc/u_counter/dec_pt_q[1]_i_1_n_0
    SLICE_X54Y93         FDCE                                         r  u_top/u_soc/u_soc/u_counter/dec_pt_q_reg[1]/D
  -------------------------------------------------------------------    -------------------

                         (clock clk_w rise edge)     40.000    40.000 r  
    F14                                               0.000    40.000 r  clk100mhz (IN)
                         net (fo=0)                   0.000    40.000    u_pll/clk100mhz
    F14                  IBUF (Prop_ibuf_I_O)         1.388    41.388 r  u_pll/IBUF_IN/O
                         net (fo=1, routed)           1.181    42.569    u_pll/clkref_buffered_w
    PLLE2_ADV_X0Y1       PLLE2_ADV (Prop_plle2_adv_CLKIN1_CLKOUT2)
                                                     -6.594    35.975 r  u_pll/u_pll/CLKOUT2
                         net (fo=1, routed)           1.582    37.557    clk_w
    BUFGCTRL_X0Y16       BUFG (Prop_bufg_I_O)         0.091    37.648 r  clk_w_BUFG_inst/O
                         net (fo=4981, routed)        1.439    39.087    u_top/u_soc/u_soc/u_counter/clk_w_BUFG
    SLICE_X54Y93         FDCE                                         r  u_top/u_soc/u_soc/u_counter/dec_pt_q_reg[1]/C
                         clock pessimism             -0.456    38.631    
                         clock uncertainty           -0.099    38.531    
    SLICE_X54Y93         FDCE (Setup_fdce_C_D)        0.077    38.608    u_top/u_soc/u_soc/u_counter/dec_pt_q_reg[1]
  -------------------------------------------------------------------
                         required time                         38.608    
                         arrival time                         -60.139    
  -------------------------------------------------------------------
                         slack                                -21.531    

Slack (VIOLATED) :        -21.509ns  (required time - arrival time)
  Source:                 u_top/u_soc/u_soc/u_counter/aes_key_q_reg[80]/C
                            (rising edge-triggered cell FDCE clocked by clk_w  {rise@0.000ns fall@20.000ns period=40.000ns})
  Destination:            u_top/u_soc/u_soc/u_counter/dec_pt_q_reg[27]/D
                            (rising edge-triggered cell FDCE clocked by clk_w  {rise@0.000ns fall@20.000ns period=40.000ns})
  Path Group:             clk_w
  Path Type:              Setup (Max at Slow Process Corner)
  Requirement:            40.000ns  (clk_w rise@40.000ns - clk_w rise@0.000ns)
  Data Path Delay:        61.405ns  (logic 9.085ns (14.795%)  route 52.320ns (85.205%))
  Logic Levels:           63  (LUT2=13 LUT3=2 LUT4=6 LUT5=7 LUT6=32 MUXF7=2 MUXF8=1)
  Clock Path Skew:        -0.035ns (DCD - SCD + CPR)
    Destination Clock Delay (DCD):    -0.745ns = ( 39.255 - 40.000 ) 
    Source Clock Delay      (SCD):    -1.086ns
    Clock Pessimism Removal (CPR):    -0.376ns
  Clock Uncertainty:      0.099ns  ((TSJ^2 + DJ^2)^1/2) / 2 + PE
    Total System Jitter     (TSJ):    0.071ns
    Discrete Jitter          (DJ):    0.186ns
    Phase Error              (PE):    0.000ns

    Location             Delay type                Incr(ns)  Path(ns)    Netlist Resource(s)
  -------------------------------------------------------------------    -------------------
                         (clock clk_w rise edge)      0.000     0.000 r  
    F14                                               0.000     0.000 r  clk100mhz (IN)
                         net (fo=0)                   0.000     0.000    u_pll/clk100mhz
    F14                  IBUF (Prop_ibuf_I_O)         1.458     1.458 r  u_pll/IBUF_IN/O
                         net (fo=1, routed)           1.253     2.712    u_pll/clkref_buffered_w
    PLLE2_ADV_X0Y1       PLLE2_ADV (Prop_plle2_adv_CLKIN1_CLKOUT2)
                                                     -7.284    -4.572 r  u_pll/u_pll/CLKOUT2
                         net (fo=1, routed)           1.660    -2.912    clk_w
    BUFGCTRL_X0Y16       BUFG (Prop_bufg_I_O)         0.096    -2.816 r  clk_w_BUFG_inst/O
                         net (fo=4981, routed)        1.730    -1.086    u_top/u_soc/u_soc/u_counter/clk_w_BUFG
    SLICE_X16Y116        FDCE                                         r  u_top/u_soc/u_soc/u_counter/aes_key_q_reg[80]/C
  -------------------------------------------------------------------    -------------------
    SLICE_X16Y116        FDCE (Prop_fdce_C_Q)         0.456    -0.630 r  u_top/u_soc/u_soc/u_counter/aes_key_q_reg[80]/Q
                         net (fo=95, routed)          0.781     0.151    u_top/u_soc/u_soc/u_counter/aes_key_q[80]
    SLICE_X22Y113        LUT4 (Prop_lut4_I3_O)        0.124     0.275 r  u_top/u_soc/u_soc/u_counter/g0_b0__166_i_1/O
                         net (fo=33, routed)          1.273     1.549    u_top/u_soc/u_soc/u_counter/(null)[4].w[16]
    SLICE_X24Y111        LUT6 (Prop_lut6_I0_O)        0.124     1.673 r  u_top/u_soc/u_soc/u_counter/g1_b2__166/O
                         net (fo=1, routed)           0.000     1.673    u_top/u_soc/u_soc/u_counter/u_aes_dec/g0_b0__182_i_2_0
    SLICE_X24Y111        MUXF7 (Prop_muxf7_I1_O)      0.245     1.918 r  u_top/u_soc/u_soc/u_counter/u_aes_dec/p_0_out_inferred__2/g0_b0__178_i_9/O
                         net (fo=3, routed)           0.000     1.918    u_top/u_soc/u_soc/u_counter/u_aes_dec/aes_key_q_reg[54]_3
    SLICE_X24Y111        MUXF8 (Prop_muxf8_I0_O)      0.104     2.022 r  u_top/u_soc/u_soc/u_counter/u_aes_dec/p_0_out_inferred__2/g0_b0__170_i_9/O
                         net (fo=2, routed)           0.670     2.692    u_top/u_soc/u_soc/u_counter/subword0_return0[2]
    SLICE_X26Y112        LUT5 (Prop_lut5_I1_O)        0.316     3.008 r  u_top/u_soc/u_soc/u_counter/g0_b0__170_i_3/O
                         net (fo=32, routed)          1.349     4.357    u_top/u_soc/u_soc/u_counter/(null)[9].(null)[0].a17[26]
    SLICE_X32Y111        LUT6 (Prop_lut6_I2_O)        0.124     4.481 r  u_top/u_soc/u_soc/u_counter/g3_b5__170/O
                         net (fo=2, routed)           0.859     5.340    u_top/u_soc/u_soc/u_counter/u_aes_dec/g0_b0__192_i_39_5
    SLICE_X32Y111        LUT6 (Prop_lut6_I0_O)        0.124     5.464 r  u_top/u_soc/u_soc/u_counter/u_aes_dec/p_0_out_inferred__6/g0_b0__186_i_67/O
                         net (fo=6, routed)           1.180     6.644    u_top/u_soc/u_soc/u_counter/(null)[9].(null)[0].a4[5]
    SLICE_X25Y108        LUT6 (Prop_lut6_I2_O)        0.124     6.768 r  u_top/u_soc/u_soc/u_counter/g0_b0__186_i_24/O
                         net (fo=8, routed)           0.734     7.501    u_top/u_soc/u_soc/u_counter/g0_b0__186_i_24_n_0
    SLICE_X24Y104        LUT5 (Prop_lut5_I1_O)        0.124     7.625 r  u_top/u_soc/u_soc/u_counter/g0_b0__187_i_35/O
                         net (fo=1, routed)           0.797     8.422    u_top/u_soc/u_soc/u_counter/g0_b0__187_i_35_n_0
    SLICE_X23Y103        LUT6 (Prop_lut6_I4_O)        0.124     8.546 r  u_top/u_soc/u_soc/u_counter/g0_b0__187_i_19/O
                         net (fo=1, routed)           0.775     9.321    u_top/u_soc/u_soc/u_counter/g0_b0__187_i_19_n_0
    SLICE_X21Y103        LUT5 (Prop_lut5_I4_O)        0.124     9.445 r  u_top/u_soc/u_soc/u_counter/g0_b0__187_i_4/O
                         net (fo=32, routed)          1.739    11.184    u_top/u_soc/u_soc/u_counter/(null)[9].(null)[0].a172606_out[3]
    SLICE_X2Y103         LUT6 (Prop_lut6_I3_O)        0.124    11.308 r  u_top/u_soc/u_soc/u_counter/g3_b6__187/O
                         net (fo=2, routed)           0.774    12.081    u_top/u_soc/u_soc/u_counter/u_aes_dec/g0_b0__240_i_44_2
    SLICE_X2Y104         LUT6 (Prop_lut6_I0_O)        0.124    12.205 r  u_top/u_soc/u_soc/u_counter/u_aes_dec/p_0_out_inferred__23/g0_b0__201_i_7/O
                         net (fo=10, routed)          0.778    12.984    u_top/u_soc/u_soc/u_counter/p_0_in0_in[38]
    SLICE_X2Y108         LUT2 (Prop_lut2_I0_O)        0.124    13.108 r  u_top/u_soc/u_soc/u_counter/g0_b0__206_i_13/O
                         net (fo=4, routed)           0.704    13.811    u_top/u_soc/u_soc/u_counter/g0_b0__206_i_13_n_0
    SLICE_X2Y111         LUT2 (Prop_lut2_I0_O)        0.124    13.935 r  u_top/u_soc/u_soc/u_counter/g0_b0__201_i_51/O
                         net (fo=2, routed)           1.092    15.027    u_top/u_soc/u_soc/u_counter/g0_b0__201_i_51_n_0
    SLICE_X4Y115         LUT6 (Prop_lut6_I2_O)        0.124    15.151 r  u_top/u_soc/u_soc/u_counter/g0_b0__201_i_19/O
                         net (fo=1, routed)           0.722    15.873    u_top/u_soc/u_soc/u_counter/g0_b0__201_i_19_n_0
    SLICE_X4Y116         LUT6 (Prop_lut6_I5_O)        0.124    15.997 r  u_top/u_soc/u_soc/u_counter/g0_b0__201_i_3/O
                         net (fo=32, routed)          1.300    17.296    u_top/u_soc/u_soc/u_counter/g0_b0__201_i_3_n_0
    SLICE_X3Y121         LUT6 (Prop_lut6_I2_O)        0.124    17.420 r  u_top/u_soc/u_soc/u_counter/g2_b5__201/O
                         net (fo=1, routed)           0.769    18.190    u_top/u_soc/u_soc/u_counter/u_aes_dec/g0_b0__219_i_22_0
    SLICE_X4Y121         LUT6 (Prop_lut6_I1_O)        0.124    18.314 r  u_top/u_soc/u_soc/u_counter/u_aes_dec/p_0_out_inferred__37/g0_b0__219_i_41/O
                         net (fo=6, routed)           0.849    19.163    u_top/u_soc/u_soc/u_counter/p_0_in2_in[21]
    SLICE_X13Y121        LUT2 (Prop_lut2_I1_O)        0.124    19.287 r  u_top/u_soc/u_soc/u_counter/g0_b0__218_i_32/O
                         net (fo=4, routed)           0.179    19.466    u_top/u_soc/u_soc/u_counter/g0_b0__218_i_32_n_0
    SLICE_X13Y121        LUT2 (Prop_lut2_I0_O)        0.124    19.590 r  u_top/u_soc/u_soc/u_counter/g0_b0__218_i_9/O
                         net (fo=4, routed)           0.482    20.071    u_top/u_soc/u_soc/u_counter/g0_b0__218_i_9_n_0
    SLICE_X17Y122        LUT2 (Prop_lut2_I1_O)        0.124    20.195 r  u_top/u_soc/u_soc/u_counter/g0_b0__229_i_17/O
                         net (fo=6, routed)           0.593    20.789    u_top/u_soc/u_soc/u_counter/g0_b0__229_i_17_n_0
    SLICE_X21Y123        LUT6 (Prop_lut6_I2_O)        0.124    20.913 r  u_top/u_soc/u_soc/u_counter/g0_b0__218_i_19/O
                         net (fo=1, routed)           0.492    21.405    u_top/u_soc/u_soc/u_counter/g0_b0__218_i_19_n_0
    SLICE_X19Y123        LUT6 (Prop_lut6_I5_O)        0.124    21.529 r  u_top/u_soc/u_soc/u_counter/g0_b0__218_i_4/O
                         net (fo=32, routed)          1.284    22.812    u_top/u_soc/u_soc/u_counter/g0_b0__218_i_4_n_0
    SLICE_X17Y136        LUT6 (Prop_lut6_I3_O)        0.124    22.936 r  u_top/u_soc/u_soc/u_counter/g3_b5__218/O
                         net (fo=2, routed)           1.172    24.108    u_top/u_soc/u_soc/u_counter/u_aes_dec/g0_b0__249_i_91_6
    SLICE_X17Y138        LUT6 (Prop_lut6_I0_O)        0.124    24.232 r  u_top/u_soc/u_soc/u_counter/u_aes_dec/p_0_out_inferred__54/g0_b0__240_i_25/O
                         net (fo=6, routed)           0.473    24.705    u_top/u_soc/u_soc/u_counter/p_0_in4_in[29]
    SLICE_X17Y140        LUT2 (Prop_lut2_I1_O)        0.124    24.829 r  u_top/u_soc/u_soc/u_counter/g0_b0__234_i_25/O
                         net (fo=4, routed)           0.824    25.653    u_top/u_soc/u_soc/u_counter/g0_b0__234_i_25_n_0
    SLICE_X15Y134        LUT4 (Prop_lut4_I0_O)        0.124    25.777 r  u_top/u_soc/u_soc/u_counter/g0_b0__234_i_7/O
                         net (fo=8, routed)           1.047    26.824    u_top/u_soc/u_soc/u_counter/g0_b0__234_i_7_n_0
    SLICE_X22Y128        LUT5 (Prop_lut5_I1_O)        0.124    26.948 r  u_top/u_soc/u_soc/u_counter/g0_b0__240_i_23/O
                         net (fo=1, routed)           1.188    28.136    u_top/u_soc/u_soc/u_counter/g0_b0__240_i_23_n_0
    SLICE_X23Y132        LUT6 (Prop_lut6_I1_O)        0.124    28.260 r  u_top/u_soc/u_soc/u_counter/g0_b0__240_i_14/O
                         net (fo=1, routed)           0.348    28.608    u_top/u_soc/u_soc/u_counter/g0_b0__240_i_14_n_0
    SLICE_X22Y132        LUT4 (Prop_lut4_I3_O)        0.124    28.732 r  u_top/u_soc/u_soc/u_counter/g0_b0__240_i_4/O
                         net (fo=32, routed)          0.883    29.615    u_top/u_soc/u_soc/u_counter/g0_b0__240_i_4_n_0
    SLICE_X23Y135        LUT6 (Prop_lut6_I3_O)        0.124    29.739 r  u_top/u_soc/u_soc/u_counter/g1_b5__240/O
                         net (fo=1, routed)           1.022    30.761    u_top/u_soc/u_soc/u_counter/u_aes_dec/g0_b0__258_i_19_1
    SLICE_X24Y135        LUT6 (Prop_lut6_I3_O)        0.124    30.885 r  u_top/u_soc/u_soc/u_counter/u_aes_dec/p_0_out_inferred__76/g0_b0__258_i_26/O
                         net (fo=7, routed)           0.631    31.516    u_top/u_soc/u_soc/u_counter/p_0_in6_in[77]
    SLICE_X30Y135        LUT2 (Prop_lut2_I0_O)        0.124    31.640 r  u_top/u_soc/u_soc/u_counter/g0_b0__253_i_23/O
                         net (fo=3, routed)           0.516    32.156    u_top/u_soc/u_soc/u_counter/g0_b0__253_i_23_n_0
    SLICE_X29Y135        LUT2 (Prop_lut2_I1_O)        0.124    32.280 r  u_top/u_soc/u_soc/u_counter/g0_b0__259_i_9/O
                         net (fo=8, routed)           0.485    32.765    u_top/u_soc/u_soc/u_counter/g0_b0__259_i_9_n_0
    SLICE_X29Y135        LUT2 (Prop_lut2_I0_O)        0.124    32.889 r  u_top/u_soc/u_soc/u_counter/g0_b0__248_i_8/O
                         net (fo=9, routed)           0.865    33.754    u_top/u_soc/u_soc/u_counter/g0_b0__248_i_8_n_0
    SLICE_X29Y139        LUT6 (Prop_lut6_I1_O)        0.124    33.878 r  u_top/u_soc/u_soc/u_counter/g0_b0__258_i_9/O
                         net (fo=1, routed)           0.433    34.311    u_top/u_soc/u_soc/u_counter/g0_b0__258_i_9_n_0
    SLICE_X29Y139        LUT4 (Prop_lut4_I3_O)        0.124    34.435 r  u_top/u_soc/u_soc/u_counter/g0_b0__258_i_1/O
                         net (fo=32, routed)          1.126    35.562    u_top/u_soc/u_soc/u_counter/g0_b0__258_i_1_n_0
    SLICE_X30Y144        LUT6 (Prop_lut6_I0_O)        0.124    35.686 r  u_top/u_soc/u_soc/u_counter/g2_b5__258/O
                         net (fo=1, routed)           0.658    36.344    u_top/u_soc/u_soc/u_counter/u_aes_dec/dec_pt_q[95]_i_54_4
    SLICE_X31Y144        LUT6 (Prop_lut6_I1_O)        0.124    36.468 r  u_top/u_soc/u_soc/u_counter/u_aes_dec/p_0_out_inferred__94/g0_b0__269_i_34/O
                         net (fo=6, routed)           1.032    37.499    u_top/u_soc/u_soc/u_counter/p_0_in8_in[93]
    SLICE_X35Y127        LUT2 (Prop_lut2_I1_O)        0.124    37.623 r  u_top/u_soc/u_soc/u_counter/g0_b0__269_i_22/O
                         net (fo=5, routed)           0.918    38.541    u_top/u_soc/u_soc/u_counter/g0_b0__269_i_22_n_0
    SLICE_X36Y131        LUT2 (Prop_lut2_I1_O)        0.124    38.665 r  u_top/u_soc/u_soc/u_counter/g0_b0__269_i_10/O
                         net (fo=10, routed)          0.724    39.390    u_top/u_soc/u_soc/u_counter/g0_b0__269_i_10_n_0
    SLICE_X35Y132        LUT6 (Prop_lut6_I0_O)        0.124    39.514 r  u_top/u_soc/u_soc/u_counter/g0_b0__274_i_8/O
                         net (fo=1, routed)           0.487    40.000    u_top/u_soc/u_soc/u_counter/g0_b0__274_i_8_n_0
    SLICE_X35Y140        LUT6 (Prop_lut6_I5_O)        0.124    40.124 r  u_top/u_soc/u_soc/u_counter/g0_b0__274_i_1/O
                         net (fo=32, routed)          1.228    41.353    u_top/u_soc/u_soc/u_counter/g0_b0__274_i_1_n_0
    SLICE_X35Y144        LUT6 (Prop_lut6_I0_O)        0.124    41.477 r  u_top/u_soc/u_soc/u_counter/g3_b5__274/O
                         net (fo=2, routed)           0.857    42.334    u_top/u_soc/u_soc/u_counter/u_aes_dec/g0_b0__280_i_25
    SLICE_X35Y144        LUT6 (Prop_lut6_I0_O)        0.124    42.458 r  u_top/u_soc/u_soc/u_counter/u_aes_dec/p_0_out_inferred__110/g0_b0__280_i_56/O
                         net (fo=8, routed)           0.628    43.086    u_top/u_soc/u_soc/u_counter/p_0_in10_in[93]
    SLICE_X39Y143        LUT2 (Prop_lut2_I1_O)        0.124    43.210 r  u_top/u_soc/u_soc/u_counter/g0_b0__280_i_37/O
                         net (fo=4, routed)           0.671    43.881    u_top/u_soc/u_soc/u_counter/g0_b0__280_i_37_n_0
    SLICE_X41Y142        LUT4 (Prop_lut4_I2_O)        0.124    44.005 r  u_top/u_soc/u_soc/u_counter/g0_b0__285_i_12/O
                         net (fo=7, routed)           1.040    45.045    u_top/u_soc/u_soc/u_counter/g0_b0__285_i_12_n_0
    SLICE_X41Y140        LUT6 (Prop_lut6_I2_O)        0.124    45.169 r  u_top/u_soc/u_soc/u_counter/g0_b0__290_i_15/O
                         net (fo=1, routed)           0.295    45.464    u_top/u_soc/u_soc/u_counter/g0_b0__290_i_15_n_0
    SLICE_X41Y139        LUT4 (Prop_lut4_I3_O)        0.124    45.588 r  u_top/u_soc/u_soc/u_counter/g0_b0__290_i_5/O
                         net (fo=32, routed)          1.449    47.038    u_top/u_soc/u_soc/u_counter/g0_b0__290_i_5_n_0
    SLICE_X48Y141        LUT6 (Prop_lut6_I4_O)        0.124    47.162 r  u_top/u_soc/u_soc/u_counter/g3_b7__290/O
                         net (fo=2, routed)           1.015    48.176    u_top/u_soc/u_soc/u_counter/u_aes_dec/dec_pt_q[95]_i_29_6
    SLICE_X48Y135        LUT6 (Prop_lut6_I0_O)        0.124    48.300 r  u_top/u_soc/u_soc/u_counter/u_aes_dec/p_0_out_inferred__126/g0_b0__301_i_30/O
                         net (fo=15, routed)          1.823    50.124    u_top/u_soc/u_soc/u_counter/p_0_in12_in[95]
    SLICE_X57Y114        LUT5 (Prop_lut5_I2_O)        0.124    50.248 r  u_top/u_soc/u_soc/u_counter/g0_b0__296_i_26/O
                         net (fo=1, routed)           0.875    51.123    u_top/u_soc/u_soc/u_counter/g0_b0__296_i_26_n_0
    SLICE_X57Y107        LUT3 (Prop_lut3_I2_O)        0.124    51.247 r  u_top/u_soc/u_soc/u_counter/g0_b0__296_i_9/O
                         net (fo=1, routed)           0.545    51.793    u_top/u_soc/u_soc/u_counter/g0_b0__296_i_9_n_0
    SLICE_X57Y103        LUT5 (Prop_lut5_I3_O)        0.124    51.917 r  u_top/u_soc/u_soc/u_counter/g0_b0__296_i_2/O
                         net (fo=32, routed)          1.075    52.992    u_top/u_soc/u_soc/u_counter/g0_b0__296_i_2_n_0
    SLICE_X56Y101        LUT6 (Prop_lut6_I1_O)        0.124    53.116 r  u_top/u_soc/u_soc/u_counter/g2_b6__296/O
                         net (fo=1, routed)           1.300    54.415    u_top/u_soc/u_soc/u_counter/u_aes_dec/g0_b0__320_i_8_0
    SLICE_X44Y98         LUT6 (Prop_lut6_I1_O)        0.124    54.539 r  u_top/u_soc/u_soc/u_counter/u_aes_dec/p_0_out_inferred__132/g0_b0__320_i_26/O
                         net (fo=7, routed)           1.000    55.540    u_top/u_soc/u_soc/u_counter/p_0_in14_in[14]
    SLICE_X38Y99         LUT2 (Prop_lut2_I0_O)        0.149    55.689 r  u_top/u_soc/u_soc/u_counter/g0_b0__314_i_47/O
                         net (fo=3, routed)           0.818    56.507    u_top/u_soc/u_soc/u_counter/g0_b0__314_i_47_n_0
    SLICE_X37Y98         LUT3 (Prop_lut3_I0_O)        0.355    56.862 r  u_top/u_soc/u_soc/u_counter/g0_b0__314_i_16/O
                         net (fo=6, routed)           1.080    57.941    u_top/u_soc/u_soc/u_counter/g0_b0__314_i_16_n_0
    SLICE_X30Y100        LUT6 (Prop_lut6_I2_O)        0.124    58.065 r  u_top/u_soc/u_soc/u_counter/g0_b0__314_i_6/O
                         net (fo=32, routed)          1.125    59.190    u_top/u_soc/u_soc/u_counter/p_0_in[29]
    SLICE_X32Y103        LUT6 (Prop_lut6_I5_O)        0.124    59.314 r  u_top/u_soc/u_soc/u_counter/g1_b3__314/O
                         net (fo=1, routed)           0.000    59.314    u_top/u_soc/u_soc/u_counter/u_aes_dec/dec_pt_q_reg[27]_0
    SLICE_X32Y103        MUXF7 (Prop_muxf7_I1_O)      0.217    59.531 r  u_top/u_soc/u_soc/u_counter/u_aes_dec/p_0_out_inferred__150/dec_pt_q_reg[27]_i_3/O
                         net (fo=1, routed)           0.489    60.021    u_top/u_soc/u_soc/u_counter/u_aes_dec_n_1665
    SLICE_X31Y102        LUT5 (Prop_lut5_I2_O)        0.299    60.320 r  u_top/u_soc/u_soc/u_counter/dec_pt_q[27]_i_1/O
                         net (fo=1, routed)           0.000    60.320    u_top/u_soc/u_soc/u_counter/dec_pt_q[27]_i_1_n_0
    SLICE_X31Y102        FDCE                                         r  u_top/u_soc/u_soc/u_counter/dec_pt_q_reg[27]/D
  -------------------------------------------------------------------    -------------------

                         (clock clk_w rise edge)     40.000    40.000 r  
    F14                                               0.000    40.000 r  clk100mhz (IN)
                         net (fo=0)                   0.000    40.000    u_pll/clk100mhz
    F14                  IBUF (Prop_ibuf_I_O)         1.388    41.388 r  u_pll/IBUF_IN/O
                         net (fo=1, routed)           1.181    42.569    u_pll/clkref_buffered_w
    PLLE2_ADV_X0Y1       PLLE2_ADV (Prop_plle2_adv_CLKIN1_CLKOUT2)
                                                     -6.594    35.975 r  u_pll/u_pll/CLKOUT2
                         net (fo=1, routed)           1.582    37.557    clk_w
    BUFGCTRL_X0Y16       BUFG (Prop_bufg_I_O)         0.091    37.648 r  clk_w_BUFG_inst/O
                         net (fo=4981, routed)        1.607    39.255    u_top/u_soc/u_soc/u_counter/clk_w_BUFG
    SLICE_X31Y102        FDCE                                         r  u_top/u_soc/u_soc/u_counter/dec_pt_q_reg[27]/C
                         clock pessimism             -0.376    38.879    
                         clock uncertainty           -0.099    38.780    
    SLICE_X31Y102        FDCE (Setup_fdce_C_D)        0.031    38.811    u_top/u_soc/u_soc/u_counter/dec_pt_q_reg[27]
  -------------------------------------------------------------------
                         required time                         38.811    
                         arrival time                         -60.320    
  -------------------------------------------------------------------
                         slack                                -21.509    





Min Delay Paths
--------------------------------------------------------------------------------------
Slack (MET) :             0.069ns  (arrival time - required time)
  Source:                 u_top/u_soc/u_soc/u_counter/dec_pt_q_reg[57]/C
                            (rising edge-triggered cell FDCE clocked by clk_w  {rise@0.000ns fall@20.000ns period=40.000ns})
  Destination:            u_top/u_soc/u_soc/u_counter/rd_data_q_reg[25]/D
                            (rising edge-triggered cell FDCE clocked by clk_w  {rise@0.000ns fall@20.000ns period=40.000ns})
  Path Group:             clk_w
  Path Type:              Hold (Min at Fast Process Corner)
  Requirement:            0.000ns  (clk_w rise@0.000ns - clk_w rise@0.000ns)
  Data Path Delay:        0.455ns  (logic 0.186ns (40.866%)  route 0.269ns (59.134%))
  Logic Levels:           1  (LUT6=1)
  Clock Path Skew:        0.265ns (DCD - SCD - CPR)
    Destination Clock Delay (DCD):    0.102ns
    Source Clock Delay      (SCD):    -0.156ns
    Clock Pessimism Removal (CPR):    -0.007ns

    Location             Delay type                Incr(ns)  Path(ns)    Netlist Resource(s)
  -------------------------------------------------------------------    -------------------
                         (clock clk_w rise edge)      0.000     0.000 r  
    F14                                               0.000     0.000 r  clk100mhz (IN)
                         net (fo=0)                   0.000     0.000    u_pll/clk100mhz
    F14                  IBUF (Prop_ibuf_I_O)         0.226     0.226 r  u_pll/IBUF_IN/O
                         net (fo=1, routed)           0.440     0.667    u_pll/clkref_buffered_w
    PLLE2_ADV_X0Y1       PLLE2_ADV (Prop_plle2_adv_CLKIN1_CLKOUT2)
                                                     -1.910    -1.243 r  u_pll/u_pll/CLKOUT2
                         net (fo=1, routed)           0.504    -0.739    clk_w
    BUFGCTRL_X0Y16       BUFG (Prop_bufg_I_O)         0.026    -0.713 r  clk_w_BUFG_inst/O
                         net (fo=4981, routed)        0.558    -0.156    u_top/u_soc/u_soc/u_counter/clk_w_BUFG
    SLICE_X32Y91         FDCE                                         r  u_top/u_soc/u_soc/u_counter/dec_pt_q_reg[57]/C
  -------------------------------------------------------------------    -------------------
    SLICE_X32Y91         FDCE (Prop_fdce_C_Q)         0.141    -0.015 r  u_top/u_soc/u_soc/u_counter/dec_pt_q_reg[57]/Q
                         net (fo=1, routed)           0.269     0.254    u_top/u_soc/u_soc/u_counter/data7[25]
    SLICE_X42Y91         LUT6 (Prop_lut6_I1_O)        0.045     0.299 r  u_top/u_soc/u_soc/u_counter/rd_data_q[25]_i_1/O
                         net (fo=1, routed)           0.000     0.299    u_top/u_soc/u_soc/u_counter/rd_data_q[25]_i_1_n_0
    SLICE_X42Y91         FDCE                                         r  u_top/u_soc/u_soc/u_counter/rd_data_q_reg[25]/D
  -------------------------------------------------------------------    -------------------

                         (clock clk_w rise edge)      0.000     0.000 r  
    F14                                               0.000     0.000 r  clk100mhz (IN)
                         net (fo=0)                   0.000     0.000    u_pll/clk100mhz
    F14                  IBUF (Prop_ibuf_I_O)         0.414     0.414 r  u_pll/IBUF_IN/O
                         net (fo=1, routed)           0.481     0.895    u_pll/clkref_buffered_w
    PLLE2_ADV_X0Y1       PLLE2_ADV (Prop_plle2_adv_CLKIN1_CLKOUT2)
                                                     -2.199    -1.304 r  u_pll/u_pll/CLKOUT2
                         net (fo=1, routed)           0.550    -0.754    clk_w
    BUFGCTRL_X0Y16       BUFG (Prop_bufg_I_O)         0.029    -0.725 r  clk_w_BUFG_inst/O
                         net (fo=4981, routed)        0.828     0.102    u_top/u_soc/u_soc/u_counter/clk_w_BUFG
    SLICE_X42Y91         FDCE                                         r  u_top/u_soc/u_soc/u_counter/rd_data_q_reg[25]/C
                         clock pessimism              0.007     0.109    
    SLICE_X42Y91         FDCE (Hold_fdce_C_D)         0.121     0.230    u_top/u_soc/u_soc/u_counter/rd_data_q_reg[25]
  -------------------------------------------------------------------
                         required time                         -0.230    
                         arrival time                           0.299    
  -------------------------------------------------------------------
                         slack                                  0.069    

Slack (MET) :             0.071ns  (arrival time - required time)
  Source:                 u_mem/bram_waddr_reg[0]_rep__2/C
                            (rising edge-triggered cell FDRE clocked by clk_w  {rise@0.000ns fall@20.000ns period=40.000ns})
  Destination:            u_mem/mem0_reg_0_3/ADDRARDADDR[0]
                            (rising edge-triggered cell RAMB36E1 clocked by clk_w  {rise@0.000ns fall@20.000ns period=40.000ns})
  Path Group:             clk_w
  Path Type:              Hold (Min at Fast Process Corner)
  Requirement:            0.000ns  (clk_w rise@0.000ns - clk_w rise@0.000ns)
  Data Path Delay:        0.309ns  (logic 0.141ns (45.582%)  route 0.168ns (54.418%))
  Logic Levels:           0  
  Clock Path Skew:        0.055ns (DCD - SCD - CPR)
    Destination Clock Delay (DCD):    0.147ns
    Source Clock Delay      (SCD):    -0.150ns
    Clock Pessimism Removal (CPR):    0.241ns

    Location             Delay type                Incr(ns)  Path(ns)    Netlist Resource(s)
  -------------------------------------------------------------------    -------------------
                         (clock clk_w rise edge)      0.000     0.000 r  
    F14                                               0.000     0.000 r  clk100mhz (IN)
                         net (fo=0)                   0.000     0.000    u_pll/clk100mhz
    F14                  IBUF (Prop_ibuf_I_O)         0.226     0.226 r  u_pll/IBUF_IN/O
                         net (fo=1, routed)           0.440     0.667    u_pll/clkref_buffered_w
    PLLE2_ADV_X0Y1       PLLE2_ADV (Prop_plle2_adv_CLKIN1_CLKOUT2)
                                                     -1.910    -1.243 r  u_pll/u_pll/CLKOUT2
                         net (fo=1, routed)           0.504    -0.739    clk_w
    BUFGCTRL_X0Y16       BUFG (Prop_bufg_I_O)         0.026    -0.713 r  clk_w_BUFG_inst/O
                         net (fo=4981, routed)        0.564    -0.150    u_mem/clk_w_BUFG
    SLICE_X57Y17         FDRE                                         r  u_mem/bram_waddr_reg[0]_rep__2/C
  -------------------------------------------------------------------    -------------------
    SLICE_X57Y17         FDRE (Prop_fdre_C_Q)         0.141    -0.009 r  u_mem/bram_waddr_reg[0]_rep__2/Q
                         net (fo=8, routed)           0.168     0.160    u_mem/bram_waddr_reg[0]_rep__2_n_0
    RAMB36_X2Y3          RAMB36E1                                     r  u_mem/mem0_reg_0_3/ADDRARDADDR[0]
  -------------------------------------------------------------------    -------------------

                         (clock clk_w rise edge)      0.000     0.000 r  
    F14                                               0.000     0.000 r  clk100mhz (IN)
                         net (fo=0)                   0.000     0.000    u_pll/clk100mhz
    F14                  IBUF (Prop_ibuf_I_O)         0.414     0.414 r  u_pll/IBUF_IN/O
                         net (fo=1, routed)           0.481     0.895    u_pll/clkref_buffered_w
    PLLE2_ADV_X0Y1       PLLE2_ADV (Prop_plle2_adv_CLKIN1_CLKOUT2)
                                                     -2.199    -1.304 r  u_pll/u_pll/CLKOUT2
                         net (fo=1, routed)           0.550    -0.754    clk_w
    BUFGCTRL_X0Y16       BUFG (Prop_bufg_I_O)         0.029    -0.725 r  clk_w_BUFG_inst/O
                         net (fo=4981, routed)        0.872     0.147    u_mem/clk_w_BUFG
    RAMB36_X2Y3          RAMB36E1                                     r  u_mem/mem0_reg_0_3/CLKARDCLK
                         clock pessimism             -0.241    -0.094    
    RAMB36_X2Y3          RAMB36E1 (Hold_ramb36e1_CLKARDCLK_ADDRARDADDR[0])
                                                      0.183     0.089    u_mem/mem0_reg_0_3
  -------------------------------------------------------------------
                         required time                         -0.089    
                         arrival time                           0.160    
  -------------------------------------------------------------------
                         slack                                  0.071    

Slack (MET) :             0.072ns  (arrival time - required time)
  Source:                 u_mem/bram_waddr_reg[10]_rep/C
                            (rising edge-triggered cell FDRE clocked by clk_w  {rise@0.000ns fall@20.000ns period=40.000ns})
  Destination:            u_mem/mem3_reg_0_4/ADDRARDADDR[10]
                            (rising edge-triggered cell RAMB36E1 clocked by clk_w  {rise@0.000ns fall@20.000ns period=40.000ns})
  Path Group:             clk_w
  Path Type:              Hold (Min at Fast Process Corner)
  Requirement:            0.000ns  (clk_w rise@0.000ns - clk_w rise@0.000ns)
  Data Path Delay:        0.312ns  (logic 0.141ns (45.205%)  route 0.171ns (54.795%))
  Logic Levels:           0  
  Clock Path Skew:        0.056ns (DCD - SCD - CPR)
    Destination Clock Delay (DCD):    0.151ns
    Source Clock Delay      (SCD):    -0.147ns
    Clock Pessimism Removal (CPR):    0.241ns

    Location             Delay type                Incr(ns)  Path(ns)    Netlist Resource(s)
  -------------------------------------------------------------------    -------------------
                         (clock clk_w rise edge)      0.000     0.000 r  
    F14                                               0.000     0.000 r  clk100mhz (IN)
                         net (fo=0)                   0.000     0.000    u_pll/clk100mhz
    F14                  IBUF (Prop_ibuf_I_O)         0.226     0.226 r  u_pll/IBUF_IN/O
                         net (fo=1, routed)           0.440     0.667    u_pll/clkref_buffered_w
    PLLE2_ADV_X0Y1       PLLE2_ADV (Prop_plle2_adv_CLKIN1_CLKOUT2)
                                                     -1.910    -1.243 r  u_pll/u_pll/CLKOUT2
                         net (fo=1, routed)           0.504    -0.739    clk_w
    BUFGCTRL_X0Y16       BUFG (Prop_bufg_I_O)         0.026    -0.713 r  clk_w_BUFG_inst/O
                         net (fo=4981, routed)        0.567    -0.147    u_mem/clk_w_BUFG
    SLICE_X57Y12         FDRE                                         r  u_mem/bram_waddr_reg[10]_rep/C
  -------------------------------------------------------------------    -------------------
    SLICE_X57Y12         FDRE (Prop_fdre_C_Q)         0.141    -0.006 r  u_mem/bram_waddr_reg[10]_rep/Q
                         net (fo=8, routed)           0.171     0.165    u_mem/bram_waddr_reg[10]_rep_n_0
    RAMB36_X2Y2          RAMB36E1                                     r  u_mem/mem3_reg_0_4/ADDRARDADDR[10]
  -------------------------------------------------------------------    -------------------

                         (clock clk_w rise edge)      0.000     0.000 r  
    F14                                               0.000     0.000 r  clk100mhz (IN)
                         net (fo=0)                   0.000     0.000    u_pll/clk100mhz
    F14                  IBUF (Prop_ibuf_I_O)         0.414     0.414 r  u_pll/IBUF_IN/O
                         net (fo=1, routed)           0.481     0.895    u_pll/clkref_buffered_w
    PLLE2_ADV_X0Y1       PLLE2_ADV (Prop_plle2_adv_CLKIN1_CLKOUT2)
                                                     -2.199    -1.304 r  u_pll/u_pll/CLKOUT2
                         net (fo=1, routed)           0.550    -0.754    clk_w
    BUFGCTRL_X0Y16       BUFG (Prop_bufg_I_O)         0.029    -0.725 r  clk_w_BUFG_inst/O
                         net (fo=4981, routed)        0.876     0.151    u_mem/clk_w_BUFG
    RAMB36_X2Y2          RAMB36E1                                     r  u_mem/mem3_reg_0_4/CLKARDCLK
                         clock pessimism             -0.241    -0.090    
    RAMB36_X2Y2          RAMB36E1 (Hold_ramb36e1_CLKARDCLK_ADDRARDADDR[10])
                                                      0.183     0.093    u_mem/mem3_reg_0_4
  -------------------------------------------------------------------
                         required time                         -0.093    
                         arrival time                           0.165    
  -------------------------------------------------------------------
                         slack                                  0.072    

Slack (MET) :             0.073ns  (arrival time - required time)
  Source:                 u_mem/bram_waddr_reg[4]_rep/C
                            (rising edge-triggered cell FDRE clocked by clk_w  {rise@0.000ns fall@20.000ns period=40.000ns})
  Destination:            u_mem/mem3_reg_0_4/ADDRARDADDR[4]
                            (rising edge-triggered cell RAMB36E1 clocked by clk_w  {rise@0.000ns fall@20.000ns period=40.000ns})
  Path Group:             clk_w
  Path Type:              Hold (Min at Fast Process Corner)
  Requirement:            0.000ns  (clk_w rise@0.000ns - clk_w rise@0.000ns)
  Data Path Delay:        0.312ns  (logic 0.141ns (45.205%)  route 0.171ns (54.795%))
  Logic Levels:           0  
  Clock Path Skew:        0.055ns (DCD - SCD - CPR)
    Destination Clock Delay (DCD):    0.151ns
    Source Clock Delay      (SCD):    -0.146ns
    Clock Pessimism Removal (CPR):    0.241ns

    Location             Delay type                Incr(ns)  Path(ns)    Netlist Resource(s)
  -------------------------------------------------------------------    -------------------
                         (clock clk_w rise edge)      0.000     0.000 r  
    F14                                               0.000     0.000 r  clk100mhz (IN)
                         net (fo=0)                   0.000     0.000    u_pll/clk100mhz
    F14                  IBUF (Prop_ibuf_I_O)         0.226     0.226 r  u_pll/IBUF_IN/O
                         net (fo=1, routed)           0.440     0.667    u_pll/clkref_buffered_w
    PLLE2_ADV_X0Y1       PLLE2_ADV (Prop_plle2_adv_CLKIN1_CLKOUT2)
                                                     -1.910    -1.243 r  u_pll/u_pll/CLKOUT2
                         net (fo=1, routed)           0.504    -0.739    clk_w
    BUFGCTRL_X0Y16       BUFG (Prop_bufg_I_O)         0.026    -0.713 r  clk_w_BUFG_inst/O
                         net (fo=4981, routed)        0.568    -0.146    u_mem/clk_w_BUFG
    SLICE_X57Y11         FDRE                                         r  u_mem/bram_waddr_reg[4]_rep/C
  -------------------------------------------------------------------    -------------------
    SLICE_X57Y11         FDRE (Prop_fdre_C_Q)         0.141    -0.005 r  u_mem/bram_waddr_reg[4]_rep/Q
                         net (fo=8, routed)           0.171     0.166    u_mem/bram_waddr_reg[4]_rep_n_0
    RAMB36_X2Y2          RAMB36E1                                     r  u_mem/mem3_reg_0_4/ADDRARDADDR[4]
  -------------------------------------------------------------------    -------------------

                         (clock clk_w rise edge)      0.000     0.000 r  
    F14                                               0.000     0.000 r  clk100mhz (IN)
                         net (fo=0)                   0.000     0.000    u_pll/clk100mhz
    F14                  IBUF (Prop_ibuf_I_O)         0.414     0.414 r  u_pll/IBUF_IN/O
                         net (fo=1, routed)           0.481     0.895    u_pll/clkref_buffered_w
    PLLE2_ADV_X0Y1       PLLE2_ADV (Prop_plle2_adv_CLKIN1_CLKOUT2)
                                                     -2.199    -1.304 r  u_pll/u_pll/CLKOUT2
                         net (fo=1, routed)           0.550    -0.754    clk_w
    BUFGCTRL_X0Y16       BUFG (Prop_bufg_I_O)         0.029    -0.725 r  clk_w_BUFG_inst/O
                         net (fo=4981, routed)        0.876     0.151    u_mem/clk_w_BUFG
    RAMB36_X2Y2          RAMB36E1                                     r  u_mem/mem3_reg_0_4/CLKARDCLK
                         clock pessimism             -0.241    -0.090    
    RAMB36_X2Y2          RAMB36E1 (Hold_ramb36e1_CLKARDCLK_ADDRARDADDR[4])
                                                      0.183     0.093    u_mem/mem3_reg_0_4
  -------------------------------------------------------------------
                         required time                         -0.093    
                         arrival time                           0.166    
  -------------------------------------------------------------------
                         slack                                  0.073    

Slack (MET) :             0.077ns  (arrival time - required time)
  Source:                 u_mem/bram_waddr_reg[4]_rep__2/C
                            (rising edge-triggered cell FDRE clocked by clk_w  {rise@0.000ns fall@20.000ns period=40.000ns})
  Destination:            u_mem/mem0_reg_0_2/ADDRARDADDR[4]
                            (rising edge-triggered cell RAMB36E1 clocked by clk_w  {rise@0.000ns fall@20.000ns period=40.000ns})
  Path Group:             clk_w
  Path Type:              Hold (Min at Fast Process Corner)
  Requirement:            0.000ns  (clk_w rise@0.000ns - clk_w rise@0.000ns)
  Data Path Delay:        0.313ns  (logic 0.141ns (45.012%)  route 0.172ns (54.988%))
  Logic Levels:           0  
  Clock Path Skew:        0.053ns (DCD - SCD - CPR)
    Destination Clock Delay (DCD):    0.141ns
    Source Clock Delay      (SCD):    -0.154ns
    Clock Pessimism Removal (CPR):    0.241ns

    Location             Delay type                Incr(ns)  Path(ns)    Netlist Resource(s)
  -------------------------------------------------------------------    -------------------
                         (clock clk_w rise edge)      0.000     0.000 r  
    F14                                               0.000     0.000 r  clk100mhz (IN)
                         net (fo=0)                   0.000     0.000    u_pll/clk100mhz
    F14                  IBUF (Prop_ibuf_I_O)         0.226     0.226 r  u_pll/IBUF_IN/O
                         net (fo=1, routed)           0.440     0.667    u_pll/clkref_buffered_w
    PLLE2_ADV_X0Y1       PLLE2_ADV (Prop_plle2_adv_CLKIN1_CLKOUT2)
                                                     -1.910    -1.243 r  u_pll/u_pll/CLKOUT2
                         net (fo=1, routed)           0.504    -0.739    clk_w
    BUFGCTRL_X0Y16       BUFG (Prop_bufg_I_O)         0.026    -0.713 r  clk_w_BUFG_inst/O
                         net (fo=4981, routed)        0.560    -0.154    u_mem/clk_w_BUFG
    SLICE_X57Y21         FDRE                                         r  u_mem/bram_waddr_reg[4]_rep__2/C
  -------------------------------------------------------------------    -------------------
    SLICE_X57Y21         FDRE (Prop_fdre_C_Q)         0.141    -0.013 r  u_mem/bram_waddr_reg[4]_rep__2/Q
                         net (fo=8, routed)           0.172     0.159    u_mem/bram_waddr_reg[4]_rep__2_n_0
    RAMB36_X2Y4          RAMB36E1                                     r  u_mem/mem0_reg_0_2/ADDRARDADDR[4]
  -------------------------------------------------------------------    -------------------

                         (clock clk_w rise edge)      0.000     0.000 r  
    F14                                               0.000     0.000 r  clk100mhz (IN)
                         net (fo=0)                   0.000     0.000    u_pll/clk100mhz
    F14                  IBUF (Prop_ibuf_I_O)         0.414     0.414 r  u_pll/IBUF_IN/O
                         net (fo=1, routed)           0.481     0.895    u_pll/clkref_buffered_w
    PLLE2_ADV_X0Y1       PLLE2_ADV (Prop_plle2_adv_CLKIN1_CLKOUT2)
                                                     -2.199    -1.304 r  u_pll/u_pll/CLKOUT2
                         net (fo=1, routed)           0.550    -0.754    clk_w
    BUFGCTRL_X0Y16       BUFG (Prop_bufg_I_O)         0.029    -0.725 r  clk_w_BUFG_inst/O
                         net (fo=4981, routed)        0.866     0.141    u_mem/clk_w_BUFG
    RAMB36_X2Y4          RAMB36E1                                     r  u_mem/mem0_reg_0_2/CLKARDCLK
                         clock pessimism             -0.241    -0.100    
    RAMB36_X2Y4          RAMB36E1 (Hold_ramb36e1_CLKARDCLK_ADDRARDADDR[4])
                                                      0.183     0.083    u_mem/mem0_reg_0_2
  -------------------------------------------------------------------
                         required time                         -0.083    
                         arrival time                           0.159    
  -------------------------------------------------------------------
                         slack                                  0.077    

Slack (MET) :             0.079ns  (arrival time - required time)
  Source:                 u_top/u_soc/u_core/u_core/u_lsu/mem_req_tag_q_reg[6]/C
                            (rising edge-triggered cell FDCE clocked by clk_w  {rise@0.000ns fall@20.000ns period=40.000ns})
  Destination:            u_top/u_soc/u_core/u_core/u_mmu/lsu_in_addr_q_reg[1]/D
                            (rising edge-triggered cell FDCE clocked by clk_w  {rise@0.000ns fall@20.000ns period=40.000ns})
  Path Group:             clk_w
  Path Type:              Hold (Min at Fast Process Corner)
  Requirement:            0.000ns  (clk_w rise@0.000ns - clk_w rise@0.000ns)
  Data Path Delay:        0.413ns  (logic 0.141ns (34.139%)  route 0.272ns (65.861%))
  Logic Levels:           0  
  Clock Path Skew:        0.264ns (DCD - SCD - CPR)
    Destination Clock Delay (DCD):    0.099ns
    Source Clock Delay      (SCD):    -0.158ns
    Clock Pessimism Removal (CPR):    -0.007ns

    Location             Delay type                Incr(ns)  Path(ns)    Netlist Resource(s)
  -------------------------------------------------------------------    -------------------
                         (clock clk_w rise edge)      0.000     0.000 r  
    F14                                               0.000     0.000 r  clk100mhz (IN)
                         net (fo=0)                   0.000     0.000    u_pll/clk100mhz
    F14                  IBUF (Prop_ibuf_I_O)         0.226     0.226 r  u_pll/IBUF_IN/O
                         net (fo=1, routed)           0.440     0.667    u_pll/clkref_buffered_w
    PLLE2_ADV_X0Y1       PLLE2_ADV (Prop_plle2_adv_CLKIN1_CLKOUT2)
                                                     -1.910    -1.243 r  u_pll/u_pll/CLKOUT2
                         net (fo=1, routed)           0.504    -0.739    clk_w
    BUFGCTRL_X0Y16       BUFG (Prop_bufg_I_O)         0.026    -0.713 r  clk_w_BUFG_inst/O
                         net (fo=4981, routed)        0.556    -0.158    u_top/u_soc/u_core/u_core/u_lsu/clk_w_BUFG
    SLICE_X37Y29         FDCE                                         r  u_top/u_soc/u_core/u_core/u_lsu/mem_req_tag_q_reg[6]/C
  -------------------------------------------------------------------    -------------------
    SLICE_X37Y29         FDCE (Prop_fdce_C_Q)         0.141    -0.017 r  u_top/u_soc/u_core/u_core/u_lsu/mem_req_tag_q_reg[6]/Q
                         net (fo=6, routed)           0.272     0.255    u_top/u_soc/u_core/u_core/u_mmu/mmu_lsu_req_tag_w[1]
    SLICE_X29Y30         FDCE                                         r  u_top/u_soc/u_core/u_core/u_mmu/lsu_in_addr_q_reg[1]/D
  -------------------------------------------------------------------    -------------------

                         (clock clk_w rise edge)      0.000     0.000 r  
    F14                                               0.000     0.000 r  clk100mhz (IN)
                         net (fo=0)                   0.000     0.000    u_pll/clk100mhz
    F14                  IBUF (Prop_ibuf_I_O)         0.414     0.414 r  u_pll/IBUF_IN/O
                         net (fo=1, routed)           0.481     0.895    u_pll/clkref_buffered_w
    PLLE2_ADV_X0Y1       PLLE2_ADV (Prop_plle2_adv_CLKIN1_CLKOUT2)
                                                     -2.199    -1.304 r  u_pll/u_pll/CLKOUT2
                         net (fo=1, routed)           0.550    -0.754    clk_w
    BUFGCTRL_X0Y16       BUFG (Prop_bufg_I_O)         0.029    -0.725 r  clk_w_BUFG_inst/O
                         net (fo=4981, routed)        0.825     0.099    u_top/u_soc/u_core/u_core/u_mmu/clk_w_BUFG
    SLICE_X29Y30         FDCE                                         r  u_top/u_soc/u_core/u_core/u_mmu/lsu_in_addr_q_reg[1]/C
                         clock pessimism              0.007     0.106    
    SLICE_X29Y30         FDCE (Hold_fdce_C_D)         0.070     0.176    u_top/u_soc/u_core/u_core/u_mmu/lsu_in_addr_q_reg[1]
  -------------------------------------------------------------------
                         required time                         -0.176    
                         arrival time                           0.255    
  -------------------------------------------------------------------
                         slack                                  0.079    

Slack (MET) :             0.085ns  (arrival time - required time)
  Source:                 u_top/u_soc/u_soc/u_counter/dec_pt_q_reg[60]/C
                            (rising edge-triggered cell FDCE clocked by clk_w  {rise@0.000ns fall@20.000ns period=40.000ns})
  Destination:            u_top/u_soc/u_soc/u_counter/rd_data_q_reg[28]/D
                            (rising edge-triggered cell FDCE clocked by clk_w  {rise@0.000ns fall@20.000ns period=40.000ns})
  Path Group:             clk_w
  Path Type:              Hold (Min at Fast Process Corner)
  Requirement:            0.000ns  (clk_w rise@0.000ns - clk_w rise@0.000ns)
  Data Path Delay:        0.443ns  (logic 0.186ns (41.967%)  route 0.257ns (58.033%))
  Logic Levels:           1  (LUT6=1)
  Clock Path Skew:        0.266ns (DCD - SCD - CPR)
    Destination Clock Delay (DCD):    0.102ns
    Source Clock Delay      (SCD):    -0.157ns
    Clock Pessimism Removal (CPR):    -0.007ns

    Location             Delay type                Incr(ns)  Path(ns)    Netlist Resource(s)
  -------------------------------------------------------------------    -------------------
                         (clock clk_w rise edge)      0.000     0.000 r  
    F14                                               0.000     0.000 r  clk100mhz (IN)
                         net (fo=0)                   0.000     0.000    u_pll/clk100mhz
    F14                  IBUF (Prop_ibuf_I_O)         0.226     0.226 r  u_pll/IBUF_IN/O
                         net (fo=1, routed)           0.440     0.667    u_pll/clkref_buffered_w
    PLLE2_ADV_X0Y1       PLLE2_ADV (Prop_plle2_adv_CLKIN1_CLKOUT2)
                                                     -1.910    -1.243 r  u_pll/u_pll/CLKOUT2
                         net (fo=1, routed)           0.504    -0.739    clk_w
    BUFGCTRL_X0Y16       BUFG (Prop_bufg_I_O)         0.026    -0.713 r  clk_w_BUFG_inst/O
                         net (fo=4981, routed)        0.557    -0.157    u_top/u_soc/u_soc/u_counter/clk_w_BUFG
    SLICE_X29Y88         FDCE                                         r  u_top/u_soc/u_soc/u_counter/dec_pt_q_reg[60]/C
  -------------------------------------------------------------------    -------------------
    SLICE_X29Y88         FDCE (Prop_fdce_C_Q)         0.141    -0.016 r  u_top/u_soc/u_soc/u_counter/dec_pt_q_reg[60]/Q
                         net (fo=1, routed)           0.257     0.241    u_top/u_soc/u_soc/u_counter/data7[28]
    SLICE_X41Y91         LUT6 (Prop_lut6_I1_O)        0.045     0.286 r  u_top/u_soc/u_soc/u_counter/rd_data_q[28]_i_1/O
                         net (fo=1, routed)           0.000     0.286    u_top/u_soc/u_soc/u_counter/rd_data_q[28]_i_1_n_0
    SLICE_X41Y91         FDCE                                         r  u_top/u_soc/u_soc/u_counter/rd_data_q_reg[28]/D
  -------------------------------------------------------------------    -------------------

                         (clock clk_w rise edge)      0.000     0.000 r  
    F14                                               0.000     0.000 r  clk100mhz (IN)
                         net (fo=0)                   0.000     0.000    u_pll/clk100mhz
    F14                  IBUF (Prop_ibuf_I_O)         0.414     0.414 r  u_pll/IBUF_IN/O
                         net (fo=1, routed)           0.481     0.895    u_pll/clkref_buffered_w
    PLLE2_ADV_X0Y1       PLLE2_ADV (Prop_plle2_adv_CLKIN1_CLKOUT2)
                                                     -2.199    -1.304 r  u_pll/u_pll/CLKOUT2
                         net (fo=1, routed)           0.550    -0.754    clk_w
    BUFGCTRL_X0Y16       BUFG (Prop_bufg_I_O)         0.029    -0.725 r  clk_w_BUFG_inst/O
                         net (fo=4981, routed)        0.828     0.102    u_top/u_soc/u_soc/u_counter/clk_w_BUFG
    SLICE_X41Y91         FDCE                                         r  u_top/u_soc/u_soc/u_counter/rd_data_q_reg[28]/C
                         clock pessimism              0.007     0.109    
    SLICE_X41Y91         FDCE (Hold_fdce_C_D)         0.092     0.201    u_top/u_soc/u_soc/u_counter/rd_data_q_reg[28]
  -------------------------------------------------------------------
                         required time                         -0.201    
                         arrival time                           0.286    
  -------------------------------------------------------------------
                         slack                                  0.085    

Slack (MET) :             0.090ns  (arrival time - required time)
  Source:                 u_top/u_soc/u_core/u_core/u_fetch/fetch_pc_q_reg[31]/C
                            (rising edge-triggered cell FDCE clocked by clk_w  {rise@0.000ns fall@20.000ns period=40.000ns})
  Destination:            u_top/u_soc/u_core/u_core/u_fetch/pc_d_q_reg[31]/D
                            (rising edge-triggered cell FDCE clocked by clk_w  {rise@0.000ns fall@20.000ns period=40.000ns})
  Path Group:             clk_w
  Path Type:              Hold (Min at Fast Process Corner)
  Requirement:            0.000ns  (clk_w rise@0.000ns - clk_w rise@0.000ns)
  Data Path Delay:        0.432ns  (logic 0.186ns (43.007%)  route 0.246ns (56.993%))
  Logic Levels:           1  (LUT5=1)
  Clock Path Skew:        0.264ns (DCD - SCD - CPR)
    Destination Clock Delay (DCD):    0.107ns
    Source Clock Delay      (SCD):    -0.150ns
    Clock Pessimism Removal (CPR):    -0.007ns

    Location             Delay type                Incr(ns)  Path(ns)    Netlist Resource(s)
  -------------------------------------------------------------------    -------------------
                         (clock clk_w rise edge)      0.000     0.000 r  
    F14                                               0.000     0.000 r  clk100mhz (IN)
                         net (fo=0)                   0.000     0.000    u_pll/clk100mhz
    F14                  IBUF (Prop_ibuf_I_O)         0.226     0.226 r  u_pll/IBUF_IN/O
                         net (fo=1, routed)           0.440     0.667    u_pll/clkref_buffered_w
    PLLE2_ADV_X0Y1       PLLE2_ADV (Prop_plle2_adv_CLKIN1_CLKOUT2)
                                                     -1.910    -1.243 r  u_pll/u_pll/CLKOUT2
                         net (fo=1, routed)           0.504    -0.739    clk_w
    BUFGCTRL_X0Y16       BUFG (Prop_bufg_I_O)         0.026    -0.713 r  clk_w_BUFG_inst/O
                         net (fo=4981, routed)        0.564    -0.150    u_top/u_soc/u_core/u_core/u_fetch/clk_w_BUFG
    SLICE_X32Y42         FDCE                                         r  u_top/u_soc/u_core/u_core/u_fetch/fetch_pc_q_reg[31]/C
  -------------------------------------------------------------------    -------------------
    SLICE_X32Y42         FDCE (Prop_fdce_C_Q)         0.141    -0.009 r  u_top/u_soc/u_core/u_core/u_fetch/fetch_pc_q_reg[31]/Q
                         net (fo=2, routed)           0.065     0.056    u_top/u_soc/u_core/u_core/u_fetch/fetch_pc_q_reg[31]
    SLICE_X33Y42         LUT5 (Prop_lut5_I2_O)        0.045     0.101 r  u_top/u_soc/u_core/u_core/u_fetch/pc_d_q[31]_i_2/O
                         net (fo=5, routed)           0.181     0.283    u_top/u_soc/u_core/u_core/u_fetch/D[29]
    SLICE_X37Y41         FDCE                                         r  u_top/u_soc/u_core/u_core/u_fetch/pc_d_q_reg[31]/D
  -------------------------------------------------------------------    -------------------

                         (clock clk_w rise edge)      0.000     0.000 r  
    F14                                               0.000     0.000 r  clk100mhz (IN)
                         net (fo=0)                   0.000     0.000    u_pll/clk100mhz
    F14                  IBUF (Prop_ibuf_I_O)         0.414     0.414 r  u_pll/IBUF_IN/O
                         net (fo=1, routed)           0.481     0.895    u_pll/clkref_buffered_w
    PLLE2_ADV_X0Y1       PLLE2_ADV (Prop_plle2_adv_CLKIN1_CLKOUT2)
                                                     -2.199    -1.304 r  u_pll/u_pll/CLKOUT2
                         net (fo=1, routed)           0.550    -0.754    clk_w
    BUFGCTRL_X0Y16       BUFG (Prop_bufg_I_O)         0.029    -0.725 r  clk_w_BUFG_inst/O
                         net (fo=4981, routed)        0.833     0.107    u_top/u_soc/u_core/u_core/u_fetch/clk_w_BUFG
    SLICE_X37Y41         FDCE                                         r  u_top/u_soc/u_core/u_core/u_fetch/pc_d_q_reg[31]/C
                         clock pessimism              0.007     0.114    
    SLICE_X37Y41         FDCE (Hold_fdce_C_D)         0.078     0.192    u_top/u_soc/u_core/u_core/u_fetch/pc_d_q_reg[31]
  -------------------------------------------------------------------
                         required time                         -0.192    
                         arrival time                           0.283    
  -------------------------------------------------------------------
                         slack                                  0.090    

Slack (MET) :             0.097ns  (arrival time - required time)
  Source:                 u_top/u_dbg/u_uart/rx_shift_reg_q_reg[5]/C
                            (rising edge-triggered cell FDCE clocked by clk_w  {rise@0.000ns fall@20.000ns period=40.000ns})
  Destination:            u_top/u_dbg/u_uart/rx_data_q_reg[5]/D
                            (rising edge-triggered cell FDCE clocked by clk_w  {rise@0.000ns fall@20.000ns period=40.000ns})
  Path Group:             clk_w
  Path Type:              Hold (Min at Fast Process Corner)
  Requirement:            0.000ns  (clk_w rise@0.000ns - clk_w rise@0.000ns)
  Data Path Delay:        0.466ns  (logic 0.226ns (48.502%)  route 0.240ns (51.498%))
  Logic Levels:           1  (LUT2=1)
  Clock Path Skew:        0.277ns (DCD - SCD - CPR)
    Destination Clock Delay (DCD):    0.143ns
    Source Clock Delay      (SCD):    -0.122ns
    Clock Pessimism Removal (CPR):    -0.012ns

    Location             Delay type                Incr(ns)  Path(ns)    Netlist Resource(s)
  -------------------------------------------------------------------    -------------------
                         (clock clk_w rise edge)      0.000     0.000 r  
    F14                                               0.000     0.000 r  clk100mhz (IN)
                         net (fo=0)                   0.000     0.000    u_pll/clk100mhz
    F14                  IBUF (Prop_ibuf_I_O)         0.226     0.226 r  u_pll/IBUF_IN/O
                         net (fo=1, routed)           0.440     0.667    u_pll/clkref_buffered_w
    PLLE2_ADV_X0Y1       PLLE2_ADV (Prop_plle2_adv_CLKIN1_CLKOUT2)
                                                     -1.910    -1.243 r  u_pll/u_pll/CLKOUT2
                         net (fo=1, routed)           0.504    -0.739    clk_w
    BUFGCTRL_X0Y16       BUFG (Prop_bufg_I_O)         0.026    -0.713 r  clk_w_BUFG_inst/O
                         net (fo=4981, routed)        0.592    -0.122    u_top/u_dbg/u_uart/clk_w_BUFG
    SLICE_X62Y50         FDCE                                         r  u_top/u_dbg/u_uart/rx_shift_reg_q_reg[5]/C
  -------------------------------------------------------------------    -------------------
    SLICE_X62Y50         FDCE (Prop_fdce_C_Q)         0.128     0.006 r  u_top/u_dbg/u_uart/rx_shift_reg_q_reg[5]/Q
                         net (fo=2, routed)           0.240     0.246    u_top/u_dbg/u_uart/rx_shift_reg_q[5]
    SLICE_X62Y49         LUT2 (Prop_lut2_I1_O)        0.098     0.344 r  u_top/u_dbg/u_uart/rx_data_q[5]_i_1__0/O
                         net (fo=1, routed)           0.000     0.344    u_top/u_dbg/u_uart/rx_data_q[5]_i_1__0_n_0
    SLICE_X62Y49         FDCE                                         r  u_top/u_dbg/u_uart/rx_data_q_reg[5]/D
  -------------------------------------------------------------------    -------------------

                         (clock clk_w rise edge)      0.000     0.000 r  
    F14                                               0.000     0.000 r  clk100mhz (IN)
                         net (fo=0)                   0.000     0.000    u_pll/clk100mhz
    F14                  IBUF (Prop_ibuf_I_O)         0.414     0.414 r  u_pll/IBUF_IN/O
                         net (fo=1, routed)           0.481     0.895    u_pll/clkref_buffered_w
    PLLE2_ADV_X0Y1       PLLE2_ADV (Prop_plle2_adv_CLKIN1_CLKOUT2)
                                                     -2.199    -1.304 r  u_pll/u_pll/CLKOUT2
                         net (fo=1, routed)           0.550    -0.754    clk_w
    BUFGCTRL_X0Y16       BUFG (Prop_bufg_I_O)         0.029    -0.725 r  clk_w_BUFG_inst/O
                         net (fo=4981, routed)        0.869     0.143    u_top/u_dbg/u_uart/clk_w_BUFG
    SLICE_X62Y49         FDCE                                         r  u_top/u_dbg/u_uart/rx_data_q_reg[5]/C
                         clock pessimism              0.012     0.155    
    SLICE_X62Y49         FDCE (Hold_fdce_C_D)         0.092     0.247    u_top/u_dbg/u_uart/rx_data_q_reg[5]
  -------------------------------------------------------------------
                         required time                         -0.247    
                         arrival time                           0.344    
  -------------------------------------------------------------------
                         slack                                  0.097    

Slack (MET) :             0.101ns  (arrival time - required time)
  Source:                 u_top/u_soc/u_soc/u_counter/dec_pt_q_reg[16]/C
                            (rising edge-triggered cell FDCE clocked by clk_w  {rise@0.000ns fall@20.000ns period=40.000ns})
  Destination:            u_top/u_soc/u_soc/u_counter/rd_data_q_reg[16]/D
                            (rising edge-triggered cell FDCE clocked by clk_w  {rise@0.000ns fall@20.000ns period=40.000ns})
  Path Group:             clk_w
  Path Type:              Hold (Min at Fast Process Corner)
  Requirement:            0.000ns  (clk_w rise@0.000ns - clk_w rise@0.000ns)
  Data Path Delay:        0.486ns  (logic 0.186ns (38.271%)  route 0.300ns (61.729%))
  Logic Levels:           1  (LUT6=1)
  Clock Path Skew:        0.265ns (DCD - SCD - CPR)
    Destination Clock Delay (DCD):    0.101ns
    Source Clock Delay      (SCD):    -0.157ns
    Clock Pessimism Removal (CPR):    -0.007ns

    Location             Delay type                Incr(ns)  Path(ns)    Netlist Resource(s)
  -------------------------------------------------------------------    -------------------
                         (clock clk_w rise edge)      0.000     0.000 r  
    F14                                               0.000     0.000 r  clk100mhz (IN)
                         net (fo=0)                   0.000     0.000    u_pll/clk100mhz
    F14                  IBUF (Prop_ibuf_I_O)         0.226     0.226 r  u_pll/IBUF_IN/O
                         net (fo=1, routed)           0.440     0.667    u_pll/clkref_buffered_w
    PLLE2_ADV_X0Y1       PLLE2_ADV (Prop_plle2_adv_CLKIN1_CLKOUT2)
                                                     -1.910    -1.243 r  u_pll/u_pll/CLKOUT2
                         net (fo=1, routed)           0.504    -0.739    clk_w
    BUFGCTRL_X0Y16       BUFG (Prop_bufg_I_O)         0.026    -0.713 r  clk_w_BUFG_inst/O
                         net (fo=4981, routed)        0.557    -0.157    u_top/u_soc/u_soc/u_counter/clk_w_BUFG
    SLICE_X32Y89         FDCE                                         r  u_top/u_soc/u_soc/u_counter/dec_pt_q_reg[16]/C
  -------------------------------------------------------------------    -------------------
    SLICE_X32Y89         FDCE (Prop_fdce_C_Q)         0.141    -0.016 r  u_top/u_soc/u_soc/u_counter/dec_pt_q_reg[16]/Q
                         net (fo=1, routed)           0.300     0.284    u_top/u_soc/u_soc/u_counter/dec_pt_q_reg_n_0_[16]
    SLICE_X42Y89         LUT6 (Prop_lut6_I3_O)        0.045     0.329 r  u_top/u_soc/u_soc/u_counter/rd_data_q[16]_i_1/O
                         net (fo=1, routed)           0.000     0.329    u_top/u_soc/u_soc/u_counter/rd_data_q[16]_i_1_n_0
    SLICE_X42Y89         FDCE                                         r  u_top/u_soc/u_soc/u_counter/rd_data_q_reg[16]/D
  -------------------------------------------------------------------    -------------------

                         (clock clk_w rise edge)      0.000     0.000 r  
    F14                                               0.000     0.000 r  clk100mhz (IN)
                         net (fo=0)                   0.000     0.000    u_pll/clk100mhz
    F14                  IBUF (Prop_ibuf_I_O)         0.414     0.414 r  u_pll/IBUF_IN/O
                         net (fo=1, routed)           0.481     0.895    u_pll/clkref_buffered_w
    PLLE2_ADV_X0Y1       PLLE2_ADV (Prop_plle2_adv_CLKIN1_CLKOUT2)
                                                     -2.199    -1.304 r  u_pll/u_pll/CLKOUT2
                         net (fo=1, routed)           0.550    -0.754    clk_w
    BUFGCTRL_X0Y16       BUFG (Prop_bufg_I_O)         0.029    -0.725 r  clk_w_BUFG_inst/O
                         net (fo=4981, routed)        0.827     0.101    u_top/u_soc/u_soc/u_counter/clk_w_BUFG
    SLICE_X42Y89         FDCE                                         r  u_top/u_soc/u_soc/u_counter/rd_data_q_reg[16]/C
                         clock pessimism              0.007     0.108    
    SLICE_X42Y89         FDCE (Hold_fdce_C_D)         0.120     0.228    u_top/u_soc/u_soc/u_counter/rd_data_q_reg[16]
  -------------------------------------------------------------------
                         required time                         -0.228    
                         arrival time                           0.329    
  -------------------------------------------------------------------
                         slack                                  0.101    





Pulse Width Checks
--------------------------------------------------------------------------------------
Clock Name:         clk_w
Waveform(ns):       { 0.000 20.000 }
Period(ns):         40.000
Sources:            { u_pll/u_pll/CLKOUT2 }

Check Type        Corner  Lib Pin             Reference Pin  Required(ns)  Actual(ns)  Slack(ns)  Location        Pin
Min Period        n/a     RAMB36E1/CLKARDCLK  n/a            2.944         40.000      37.056     RAMB36_X2Y5     u_mem/mem0_reg_0_0/CLKARDCLK
Min Period        n/a     RAMB36E1/CLKARDCLK  n/a            2.944         40.000      37.056     RAMB36_X1Y5     u_mem/mem0_reg_0_1/CLKARDCLK
Min Period        n/a     RAMB36E1/CLKARDCLK  n/a            2.944         40.000      37.056     RAMB36_X2Y4     u_mem/mem0_reg_0_2/CLKARDCLK
Min Period        n/a     RAMB36E1/CLKARDCLK  n/a            2.944         40.000      37.056     RAMB36_X2Y3     u_mem/mem0_reg_0_3/CLKARDCLK
Min Period        n/a     RAMB36E1/CLKARDCLK  n/a            2.944         40.000      37.056     RAMB36_X1Y4     u_mem/mem0_reg_0_4/CLKARDCLK
Min Period        n/a     RAMB36E1/CLKARDCLK  n/a            2.944         40.000      37.056     RAMB36_X1Y3     u_mem/mem0_reg_0_5/CLKARDCLK
Min Period        n/a     RAMB36E1/CLKARDCLK  n/a            2.944         40.000      37.056     RAMB36_X0Y4     u_mem/mem0_reg_0_6/CLKARDCLK
Min Period        n/a     RAMB36E1/CLKARDCLK  n/a            2.944         40.000      37.056     RAMB36_X0Y3     u_mem/mem0_reg_0_7/CLKARDCLK
Min Period        n/a     RAMB36E1/CLKARDCLK  n/a            2.944         40.000      37.056     RAMB36_X2Y12    u_mem/mem1_reg_0_0/CLKARDCLK
Min Period        n/a     RAMB36E1/CLKARDCLK  n/a            2.944         40.000      37.056     RAMB36_X2Y7     u_mem/mem1_reg_0_1/CLKARDCLK
Max Period        n/a     PLLE2_ADV/CLKOUT2   n/a            160.000       40.000      120.000    PLLE2_ADV_X0Y1  u_pll/u_pll/CLKOUT2
Low Pulse Width   Slow    FDPE/C              n/a            0.500         20.000      19.500     SLICE_X63Y45    txd_q_reg/C
Low Pulse Width   Fast    FDPE/C              n/a            0.500         20.000      19.500     SLICE_X63Y45    txd_q_reg/C
Low Pulse Width   Slow    FDSE/C              n/a            0.500         20.000      19.500     SLICE_X65Y26    u_mem/FSM_onehot_rd_state_reg[0]/C
Low Pulse Width   Fast    FDSE/C              n/a            0.500         20.000      19.500     SLICE_X65Y26    u_mem/FSM_onehot_rd_state_reg[0]/C
Low Pulse Width   Slow    FDRE/C              n/a            0.500         20.000      19.500     SLICE_X64Y29    u_mem/FSM_onehot_rd_state_reg[1]/C
Low Pulse Width   Fast    FDRE/C              n/a            0.500         20.000      19.500     SLICE_X64Y29    u_mem/FSM_onehot_rd_state_reg[1]/C
Low Pulse Width   Slow    FDRE/C              n/a            0.500         20.000      19.500     SLICE_X64Y29    u_mem/FSM_onehot_rd_state_reg[2]/C
Low Pulse Width   Fast    FDRE/C              n/a            0.500         20.000      19.500     SLICE_X64Y29    u_mem/FSM_onehot_rd_state_reg[2]/C
Low Pulse Width   Slow    FDSE/C              n/a            0.500         20.000      19.500     SLICE_X65Y31    u_mem/FSM_onehot_wr_state_reg[0]/C
Low Pulse Width   Fast    FDSE/C              n/a            0.500         20.000      19.500     SLICE_X65Y31    u_mem/FSM_onehot_wr_state_reg[0]/C
High Pulse Width  Slow    FDPE/C              n/a            0.500         20.000      19.500     SLICE_X63Y45    txd_q_reg/C
High Pulse Width  Fast    FDPE/C              n/a            0.500         20.000      19.500     SLICE_X63Y45    txd_q_reg/C
High Pulse Width  Slow    FDSE/C              n/a            0.500         20.000      19.500     SLICE_X65Y26    u_mem/FSM_onehot_rd_state_reg[0]/C
High Pulse Width  Fast    FDSE/C              n/a            0.500         20.000      19.500     SLICE_X65Y26    u_mem/FSM_onehot_rd_state_reg[0]/C
High Pulse Width  Slow    FDRE/C              n/a            0.500         20.000      19.500     SLICE_X64Y29    u_mem/FSM_onehot_rd_state_reg[1]/C
High Pulse Width  Fast    FDRE/C              n/a            0.500         20.000      19.500     SLICE_X64Y29    u_mem/FSM_onehot_rd_state_reg[1]/C
High Pulse Width  Slow    FDRE/C              n/a            0.500         20.000      19.500     SLICE_X64Y29    u_mem/FSM_onehot_rd_state_reg[2]/C
High Pulse Width  Fast    FDRE/C              n/a            0.500         20.000      19.500     SLICE_X64Y29    u_mem/FSM_onehot_rd_state_reg[2]/C
High Pulse Width  Slow    FDSE/C              n/a            0.500         20.000      19.500     SLICE_X65Y31    u_mem/FSM_onehot_wr_state_reg[0]/C
High Pulse Width  Fast    FDSE/C              n/a            0.500         20.000      19.500     SLICE_X65Y31    u_mem/FSM_onehot_wr_state_reg[0]/C



---------------------------------------------------------------------------------------------------
From Clock:  clkfbout_w
  To Clock:  clkfbout_w

Setup :           NA  Failing Endpoints,  Worst Slack           NA  ,  Total Violation           NA
Hold  :           NA  Failing Endpoints,  Worst Slack           NA  ,  Total Violation           NA
PW    :            0  Failing Endpoints,  Worst Slack        7.845ns,  Total Violation        0.000ns
---------------------------------------------------------------------------------------------------


Pulse Width Checks
--------------------------------------------------------------------------------------
Clock Name:         clkfbout_w
Waveform(ns):       { 0.000 5.000 }
Period(ns):         10.000
Sources:            { u_pll/u_pll/CLKFBOUT }

Check Type  Corner  Lib Pin             Reference Pin  Required(ns)  Actual(ns)  Slack(ns)  Location        Pin
Min Period  n/a     BUFH/I              n/a            2.155         10.000      7.845      BUFHCE_X0Y12    u_pll/u_clkfb_buf/I
Min Period  n/a     PLLE2_ADV/CLKFBOUT  n/a            1.249         10.000      8.751      PLLE2_ADV_X0Y1  u_pll/u_pll/CLKFBOUT
Min Period  n/a     PLLE2_ADV/CLKFBIN   n/a            1.249         10.000      8.751      PLLE2_ADV_X0Y1  u_pll/u_pll/CLKFBIN
Max Period  n/a     PLLE2_ADV/CLKFBIN   n/a            52.633        10.000      42.633     PLLE2_ADV_X0Y1  u_pll/u_pll/CLKFBIN
Max Period  n/a     PLLE2_ADV/CLKFBOUT  n/a            160.000       10.000      150.000    PLLE2_ADV_X0Y1  u_pll/u_pll/CLKFBOUT



---------------------------------------------------------------------------------------------------
Path Group:  **async_default**
From Clock:  clk_w
  To Clock:  clk_w

Setup :            0  Failing Endpoints,  Worst Slack       20.285ns,  Total Violation        0.000ns
Hold  :            0  Failing Endpoints,  Worst Slack        0.596ns,  Total Violation        0.000ns
---------------------------------------------------------------------------------------------------


Max Delay Paths
--------------------------------------------------------------------------------------
Slack (MET) :             20.285ns  (required time - arrival time)
  Source:                 u_top/u_dbg/gpio_output_q_reg[0]/C
                            (rising edge-triggered cell FDCE clocked by clk_w  {rise@0.000ns fall@20.000ns period=40.000ns})
  Destination:            u_top/u_soc/u_core/u_core/u_csr/csr_stvec_q_reg[28]/CLR
                            (recovery check against rising-edge clock clk_w  {rise@0.000ns fall@20.000ns period=40.000ns})
  Path Group:             **async_default**
  Path Type:              Recovery (Max at Slow Process Corner)
  Requirement:            40.000ns  (clk_w rise@40.000ns - clk_w rise@0.000ns)
  Data Path Delay:        19.101ns  (logic 0.642ns (3.361%)  route 18.459ns (96.639%))
  Logic Levels:           1  (LUT1=1)
  Clock Path Skew:        -0.109ns (DCD - SCD + CPR)
    Destination Clock Delay (DCD):    -0.898ns = ( 39.102 - 40.000 ) 
    Source Clock Delay      (SCD):    -1.246ns
    Clock Pessimism Removal (CPR):    -0.457ns
  Clock Uncertainty:      0.099ns  ((TSJ^2 + DJ^2)^1/2) / 2 + PE
    Total System Jitter     (TSJ):    0.071ns
    Discrete Jitter          (DJ):    0.186ns
    Phase Error              (PE):    0.000ns

    Location             Delay type                Incr(ns)  Path(ns)    Netlist Resource(s)
  -------------------------------------------------------------------    -------------------
                         (clock clk_w rise edge)      0.000     0.000 r  
    F14                                               0.000     0.000 r  clk100mhz (IN)
                         net (fo=0)                   0.000     0.000    u_pll/clk100mhz
    F14                  IBUF (Prop_ibuf_I_O)         1.458     1.458 r  u_pll/IBUF_IN/O
                         net (fo=1, routed)           1.253     2.712    u_pll/clkref_buffered_w
    PLLE2_ADV_X0Y1       PLLE2_ADV (Prop_plle2_adv_CLKIN1_CLKOUT2)
                                                     -7.284    -4.572 r  u_pll/u_pll/CLKOUT2
                         net (fo=1, routed)           1.660    -2.912    clk_w
    BUFGCTRL_X0Y16       BUFG (Prop_bufg_I_O)         0.096    -2.816 r  clk_w_BUFG_inst/O
                         net (fo=4981, routed)        1.570    -1.246    u_top/u_dbg/clk_w_BUFG
    SLICE_X50Y38         FDCE                                         r  u_top/u_dbg/gpio_output_q_reg[0]/C
  -------------------------------------------------------------------    -------------------
    SLICE_X50Y38         FDCE (Prop_fdce_C_Q)         0.518    -0.728 r  u_top/u_dbg/gpio_output_q_reg[0]/Q
                         net (fo=3, routed)           0.530    -0.197    u_top/u_dbg/enable_w
    SLICE_X50Y38         LUT1 (Prop_lut1_I0_O)        0.124    -0.073 f  u_top/u_dbg/rd_x_q[4]_i_2/O
                         net (fo=2405, routed)       17.929    17.856    u_top/u_soc/u_core/u_core/u_csr/rst_cpu_w
    SLICE_X9Y48          FDCE                                         f  u_top/u_soc/u_core/u_core/u_csr/csr_stvec_q_reg[28]/CLR
  -------------------------------------------------------------------    -------------------

                         (clock clk_w rise edge)     40.000    40.000 r  
    F14                                               0.000    40.000 r  clk100mhz (IN)
                         net (fo=0)                   0.000    40.000    u_pll/clk100mhz
    F14                  IBUF (Prop_ibuf_I_O)         1.388    41.388 r  u_pll/IBUF_IN/O
                         net (fo=1, routed)           1.181    42.569    u_pll/clkref_buffered_w
    PLLE2_ADV_X0Y1       PLLE2_ADV (Prop_plle2_adv_CLKIN1_CLKOUT2)
                                                     -6.594    35.975 r  u_pll/u_pll/CLKOUT2
                         net (fo=1, routed)           1.582    37.557    clk_w
    BUFGCTRL_X0Y16       BUFG (Prop_bufg_I_O)         0.091    37.648 r  clk_w_BUFG_inst/O
                         net (fo=4981, routed)        1.454    39.102    u_top/u_soc/u_core/u_core/u_csr/clk_w_BUFG
    SLICE_X9Y48          FDCE                                         r  u_top/u_soc/u_core/u_core/u_csr/csr_stvec_q_reg[28]/C
                         clock pessimism             -0.457    38.645    
                         clock uncertainty           -0.099    38.546    
    SLICE_X9Y48          FDCE (Recov_fdce_C_CLR)     -0.405    38.141    u_top/u_soc/u_core/u_core/u_csr/csr_stvec_q_reg[28]
  -------------------------------------------------------------------
                         required time                         38.141    
                         arrival time                         -17.856    
  -------------------------------------------------------------------
                         slack                                 20.285    

Slack (MET) :             20.371ns  (required time - arrival time)
  Source:                 u_top/u_dbg/gpio_output_q_reg[0]/C
                            (rising edge-triggered cell FDCE clocked by clk_w  {rise@0.000ns fall@20.000ns period=40.000ns})
  Destination:            u_top/u_soc/u_core/u_core/u_csr/csr_mtvec_q_reg[25]/CLR
                            (recovery check against rising-edge clock clk_w  {rise@0.000ns fall@20.000ns period=40.000ns})
  Path Group:             **async_default**
  Path Type:              Recovery (Max at Slow Process Corner)
  Requirement:            40.000ns  (clk_w rise@40.000ns - clk_w rise@0.000ns)
  Data Path Delay:        19.101ns  (logic 0.642ns (3.361%)  route 18.459ns (96.639%))
  Logic Levels:           1  (LUT1=1)
  Clock Path Skew:        -0.109ns (DCD - SCD + CPR)
    Destination Clock Delay (DCD):    -0.898ns = ( 39.102 - 40.000 ) 
    Source Clock Delay      (SCD):    -1.246ns
    Clock Pessimism Removal (CPR):    -0.457ns
  Clock Uncertainty:      0.099ns  ((TSJ^2 + DJ^2)^1/2) / 2 + PE
    Total System Jitter     (TSJ):    0.071ns
    Discrete Jitter          (DJ):    0.186ns
    Phase Error              (PE):    0.000ns

    Location             Delay type                Incr(ns)  Path(ns)    Netlist Resource(s)
  -------------------------------------------------------------------    -------------------
                         (clock clk_w rise edge)      0.000     0.000 r  
    F14                                               0.000     0.000 r  clk100mhz (IN)
                         net (fo=0)                   0.000     0.000    u_pll/clk100mhz
    F14                  IBUF (Prop_ibuf_I_O)         1.458     1.458 r  u_pll/IBUF_IN/O
                         net (fo=1, routed)           1.253     2.712    u_pll/clkref_buffered_w
    PLLE2_ADV_X0Y1       PLLE2_ADV (Prop_plle2_adv_CLKIN1_CLKOUT2)
                                                     -7.284    -4.572 r  u_pll/u_pll/CLKOUT2
                         net (fo=1, routed)           1.660    -2.912    clk_w
    BUFGCTRL_X0Y16       BUFG (Prop_bufg_I_O)         0.096    -2.816 r  clk_w_BUFG_inst/O
                         net (fo=4981, routed)        1.570    -1.246    u_top/u_dbg/clk_w_BUFG
    SLICE_X50Y38         FDCE                                         r  u_top/u_dbg/gpio_output_q_reg[0]/C
  -------------------------------------------------------------------    -------------------
    SLICE_X50Y38         FDCE (Prop_fdce_C_Q)         0.518    -0.728 r  u_top/u_dbg/gpio_output_q_reg[0]/Q
                         net (fo=3, routed)           0.530    -0.197    u_top/u_dbg/enable_w
    SLICE_X50Y38         LUT1 (Prop_lut1_I0_O)        0.124    -0.073 f  u_top/u_dbg/rd_x_q[4]_i_2/O
                         net (fo=2405, routed)       17.929    17.856    u_top/u_soc/u_core/u_core/u_csr/rst_cpu_w
    SLICE_X8Y48          FDCE                                         f  u_top/u_soc/u_core/u_core/u_csr/csr_mtvec_q_reg[25]/CLR
  -------------------------------------------------------------------    -------------------

                         (clock clk_w rise edge)     40.000    40.000 r  
    F14                                               0.000    40.000 r  clk100mhz (IN)
                         net (fo=0)                   0.000    40.000    u_pll/clk100mhz
    F14                  IBUF (Prop_ibuf_I_O)         1.388    41.388 r  u_pll/IBUF_IN/O
                         net (fo=1, routed)           1.181    42.569    u_pll/clkref_buffered_w
    PLLE2_ADV_X0Y1       PLLE2_ADV (Prop_plle2_adv_CLKIN1_CLKOUT2)
                                                     -6.594    35.975 r  u_pll/u_pll/CLKOUT2
                         net (fo=1, routed)           1.582    37.557    clk_w
    BUFGCTRL_X0Y16       BUFG (Prop_bufg_I_O)         0.091    37.648 r  clk_w_BUFG_inst/O
                         net (fo=4981, routed)        1.454    39.102    u_top/u_soc/u_core/u_core/u_csr/clk_w_BUFG
    SLICE_X8Y48          FDCE                                         r  u_top/u_soc/u_core/u_core/u_csr/csr_mtvec_q_reg[25]/C
                         clock pessimism             -0.457    38.645    
                         clock uncertainty           -0.099    38.546    
    SLICE_X8Y48          FDCE (Recov_fdce_C_CLR)     -0.319    38.227    u_top/u_soc/u_core/u_core/u_csr/csr_mtvec_q_reg[25]
  -------------------------------------------------------------------
                         required time                         38.227    
                         arrival time                         -17.856    
  -------------------------------------------------------------------
                         slack                                 20.371    

Slack (MET) :             20.429ns  (required time - arrival time)
  Source:                 u_top/u_dbg/gpio_output_q_reg[0]/C
                            (rising edge-triggered cell FDCE clocked by clk_w  {rise@0.000ns fall@20.000ns period=40.000ns})
  Destination:            u_top/u_soc/u_core/u_core/u_csr/csr_mscratch_q_reg[24]/CLR
                            (recovery check against rising-edge clock clk_w  {rise@0.000ns fall@20.000ns period=40.000ns})
  Path Group:             **async_default**
  Path Type:              Recovery (Max at Slow Process Corner)
  Requirement:            40.000ns  (clk_w rise@40.000ns - clk_w rise@0.000ns)
  Data Path Delay:        18.958ns  (logic 0.642ns (3.387%)  route 18.316ns (96.613%))
  Logic Levels:           1  (LUT1=1)
  Clock Path Skew:        -0.109ns (DCD - SCD + CPR)
    Destination Clock Delay (DCD):    -0.898ns = ( 39.102 - 40.000 ) 
    Source Clock Delay      (SCD):    -1.246ns
    Clock Pessimism Removal (CPR):    -0.457ns
  Clock Uncertainty:      0.099ns  ((TSJ^2 + DJ^2)^1/2) / 2 + PE
    Total System Jitter     (TSJ):    0.071ns
    Discrete Jitter          (DJ):    0.186ns
    Phase Error              (PE):    0.000ns

    Location             Delay type                Incr(ns)  Path(ns)    Netlist Resource(s)
  -------------------------------------------------------------------    -------------------
                         (clock clk_w rise edge)      0.000     0.000 r  
    F14                                               0.000     0.000 r  clk100mhz (IN)
                         net (fo=0)                   0.000     0.000    u_pll/clk100mhz
    F14                  IBUF (Prop_ibuf_I_O)         1.458     1.458 r  u_pll/IBUF_IN/O
                         net (fo=1, routed)           1.253     2.712    u_pll/clkref_buffered_w
    PLLE2_ADV_X0Y1       PLLE2_ADV (Prop_plle2_adv_CLKIN1_CLKOUT2)
                                                     -7.284    -4.572 r  u_pll/u_pll/CLKOUT2
                         net (fo=1, routed)           1.660    -2.912    clk_w
    BUFGCTRL_X0Y16       BUFG (Prop_bufg_I_O)         0.096    -2.816 r  clk_w_BUFG_inst/O
                         net (fo=4981, routed)        1.570    -1.246    u_top/u_dbg/clk_w_BUFG
    SLICE_X50Y38         FDCE                                         r  u_top/u_dbg/gpio_output_q_reg[0]/C
  -------------------------------------------------------------------    -------------------
    SLICE_X50Y38         FDCE (Prop_fdce_C_Q)         0.518    -0.728 r  u_top/u_dbg/gpio_output_q_reg[0]/Q
                         net (fo=3, routed)           0.530    -0.197    u_top/u_dbg/enable_w
    SLICE_X50Y38         LUT1 (Prop_lut1_I0_O)        0.124    -0.073 f  u_top/u_dbg/rd_x_q[4]_i_2/O
                         net (fo=2405, routed)       17.785    17.712    u_top/u_soc/u_core/u_core/u_csr/rst_cpu_w
    SLICE_X9Y47          FDCE                                         f  u_top/u_soc/u_core/u_core/u_csr/csr_mscratch_q_reg[24]/CLR
  -------------------------------------------------------------------    -------------------

                         (clock clk_w rise edge)     40.000    40.000 r  
    F14                                               0.000    40.000 r  clk100mhz (IN)
                         net (fo=0)                   0.000    40.000    u_pll/clk100mhz
    F14                  IBUF (Prop_ibuf_I_O)         1.388    41.388 r  u_pll/IBUF_IN/O
                         net (fo=1, routed)           1.181    42.569    u_pll/clkref_buffered_w
    PLLE2_ADV_X0Y1       PLLE2_ADV (Prop_plle2_adv_CLKIN1_CLKOUT2)
                                                     -6.594    35.975 r  u_pll/u_pll/CLKOUT2
                         net (fo=1, routed)           1.582    37.557    clk_w
    BUFGCTRL_X0Y16       BUFG (Prop_bufg_I_O)         0.091    37.648 r  clk_w_BUFG_inst/O
                         net (fo=4981, routed)        1.454    39.102    u_top/u_soc/u_core/u_core/u_csr/clk_w_BUFG
    SLICE_X9Y47          FDCE                                         r  u_top/u_soc/u_core/u_core/u_csr/csr_mscratch_q_reg[24]/C
                         clock pessimism             -0.457    38.645    
                         clock uncertainty           -0.099    38.546    
    SLICE_X9Y47          FDCE (Recov_fdce_C_CLR)     -0.405    38.141    u_top/u_soc/u_core/u_core/u_csr/csr_mscratch_q_reg[24]
  -------------------------------------------------------------------
                         required time                         38.141    
                         arrival time                         -17.712    
  -------------------------------------------------------------------
                         slack                                 20.429    

Slack (MET) :             20.429ns  (required time - arrival time)
  Source:                 u_top/u_dbg/gpio_output_q_reg[0]/C
                            (rising edge-triggered cell FDCE clocked by clk_w  {rise@0.000ns fall@20.000ns period=40.000ns})
  Destination:            u_top/u_soc/u_core/u_core/u_csr/csr_mscratch_q_reg[28]/CLR
                            (recovery check against rising-edge clock clk_w  {rise@0.000ns fall@20.000ns period=40.000ns})
  Path Group:             **async_default**
  Path Type:              Recovery (Max at Slow Process Corner)
  Requirement:            40.000ns  (clk_w rise@40.000ns - clk_w rise@0.000ns)
  Data Path Delay:        18.958ns  (logic 0.642ns (3.387%)  route 18.316ns (96.613%))
  Logic Levels:           1  (LUT1=1)
  Clock Path Skew:        -0.109ns (DCD - SCD + CPR)
    Destination Clock Delay (DCD):    -0.898ns = ( 39.102 - 40.000 ) 
    Source Clock Delay      (SCD):    -1.246ns
    Clock Pessimism Removal (CPR):    -0.457ns
  Clock Uncertainty:      0.099ns  ((TSJ^2 + DJ^2)^1/2) / 2 + PE
    Total System Jitter     (TSJ):    0.071ns
    Discrete Jitter          (DJ):    0.186ns
    Phase Error              (PE):    0.000ns

    Location             Delay type                Incr(ns)  Path(ns)    Netlist Resource(s)
  -------------------------------------------------------------------    -------------------
                         (clock clk_w rise edge)      0.000     0.000 r  
    F14                                               0.000     0.000 r  clk100mhz (IN)
                         net (fo=0)                   0.000     0.000    u_pll/clk100mhz
    F14                  IBUF (Prop_ibuf_I_O)         1.458     1.458 r  u_pll/IBUF_IN/O
                         net (fo=1, routed)           1.253     2.712    u_pll/clkref_buffered_w
    PLLE2_ADV_X0Y1       PLLE2_ADV (Prop_plle2_adv_CLKIN1_CLKOUT2)
                                                     -7.284    -4.572 r  u_pll/u_pll/CLKOUT2
                         net (fo=1, routed)           1.660    -2.912    clk_w
    BUFGCTRL_X0Y16       BUFG (Prop_bufg_I_O)         0.096    -2.816 r  clk_w_BUFG_inst/O
                         net (fo=4981, routed)        1.570    -1.246    u_top/u_dbg/clk_w_BUFG
    SLICE_X50Y38         FDCE                                         r  u_top/u_dbg/gpio_output_q_reg[0]/C
  -------------------------------------------------------------------    -------------------
    SLICE_X50Y38         FDCE (Prop_fdce_C_Q)         0.518    -0.728 r  u_top/u_dbg/gpio_output_q_reg[0]/Q
                         net (fo=3, routed)           0.530    -0.197    u_top/u_dbg/enable_w
    SLICE_X50Y38         LUT1 (Prop_lut1_I0_O)        0.124    -0.073 f  u_top/u_dbg/rd_x_q[4]_i_2/O
                         net (fo=2405, routed)       17.785    17.712    u_top/u_soc/u_core/u_core/u_csr/rst_cpu_w
    SLICE_X9Y47          FDCE                                         f  u_top/u_soc/u_core/u_core/u_csr/csr_mscratch_q_reg[28]/CLR
  -------------------------------------------------------------------    -------------------

                         (clock clk_w rise edge)     40.000    40.000 r  
    F14                                               0.000    40.000 r  clk100mhz (IN)
                         net (fo=0)                   0.000    40.000    u_pll/clk100mhz
    F14                  IBUF (Prop_ibuf_I_O)         1.388    41.388 r  u_pll/IBUF_IN/O
                         net (fo=1, routed)           1.181    42.569    u_pll/clkref_buffered_w
    PLLE2_ADV_X0Y1       PLLE2_ADV (Prop_plle2_adv_CLKIN1_CLKOUT2)
                                                     -6.594    35.975 r  u_pll/u_pll/CLKOUT2
                         net (fo=1, routed)           1.582    37.557    clk_w
    BUFGCTRL_X0Y16       BUFG (Prop_bufg_I_O)         0.091    37.648 r  clk_w_BUFG_inst/O
                         net (fo=4981, routed)        1.454    39.102    u_top/u_soc/u_core/u_core/u_csr/clk_w_BUFG
    SLICE_X9Y47          FDCE                                         r  u_top/u_soc/u_core/u_core/u_csr/csr_mscratch_q_reg[28]/C
                         clock pessimism             -0.457    38.645    
                         clock uncertainty           -0.099    38.546    
    SLICE_X9Y47          FDCE (Recov_fdce_C_CLR)     -0.405    38.141    u_top/u_soc/u_core/u_core/u_csr/csr_mscratch_q_reg[28]
  -------------------------------------------------------------------
                         required time                         38.141    
                         arrival time                         -17.712    
  -------------------------------------------------------------------
                         slack                                 20.429    

Slack (MET) :             20.515ns  (required time - arrival time)
  Source:                 u_top/u_dbg/gpio_output_q_reg[0]/C
                            (rising edge-triggered cell FDCE clocked by clk_w  {rise@0.000ns fall@20.000ns period=40.000ns})
  Destination:            u_top/u_soc/u_core/u_core/u_csr/csr_sr_q_reg[24]/CLR
                            (recovery check against rising-edge clock clk_w  {rise@0.000ns fall@20.000ns period=40.000ns})
  Path Group:             **async_default**
  Path Type:              Recovery (Max at Slow Process Corner)
  Requirement:            40.000ns  (clk_w rise@40.000ns - clk_w rise@0.000ns)
  Data Path Delay:        18.958ns  (logic 0.642ns (3.387%)  route 18.316ns (96.613%))
  Logic Levels:           1  (LUT1=1)
  Clock Path Skew:        -0.109ns (DCD - SCD + CPR)
    Destination Clock Delay (DCD):    -0.898ns = ( 39.102 - 40.000 ) 
    Source Clock Delay      (SCD):    -1.246ns
    Clock Pessimism Removal (CPR):    -0.457ns
  Clock Uncertainty:      0.099ns  ((TSJ^2 + DJ^2)^1/2) / 2 + PE
    Total System Jitter     (TSJ):    0.071ns
    Discrete Jitter          (DJ):    0.186ns
    Phase Error              (PE):    0.000ns

    Location             Delay type                Incr(ns)  Path(ns)    Netlist Resource(s)
  -------------------------------------------------------------------    -------------------
                         (clock clk_w rise edge)      0.000     0.000 r  
    F14                                               0.000     0.000 r  clk100mhz (IN)
                         net (fo=0)                   0.000     0.000    u_pll/clk100mhz
    F14                  IBUF (Prop_ibuf_I_O)         1.458     1.458 r  u_pll/IBUF_IN/O
                         net (fo=1, routed)           1.253     2.712    u_pll/clkref_buffered_w
    PLLE2_ADV_X0Y1       PLLE2_ADV (Prop_plle2_adv_CLKIN1_CLKOUT2)
                                                     -7.284    -4.572 r  u_pll/u_pll/CLKOUT2
                         net (fo=1, routed)           1.660    -2.912    clk_w
    BUFGCTRL_X0Y16       BUFG (Prop_bufg_I_O)         0.096    -2.816 r  clk_w_BUFG_inst/O
                         net (fo=4981, routed)        1.570    -1.246    u_top/u_dbg/clk_w_BUFG
    SLICE_X50Y38         FDCE                                         r  u_top/u_dbg/gpio_output_q_reg[0]/C
  -------------------------------------------------------------------    -------------------
    SLICE_X50Y38         FDCE (Prop_fdce_C_Q)         0.518    -0.728 r  u_top/u_dbg/gpio_output_q_reg[0]/Q
                         net (fo=3, routed)           0.530    -0.197    u_top/u_dbg/enable_w
    SLICE_X50Y38         LUT1 (Prop_lut1_I0_O)        0.124    -0.073 f  u_top/u_dbg/rd_x_q[4]_i_2/O
                         net (fo=2405, routed)       17.785    17.712    u_top/u_soc/u_core/u_core/u_csr/rst_cpu_w
    SLICE_X8Y47          FDCE                                         f  u_top/u_soc/u_core/u_core/u_csr/csr_sr_q_reg[24]/CLR
  -------------------------------------------------------------------    -------------------

                         (clock clk_w rise edge)     40.000    40.000 r  
    F14                                               0.000    40.000 r  clk100mhz (IN)
                         net (fo=0)                   0.000    40.000    u_pll/clk100mhz
    F14                  IBUF (Prop_ibuf_I_O)         1.388    41.388 r  u_pll/IBUF_IN/O
                         net (fo=1, routed)           1.181    42.569    u_pll/clkref_buffered_w
    PLLE2_ADV_X0Y1       PLLE2_ADV (Prop_plle2_adv_CLKIN1_CLKOUT2)
                                                     -6.594    35.975 r  u_pll/u_pll/CLKOUT2
                         net (fo=1, routed)           1.582    37.557    clk_w
    BUFGCTRL_X0Y16       BUFG (Prop_bufg_I_O)         0.091    37.648 r  clk_w_BUFG_inst/O
                         net (fo=4981, routed)        1.454    39.102    u_top/u_soc/u_core/u_core/u_csr/clk_w_BUFG
    SLICE_X8Y47          FDCE                                         r  u_top/u_soc/u_core/u_core/u_csr/csr_sr_q_reg[24]/C
                         clock pessimism             -0.457    38.645    
                         clock uncertainty           -0.099    38.546    
    SLICE_X8Y47          FDCE (Recov_fdce_C_CLR)     -0.319    38.227    u_top/u_soc/u_core/u_core/u_csr/csr_sr_q_reg[24]
  -------------------------------------------------------------------
                         required time                         38.227    
                         arrival time                         -17.712    
  -------------------------------------------------------------------
                         slack                                 20.515    

Slack (MET) :             20.515ns  (required time - arrival time)
  Source:                 u_top/u_dbg/gpio_output_q_reg[0]/C
                            (rising edge-triggered cell FDCE clocked by clk_w  {rise@0.000ns fall@20.000ns period=40.000ns})
  Destination:            u_top/u_soc/u_core/u_core/u_csr/csr_sr_q_reg[25]/CLR
                            (recovery check against rising-edge clock clk_w  {rise@0.000ns fall@20.000ns period=40.000ns})
  Path Group:             **async_default**
  Path Type:              Recovery (Max at Slow Process Corner)
  Requirement:            40.000ns  (clk_w rise@40.000ns - clk_w rise@0.000ns)
  Data Path Delay:        18.958ns  (logic 0.642ns (3.387%)  route 18.316ns (96.613%))
  Logic Levels:           1  (LUT1=1)
  Clock Path Skew:        -0.109ns (DCD - SCD + CPR)
    Destination Clock Delay (DCD):    -0.898ns = ( 39.102 - 40.000 ) 
    Source Clock Delay      (SCD):    -1.246ns
    Clock Pessimism Removal (CPR):    -0.457ns
  Clock Uncertainty:      0.099ns  ((TSJ^2 + DJ^2)^1/2) / 2 + PE
    Total System Jitter     (TSJ):    0.071ns
    Discrete Jitter          (DJ):    0.186ns
    Phase Error              (PE):    0.000ns

    Location             Delay type                Incr(ns)  Path(ns)    Netlist Resource(s)
  -------------------------------------------------------------------    -------------------
                         (clock clk_w rise edge)      0.000     0.000 r  
    F14                                               0.000     0.000 r  clk100mhz (IN)
                         net (fo=0)                   0.000     0.000    u_pll/clk100mhz
    F14                  IBUF (Prop_ibuf_I_O)         1.458     1.458 r  u_pll/IBUF_IN/O
                         net (fo=1, routed)           1.253     2.712    u_pll/clkref_buffered_w
    PLLE2_ADV_X0Y1       PLLE2_ADV (Prop_plle2_adv_CLKIN1_CLKOUT2)
                                                     -7.284    -4.572 r  u_pll/u_pll/CLKOUT2
                         net (fo=1, routed)           1.660    -2.912    clk_w
    BUFGCTRL_X0Y16       BUFG (Prop_bufg_I_O)         0.096    -2.816 r  clk_w_BUFG_inst/O
                         net (fo=4981, routed)        1.570    -1.246    u_top/u_dbg/clk_w_BUFG
    SLICE_X50Y38         FDCE                                         r  u_top/u_dbg/gpio_output_q_reg[0]/C
  -------------------------------------------------------------------    -------------------
    SLICE_X50Y38         FDCE (Prop_fdce_C_Q)         0.518    -0.728 r  u_top/u_dbg/gpio_output_q_reg[0]/Q
                         net (fo=3, routed)           0.530    -0.197    u_top/u_dbg/enable_w
    SLICE_X50Y38         LUT1 (Prop_lut1_I0_O)        0.124    -0.073 f  u_top/u_dbg/rd_x_q[4]_i_2/O
                         net (fo=2405, routed)       17.785    17.712    u_top/u_soc/u_core/u_core/u_csr/rst_cpu_w
    SLICE_X8Y47          FDCE                                         f  u_top/u_soc/u_core/u_core/u_csr/csr_sr_q_reg[25]/CLR
  -------------------------------------------------------------------    -------------------

                         (clock clk_w rise edge)     40.000    40.000 r  
    F14                                               0.000    40.000 r  clk100mhz (IN)
                         net (fo=0)                   0.000    40.000    u_pll/clk100mhz
    F14                  IBUF (Prop_ibuf_I_O)         1.388    41.388 r  u_pll/IBUF_IN/O
                         net (fo=1, routed)           1.181    42.569    u_pll/clkref_buffered_w
    PLLE2_ADV_X0Y1       PLLE2_ADV (Prop_plle2_adv_CLKIN1_CLKOUT2)
                                                     -6.594    35.975 r  u_pll/u_pll/CLKOUT2
                         net (fo=1, routed)           1.582    37.557    clk_w
    BUFGCTRL_X0Y16       BUFG (Prop_bufg_I_O)         0.091    37.648 r  clk_w_BUFG_inst/O
                         net (fo=4981, routed)        1.454    39.102    u_top/u_soc/u_core/u_core/u_csr/clk_w_BUFG
    SLICE_X8Y47          FDCE                                         r  u_top/u_soc/u_core/u_core/u_csr/csr_sr_q_reg[25]/C
                         clock pessimism             -0.457    38.645    
                         clock uncertainty           -0.099    38.546    
    SLICE_X8Y47          FDCE (Recov_fdce_C_CLR)     -0.319    38.227    u_top/u_soc/u_core/u_core/u_csr/csr_sr_q_reg[25]
  -------------------------------------------------------------------
                         required time                         38.227    
                         arrival time                         -17.712    
  -------------------------------------------------------------------
                         slack                                 20.515    

Slack (MET) :             20.574ns  (required time - arrival time)
  Source:                 u_top/u_dbg/gpio_output_q_reg[0]/C
                            (rising edge-triggered cell FDCE clocked by clk_w  {rise@0.000ns fall@20.000ns period=40.000ns})
  Destination:            u_top/u_soc/u_core/u_core/u_csr/csr_satp_q_reg[21]/CLR
                            (recovery check against rising-edge clock clk_w  {rise@0.000ns fall@20.000ns period=40.000ns})
  Path Group:             **async_default**
  Path Type:              Recovery (Max at Slow Process Corner)
  Requirement:            40.000ns  (clk_w rise@40.000ns - clk_w rise@0.000ns)
  Data Path Delay:        18.812ns  (logic 0.642ns (3.413%)  route 18.170ns (96.587%))
  Logic Levels:           1  (LUT1=1)
  Clock Path Skew:        -0.110ns (DCD - SCD + CPR)
    Destination Clock Delay (DCD):    -0.899ns = ( 39.101 - 40.000 ) 
    Source Clock Delay      (SCD):    -1.246ns
    Clock Pessimism Removal (CPR):    -0.457ns
  Clock Uncertainty:      0.099ns  ((TSJ^2 + DJ^2)^1/2) / 2 + PE
    Total System Jitter     (TSJ):    0.071ns
    Discrete Jitter          (DJ):    0.186ns
    Phase Error              (PE):    0.000ns

    Location             Delay type                Incr(ns)  Path(ns)    Netlist Resource(s)
  -------------------------------------------------------------------    -------------------
                         (clock clk_w rise edge)      0.000     0.000 r  
    F14                                               0.000     0.000 r  clk100mhz (IN)
                         net (fo=0)                   0.000     0.000    u_pll/clk100mhz
    F14                  IBUF (Prop_ibuf_I_O)         1.458     1.458 r  u_pll/IBUF_IN/O
                         net (fo=1, routed)           1.253     2.712    u_pll/clkref_buffered_w
    PLLE2_ADV_X0Y1       PLLE2_ADV (Prop_plle2_adv_CLKIN1_CLKOUT2)
                                                     -7.284    -4.572 r  u_pll/u_pll/CLKOUT2
                         net (fo=1, routed)           1.660    -2.912    clk_w
    BUFGCTRL_X0Y16       BUFG (Prop_bufg_I_O)         0.096    -2.816 r  clk_w_BUFG_inst/O
                         net (fo=4981, routed)        1.570    -1.246    u_top/u_dbg/clk_w_BUFG
    SLICE_X50Y38         FDCE                                         r  u_top/u_dbg/gpio_output_q_reg[0]/C
  -------------------------------------------------------------------    -------------------
    SLICE_X50Y38         FDCE (Prop_fdce_C_Q)         0.518    -0.728 r  u_top/u_dbg/gpio_output_q_reg[0]/Q
                         net (fo=3, routed)           0.530    -0.197    u_top/u_dbg/enable_w
    SLICE_X50Y38         LUT1 (Prop_lut1_I0_O)        0.124    -0.073 f  u_top/u_dbg/rd_x_q[4]_i_2/O
                         net (fo=2405, routed)       17.640    17.566    u_top/u_soc/u_core/u_core/u_csr/rst_cpu_w
    SLICE_X9Y46          FDCE                                         f  u_top/u_soc/u_core/u_core/u_csr/csr_satp_q_reg[21]/CLR
  -------------------------------------------------------------------    -------------------

                         (clock clk_w rise edge)     40.000    40.000 r  
    F14                                               0.000    40.000 r  clk100mhz (IN)
                         net (fo=0)                   0.000    40.000    u_pll/clk100mhz
    F14                  IBUF (Prop_ibuf_I_O)         1.388    41.388 r  u_pll/IBUF_IN/O
                         net (fo=1, routed)           1.181    42.569    u_pll/clkref_buffered_w
    PLLE2_ADV_X0Y1       PLLE2_ADV (Prop_plle2_adv_CLKIN1_CLKOUT2)
                                                     -6.594    35.975 r  u_pll/u_pll/CLKOUT2
                         net (fo=1, routed)           1.582    37.557    clk_w
    BUFGCTRL_X0Y16       BUFG (Prop_bufg_I_O)         0.091    37.648 r  clk_w_BUFG_inst/O
                         net (fo=4981, routed)        1.453    39.101    u_top/u_soc/u_core/u_core/u_csr/clk_w_BUFG
    SLICE_X9Y46          FDCE                                         r  u_top/u_soc/u_core/u_core/u_csr/csr_satp_q_reg[21]/C
                         clock pessimism             -0.457    38.644    
                         clock uncertainty           -0.099    38.545    
    SLICE_X9Y46          FDCE (Recov_fdce_C_CLR)     -0.405    38.140    u_top/u_soc/u_core/u_core/u_csr/csr_satp_q_reg[21]
  -------------------------------------------------------------------
                         required time                         38.140    
                         arrival time                         -17.566    
  -------------------------------------------------------------------
                         slack                                 20.574    

Slack (MET) :             20.574ns  (required time - arrival time)
  Source:                 u_top/u_dbg/gpio_output_q_reg[0]/C
                            (rising edge-triggered cell FDCE clocked by clk_w  {rise@0.000ns fall@20.000ns period=40.000ns})
  Destination:            u_top/u_soc/u_core/u_core/u_csr/csr_satp_q_reg[24]/CLR
                            (recovery check against rising-edge clock clk_w  {rise@0.000ns fall@20.000ns period=40.000ns})
  Path Group:             **async_default**
  Path Type:              Recovery (Max at Slow Process Corner)
  Requirement:            40.000ns  (clk_w rise@40.000ns - clk_w rise@0.000ns)
  Data Path Delay:        18.812ns  (logic 0.642ns (3.413%)  route 18.170ns (96.587%))
  Logic Levels:           1  (LUT1=1)
  Clock Path Skew:        -0.110ns (DCD - SCD + CPR)
    Destination Clock Delay (DCD):    -0.899ns = ( 39.101 - 40.000 ) 
    Source Clock Delay      (SCD):    -1.246ns
    Clock Pessimism Removal (CPR):    -0.457ns
  Clock Uncertainty:      0.099ns  ((TSJ^2 + DJ^2)^1/2) / 2 + PE
    Total System Jitter     (TSJ):    0.071ns
    Discrete Jitter          (DJ):    0.186ns
    Phase Error              (PE):    0.000ns

    Location             Delay type                Incr(ns)  Path(ns)    Netlist Resource(s)
  -------------------------------------------------------------------    -------------------
                         (clock clk_w rise edge)      0.000     0.000 r  
    F14                                               0.000     0.000 r  clk100mhz (IN)
                         net (fo=0)                   0.000     0.000    u_pll/clk100mhz
    F14                  IBUF (Prop_ibuf_I_O)         1.458     1.458 r  u_pll/IBUF_IN/O
                         net (fo=1, routed)           1.253     2.712    u_pll/clkref_buffered_w
    PLLE2_ADV_X0Y1       PLLE2_ADV (Prop_plle2_adv_CLKIN1_CLKOUT2)
                                                     -7.284    -4.572 r  u_pll/u_pll/CLKOUT2
                         net (fo=1, routed)           1.660    -2.912    clk_w
    BUFGCTRL_X0Y16       BUFG (Prop_bufg_I_O)         0.096    -2.816 r  clk_w_BUFG_inst/O
                         net (fo=4981, routed)        1.570    -1.246    u_top/u_dbg/clk_w_BUFG
    SLICE_X50Y38         FDCE                                         r  u_top/u_dbg/gpio_output_q_reg[0]/C
  -------------------------------------------------------------------    -------------------
    SLICE_X50Y38         FDCE (Prop_fdce_C_Q)         0.518    -0.728 r  u_top/u_dbg/gpio_output_q_reg[0]/Q
                         net (fo=3, routed)           0.530    -0.197    u_top/u_dbg/enable_w
    SLICE_X50Y38         LUT1 (Prop_lut1_I0_O)        0.124    -0.073 f  u_top/u_dbg/rd_x_q[4]_i_2/O
                         net (fo=2405, routed)       17.640    17.566    u_top/u_soc/u_core/u_core/u_csr/rst_cpu_w
    SLICE_X9Y46          FDCE                                         f  u_top/u_soc/u_core/u_core/u_csr/csr_satp_q_reg[24]/CLR
  -------------------------------------------------------------------    -------------------

                         (clock clk_w rise edge)     40.000    40.000 r  
    F14                                               0.000    40.000 r  clk100mhz (IN)
                         net (fo=0)                   0.000    40.000    u_pll/clk100mhz
    F14                  IBUF (Prop_ibuf_I_O)         1.388    41.388 r  u_pll/IBUF_IN/O
                         net (fo=1, routed)           1.181    42.569    u_pll/clkref_buffered_w
    PLLE2_ADV_X0Y1       PLLE2_ADV (Prop_plle2_adv_CLKIN1_CLKOUT2)
                                                     -6.594    35.975 r  u_pll/u_pll/CLKOUT2
                         net (fo=1, routed)           1.582    37.557    clk_w
    BUFGCTRL_X0Y16       BUFG (Prop_bufg_I_O)         0.091    37.648 r  clk_w_BUFG_inst/O
                         net (fo=4981, routed)        1.453    39.101    u_top/u_soc/u_core/u_core/u_csr/clk_w_BUFG
    SLICE_X9Y46          FDCE                                         r  u_top/u_soc/u_core/u_core/u_csr/csr_satp_q_reg[24]/C
                         clock pessimism             -0.457    38.644    
                         clock uncertainty           -0.099    38.545    
    SLICE_X9Y46          FDCE (Recov_fdce_C_CLR)     -0.405    38.140    u_top/u_soc/u_core/u_core/u_csr/csr_satp_q_reg[24]
  -------------------------------------------------------------------
                         required time                         38.140    
                         arrival time                         -17.566    
  -------------------------------------------------------------------
                         slack                                 20.574    

Slack (MET) :             20.618ns  (required time - arrival time)
  Source:                 u_top/u_dbg/gpio_output_q_reg[0]/C
                            (rising edge-triggered cell FDCE clocked by clk_w  {rise@0.000ns fall@20.000ns period=40.000ns})
  Destination:            u_top/u_soc/u_core/u_core/u_csr/csr_sscratch_q_reg[25]/CLR
                            (recovery check against rising-edge clock clk_w  {rise@0.000ns fall@20.000ns period=40.000ns})
  Path Group:             **async_default**
  Path Type:              Recovery (Max at Slow Process Corner)
  Requirement:            40.000ns  (clk_w rise@40.000ns - clk_w rise@0.000ns)
  Data Path Delay:        18.812ns  (logic 0.642ns (3.413%)  route 18.170ns (96.587%))
  Logic Levels:           1  (LUT1=1)
  Clock Path Skew:        -0.110ns (DCD - SCD + CPR)
    Destination Clock Delay (DCD):    -0.899ns = ( 39.101 - 40.000 ) 
    Source Clock Delay      (SCD):    -1.246ns
    Clock Pessimism Removal (CPR):    -0.457ns
  Clock Uncertainty:      0.099ns  ((TSJ^2 + DJ^2)^1/2) / 2 + PE
    Total System Jitter     (TSJ):    0.071ns
    Discrete Jitter          (DJ):    0.186ns
    Phase Error              (PE):    0.000ns

    Location             Delay type                Incr(ns)  Path(ns)    Netlist Resource(s)
  -------------------------------------------------------------------    -------------------
                         (clock clk_w rise edge)      0.000     0.000 r  
    F14                                               0.000     0.000 r  clk100mhz (IN)
                         net (fo=0)                   0.000     0.000    u_pll/clk100mhz
    F14                  IBUF (Prop_ibuf_I_O)         1.458     1.458 r  u_pll/IBUF_IN/O
                         net (fo=1, routed)           1.253     2.712    u_pll/clkref_buffered_w
    PLLE2_ADV_X0Y1       PLLE2_ADV (Prop_plle2_adv_CLKIN1_CLKOUT2)
                                                     -7.284    -4.572 r  u_pll/u_pll/CLKOUT2
                         net (fo=1, routed)           1.660    -2.912    clk_w
    BUFGCTRL_X0Y16       BUFG (Prop_bufg_I_O)         0.096    -2.816 r  clk_w_BUFG_inst/O
                         net (fo=4981, routed)        1.570    -1.246    u_top/u_dbg/clk_w_BUFG
    SLICE_X50Y38         FDCE                                         r  u_top/u_dbg/gpio_output_q_reg[0]/C
  -------------------------------------------------------------------    -------------------
    SLICE_X50Y38         FDCE (Prop_fdce_C_Q)         0.518    -0.728 r  u_top/u_dbg/gpio_output_q_reg[0]/Q
                         net (fo=3, routed)           0.530    -0.197    u_top/u_dbg/enable_w
    SLICE_X50Y38         LUT1 (Prop_lut1_I0_O)        0.124    -0.073 f  u_top/u_dbg/rd_x_q[4]_i_2/O
                         net (fo=2405, routed)       17.640    17.566    u_top/u_soc/u_core/u_core/u_csr/rst_cpu_w
    SLICE_X8Y46          FDCE                                         f  u_top/u_soc/u_core/u_core/u_csr/csr_sscratch_q_reg[25]/CLR
  -------------------------------------------------------------------    -------------------

                         (clock clk_w rise edge)     40.000    40.000 r  
    F14                                               0.000    40.000 r  clk100mhz (IN)
                         net (fo=0)                   0.000    40.000    u_pll/clk100mhz
    F14                  IBUF (Prop_ibuf_I_O)         1.388    41.388 r  u_pll/IBUF_IN/O
                         net (fo=1, routed)           1.181    42.569    u_pll/clkref_buffered_w
    PLLE2_ADV_X0Y1       PLLE2_ADV (Prop_plle2_adv_CLKIN1_CLKOUT2)
                                                     -6.594    35.975 r  u_pll/u_pll/CLKOUT2
                         net (fo=1, routed)           1.582    37.557    clk_w
    BUFGCTRL_X0Y16       BUFG (Prop_bufg_I_O)         0.091    37.648 r  clk_w_BUFG_inst/O
                         net (fo=4981, routed)        1.453    39.101    u_top/u_soc/u_core/u_core/u_csr/clk_w_BUFG
    SLICE_X8Y46          FDCE                                         r  u_top/u_soc/u_core/u_core/u_csr/csr_sscratch_q_reg[25]/C
                         clock pessimism             -0.457    38.644    
                         clock uncertainty           -0.099    38.545    
    SLICE_X8Y46          FDCE (Recov_fdce_C_CLR)     -0.361    38.184    u_top/u_soc/u_core/u_core/u_csr/csr_sscratch_q_reg[25]
  -------------------------------------------------------------------
                         required time                         38.184    
                         arrival time                         -17.566    
  -------------------------------------------------------------------
                         slack                                 20.618    

Slack (MET) :             20.618ns  (required time - arrival time)
  Source:                 u_top/u_dbg/gpio_output_q_reg[0]/C
                            (rising edge-triggered cell FDCE clocked by clk_w  {rise@0.000ns fall@20.000ns period=40.000ns})
  Destination:            u_top/u_soc/u_core/u_core/u_csr/csr_sscratch_q_reg[28]/CLR
                            (recovery check against rising-edge clock clk_w  {rise@0.000ns fall@20.000ns period=40.000ns})
  Path Group:             **async_default**
  Path Type:              Recovery (Max at Slow Process Corner)
  Requirement:            40.000ns  (clk_w rise@40.000ns - clk_w rise@0.000ns)
  Data Path Delay:        18.812ns  (logic 0.642ns (3.413%)  route 18.170ns (96.587%))
  Logic Levels:           1  (LUT1=1)
  Clock Path Skew:        -0.110ns (DCD - SCD + CPR)
    Destination Clock Delay (DCD):    -0.899ns = ( 39.101 - 40.000 ) 
    Source Clock Delay      (SCD):    -1.246ns
    Clock Pessimism Removal (CPR):    -0.457ns
  Clock Uncertainty:      0.099ns  ((TSJ^2 + DJ^2)^1/2) / 2 + PE
    Total System Jitter     (TSJ):    0.071ns
    Discrete Jitter          (DJ):    0.186ns
    Phase Error              (PE):    0.000ns

    Location             Delay type                Incr(ns)  Path(ns)    Netlist Resource(s)
  -------------------------------------------------------------------    -------------------
                         (clock clk_w rise edge)      0.000     0.000 r  
    F14                                               0.000     0.000 r  clk100mhz (IN)
                         net (fo=0)                   0.000     0.000    u_pll/clk100mhz
    F14                  IBUF (Prop_ibuf_I_O)         1.458     1.458 r  u_pll/IBUF_IN/O
                         net (fo=1, routed)           1.253     2.712    u_pll/clkref_buffered_w
    PLLE2_ADV_X0Y1       PLLE2_ADV (Prop_plle2_adv_CLKIN1_CLKOUT2)
                                                     -7.284    -4.572 r  u_pll/u_pll/CLKOUT2
                         net (fo=1, routed)           1.660    -2.912    clk_w
    BUFGCTRL_X0Y16       BUFG (Prop_bufg_I_O)         0.096    -2.816 r  clk_w_BUFG_inst/O
                         net (fo=4981, routed)        1.570    -1.246    u_top/u_dbg/clk_w_BUFG
    SLICE_X50Y38         FDCE                                         r  u_top/u_dbg/gpio_output_q_reg[0]/C
  -------------------------------------------------------------------    -------------------
    SLICE_X50Y38         FDCE (Prop_fdce_C_Q)         0.518    -0.728 r  u_top/u_dbg/gpio_output_q_reg[0]/Q
                         net (fo=3, routed)           0.530    -0.197    u_top/u_dbg/enable_w
    SLICE_X50Y38         LUT1 (Prop_lut1_I0_O)        0.124    -0.073 f  u_top/u_dbg/rd_x_q[4]_i_2/O
                         net (fo=2405, routed)       17.640    17.566    u_top/u_soc/u_core/u_core/u_csr/rst_cpu_w
    SLICE_X8Y46          FDCE                                         f  u_top/u_soc/u_core/u_core/u_csr/csr_sscratch_q_reg[28]/CLR
  -------------------------------------------------------------------    -------------------

                         (clock clk_w rise edge)     40.000    40.000 r  
    F14                                               0.000    40.000 r  clk100mhz (IN)
                         net (fo=0)                   0.000    40.000    u_pll/clk100mhz
    F14                  IBUF (Prop_ibuf_I_O)         1.388    41.388 r  u_pll/IBUF_IN/O
                         net (fo=1, routed)           1.181    42.569    u_pll/clkref_buffered_w
    PLLE2_ADV_X0Y1       PLLE2_ADV (Prop_plle2_adv_CLKIN1_CLKOUT2)
                                                     -6.594    35.975 r  u_pll/u_pll/CLKOUT2
                         net (fo=1, routed)           1.582    37.557    clk_w
    BUFGCTRL_X0Y16       BUFG (Prop_bufg_I_O)         0.091    37.648 r  clk_w_BUFG_inst/O
                         net (fo=4981, routed)        1.453    39.101    u_top/u_soc/u_core/u_core/u_csr/clk_w_BUFG
    SLICE_X8Y46          FDCE                                         r  u_top/u_soc/u_core/u_core/u_csr/csr_sscratch_q_reg[28]/C
                         clock pessimism             -0.457    38.644    
                         clock uncertainty           -0.099    38.545    
    SLICE_X8Y46          FDCE (Recov_fdce_C_CLR)     -0.361    38.184    u_top/u_soc/u_core/u_core/u_csr/csr_sscratch_q_reg[28]
  -------------------------------------------------------------------
                         required time                         38.184    
                         arrival time                         -17.566    
  -------------------------------------------------------------------
                         slack                                 20.618    





Min Delay Paths
--------------------------------------------------------------------------------------
Slack (MET) :             0.596ns  (arrival time - required time)
  Source:                 u_mem/rst_cnt_reg[3]/C
                            (rising edge-triggered cell FDRE clocked by clk_w  {rise@0.000ns fall@20.000ns period=40.000ns})
  Destination:            u_top/u_soc/u_soc/u_retime/u_write_cmd_req/wr_ptr_q_reg[0]/CLR
                            (removal check against rising-edge clock clk_w  {rise@0.000ns fall@20.000ns period=40.000ns})
  Path Group:             **async_default**
  Path Type:              Removal (Min at Fast Process Corner)
  Requirement:            0.000ns  (clk_w rise@0.000ns - clk_w rise@0.000ns)
  Data Path Delay:        0.520ns  (logic 0.186ns (35.774%)  route 0.334ns (64.226%))
  Logic Levels:           1  (LUT6=1)
  Clock Path Skew:        0.016ns (DCD - SCD - CPR)
    Destination Clock Delay (DCD):    0.132ns
    Source Clock Delay      (SCD):    -0.127ns
    Clock Pessimism Removal (CPR):    0.243ns

    Location             Delay type                Incr(ns)  Path(ns)    Netlist Resource(s)
  -------------------------------------------------------------------    -------------------
                         (clock clk_w rise edge)      0.000     0.000 r  
    F14                                               0.000     0.000 r  clk100mhz (IN)
                         net (fo=0)                   0.000     0.000    u_pll/clk100mhz
    F14                  IBUF (Prop_ibuf_I_O)         0.226     0.226 r  u_pll/IBUF_IN/O
                         net (fo=1, routed)           0.440     0.667    u_pll/clkref_buffered_w
    PLLE2_ADV_X0Y1       PLLE2_ADV (Prop_plle2_adv_CLKIN1_CLKOUT2)
                                                     -1.910    -1.243 r  u_pll/u_pll/CLKOUT2
                         net (fo=1, routed)           0.504    -0.739    clk_w
    BUFGCTRL_X0Y16       BUFG (Prop_bufg_I_O)         0.026    -0.713 r  clk_w_BUFG_inst/O
                         net (fo=4981, routed)        0.587    -0.127    u_mem/clk_w_BUFG
    SLICE_X65Y28         FDRE                                         r  u_mem/rst_cnt_reg[3]/C
  -------------------------------------------------------------------    -------------------
    SLICE_X65Y28         FDRE (Prop_fdre_C_Q)         0.141     0.014 r  u_mem/rst_cnt_reg[3]/Q
                         net (fo=7, routed)           0.145     0.159    u_mem/rst_cnt_reg[3]
    SLICE_X65Y29         LUT6 (Prop_lut6_I5_O)        0.045     0.204 f  u_mem/aes_start_q_i_2/O
                         net (fo=1667, routed)        0.189     0.393    u_top/u_soc/u_soc/u_retime/u_write_cmd_req/rst_sys_w
    SLICE_X65Y30         FDCE                                         f  u_top/u_soc/u_soc/u_retime/u_write_cmd_req/wr_ptr_q_reg[0]/CLR
  -------------------------------------------------------------------    -------------------

                         (clock clk_w rise edge)      0.000     0.000 r  
    F14                                               0.000     0.000 r  clk100mhz (IN)
                         net (fo=0)                   0.000     0.000    u_pll/clk100mhz
    F14                  IBUF (Prop_ibuf_I_O)         0.414     0.414 r  u_pll/IBUF_IN/O
                         net (fo=1, routed)           0.481     0.895    u_pll/clkref_buffered_w
    PLLE2_ADV_X0Y1       PLLE2_ADV (Prop_plle2_adv_CLKIN1_CLKOUT2)
                                                     -2.199    -1.304 r  u_pll/u_pll/CLKOUT2
                         net (fo=1, routed)           0.550    -0.754    clk_w
    BUFGCTRL_X0Y16       BUFG (Prop_bufg_I_O)         0.029    -0.725 r  clk_w_BUFG_inst/O
                         net (fo=4981, routed)        0.858     0.132    u_top/u_soc/u_soc/u_retime/u_write_cmd_req/clk_w_BUFG
    SLICE_X65Y30         FDCE                                         r  u_top/u_soc/u_soc/u_retime/u_write_cmd_req/wr_ptr_q_reg[0]/C
                         clock pessimism             -0.243    -0.111    
    SLICE_X65Y30         FDCE (Remov_fdce_C_CLR)     -0.092    -0.203    u_top/u_soc/u_soc/u_retime/u_write_cmd_req/wr_ptr_q_reg[0]
  -------------------------------------------------------------------
                         required time                          0.203    
                         arrival time                           0.393    
  -------------------------------------------------------------------
                         slack                                  0.596    

Slack (MET) :             0.596ns  (arrival time - required time)
  Source:                 u_mem/rst_cnt_reg[3]/C
                            (rising edge-triggered cell FDRE clocked by clk_w  {rise@0.000ns fall@20.000ns period=40.000ns})
  Destination:            u_top/u_soc/u_soc/u_retime/u_write_data_req/wr_ptr_q_reg[0]/CLR
                            (removal check against rising-edge clock clk_w  {rise@0.000ns fall@20.000ns period=40.000ns})
  Path Group:             **async_default**
  Path Type:              Removal (Min at Fast Process Corner)
  Requirement:            0.000ns  (clk_w rise@0.000ns - clk_w rise@0.000ns)
  Data Path Delay:        0.520ns  (logic 0.186ns (35.774%)  route 0.334ns (64.226%))
  Logic Levels:           1  (LUT6=1)
  Clock Path Skew:        0.016ns (DCD - SCD - CPR)
    Destination Clock Delay (DCD):    0.132ns
    Source Clock Delay      (SCD):    -0.127ns
    Clock Pessimism Removal (CPR):    0.243ns

    Location             Delay type                Incr(ns)  Path(ns)    Netlist Resource(s)
  -------------------------------------------------------------------    -------------------
                         (clock clk_w rise edge)      0.000     0.000 r  
    F14                                               0.000     0.000 r  clk100mhz (IN)
                         net (fo=0)                   0.000     0.000    u_pll/clk100mhz
    F14                  IBUF (Prop_ibuf_I_O)         0.226     0.226 r  u_pll/IBUF_IN/O
                         net (fo=1, routed)           0.440     0.667    u_pll/clkref_buffered_w
    PLLE2_ADV_X0Y1       PLLE2_ADV (Prop_plle2_adv_CLKIN1_CLKOUT2)
                                                     -1.910    -1.243 r  u_pll/u_pll/CLKOUT2
                         net (fo=1, routed)           0.504    -0.739    clk_w
    BUFGCTRL_X0Y16       BUFG (Prop_bufg_I_O)         0.026    -0.713 r  clk_w_BUFG_inst/O
                         net (fo=4981, routed)        0.587    -0.127    u_mem/clk_w_BUFG
    SLICE_X65Y28         FDRE                                         r  u_mem/rst_cnt_reg[3]/C
  -------------------------------------------------------------------    -------------------
    SLICE_X65Y28         FDRE (Prop_fdre_C_Q)         0.141     0.014 r  u_mem/rst_cnt_reg[3]/Q
                         net (fo=7, routed)           0.145     0.159    u_mem/rst_cnt_reg[3]
    SLICE_X65Y29         LUT6 (Prop_lut6_I5_O)        0.045     0.204 f  u_mem/aes_start_q_i_2/O
                         net (fo=1667, routed)        0.189     0.393    u_top/u_soc/u_soc/u_retime/u_write_data_req/rst_sys_w
    SLICE_X65Y30         FDCE                                         f  u_top/u_soc/u_soc/u_retime/u_write_data_req/wr_ptr_q_reg[0]/CLR
  -------------------------------------------------------------------    -------------------

                         (clock clk_w rise edge)      0.000     0.000 r  
    F14                                               0.000     0.000 r  clk100mhz (IN)
                         net (fo=0)                   0.000     0.000    u_pll/clk100mhz
    F14                  IBUF (Prop_ibuf_I_O)         0.414     0.414 r  u_pll/IBUF_IN/O
                         net (fo=1, routed)           0.481     0.895    u_pll/clkref_buffered_w
    PLLE2_ADV_X0Y1       PLLE2_ADV (Prop_plle2_adv_CLKIN1_CLKOUT2)
                                                     -2.199    -1.304 r  u_pll/u_pll/CLKOUT2
                         net (fo=1, routed)           0.550    -0.754    clk_w
    BUFGCTRL_X0Y16       BUFG (Prop_bufg_I_O)         0.029    -0.725 r  clk_w_BUFG_inst/O
                         net (fo=4981, routed)        0.858     0.132    u_top/u_soc/u_soc/u_retime/u_write_data_req/clk_w_BUFG
    SLICE_X65Y30         FDCE                                         r  u_top/u_soc/u_soc/u_retime/u_write_data_req/wr_ptr_q_reg[0]/C
                         clock pessimism             -0.243    -0.111    
    SLICE_X65Y30         FDCE (Remov_fdce_C_CLR)     -0.092    -0.203    u_top/u_soc/u_soc/u_retime/u_write_data_req/wr_ptr_q_reg[0]
  -------------------------------------------------------------------
                         required time                          0.203    
                         arrival time                           0.393    
  -------------------------------------------------------------------
                         slack                                  0.596    

Slack (MET) :             0.615ns  (arrival time - required time)
  Source:                 u_top/u_dbg/gpio_output_q_reg[0]/C
                            (rising edge-triggered cell FDCE clocked by clk_w  {rise@0.000ns fall@20.000ns period=40.000ns})
  Destination:            u_top/u_soc/u_core/u_core/u_fetch/skid_buffer_q_reg[0]/CLR
                            (removal check against rising-edge clock clk_w  {rise@0.000ns fall@20.000ns period=40.000ns})
  Path Group:             **async_default**
  Path Type:              Removal (Min at Fast Process Corner)
  Requirement:            0.000ns  (clk_w rise@0.000ns - clk_w rise@0.000ns)
  Data Path Delay:        0.559ns  (logic 0.209ns (37.380%)  route 0.350ns (62.620%))
  Logic Levels:           1  (LUT1=1)
  Clock Path Skew:        0.036ns (DCD - SCD - CPR)
    Destination Clock Delay (DCD):    0.110ns
    Source Clock Delay      (SCD):    -0.148ns
    Clock Pessimism Removal (CPR):    0.222ns

    Location             Delay type                Incr(ns)  Path(ns)    Netlist Resource(s)
  -------------------------------------------------------------------    -------------------
                         (clock clk_w rise edge)      0.000     0.000 r  
    F14                                               0.000     0.000 r  clk100mhz (IN)
                         net (fo=0)                   0.000     0.000    u_pll/clk100mhz
    F14                  IBUF (Prop_ibuf_I_O)         0.226     0.226 r  u_pll/IBUF_IN/O
                         net (fo=1, routed)           0.440     0.667    u_pll/clkref_buffered_w
    PLLE2_ADV_X0Y1       PLLE2_ADV (Prop_plle2_adv_CLKIN1_CLKOUT2)
                                                     -1.910    -1.243 r  u_pll/u_pll/CLKOUT2
                         net (fo=1, routed)           0.504    -0.739    clk_w
    BUFGCTRL_X0Y16       BUFG (Prop_bufg_I_O)         0.026    -0.713 r  clk_w_BUFG_inst/O
                         net (fo=4981, routed)        0.566    -0.148    u_top/u_dbg/clk_w_BUFG
    SLICE_X50Y38         FDCE                                         r  u_top/u_dbg/gpio_output_q_reg[0]/C
  -------------------------------------------------------------------    -------------------
    SLICE_X50Y38         FDCE (Prop_fdce_C_Q)         0.164     0.016 r  u_top/u_dbg/gpio_output_q_reg[0]/Q
                         net (fo=3, routed)           0.174     0.190    u_top/u_dbg/enable_w
    SLICE_X50Y38         LUT1 (Prop_lut1_I0_O)        0.045     0.235 f  u_top/u_dbg/rd_x_q[4]_i_2/O
                         net (fo=2405, routed)        0.176     0.411    u_top/u_soc/u_core/u_core/u_fetch/rst_cpu_w
    SLICE_X49Y38         FDCE                                         f  u_top/u_soc/u_core/u_core/u_fetch/skid_buffer_q_reg[0]/CLR
  -------------------------------------------------------------------    -------------------

                         (clock clk_w rise edge)      0.000     0.000 r  
    F14                                               0.000     0.000 r  clk100mhz (IN)
                         net (fo=0)                   0.000     0.000    u_pll/clk100mhz
    F14                  IBUF (Prop_ibuf_I_O)         0.414     0.414 r  u_pll/IBUF_IN/O
                         net (fo=1, routed)           0.481     0.895    u_pll/clkref_buffered_w
    PLLE2_ADV_X0Y1       PLLE2_ADV (Prop_plle2_adv_CLKIN1_CLKOUT2)
                                                     -2.199    -1.304 r  u_pll/u_pll/CLKOUT2
                         net (fo=1, routed)           0.550    -0.754    clk_w
    BUFGCTRL_X0Y16       BUFG (Prop_bufg_I_O)         0.029    -0.725 r  clk_w_BUFG_inst/O
                         net (fo=4981, routed)        0.836     0.110    u_top/u_soc/u_core/u_core/u_fetch/clk_w_BUFG
    SLICE_X49Y38         FDCE                                         r  u_top/u_soc/u_core/u_core/u_fetch/skid_buffer_q_reg[0]/C
                         clock pessimism             -0.222    -0.112    
    SLICE_X49Y38         FDCE (Remov_fdce_C_CLR)     -0.092    -0.204    u_top/u_soc/u_core/u_core/u_fetch/skid_buffer_q_reg[0]
  -------------------------------------------------------------------
                         required time                          0.204    
                         arrival time                           0.411    
  -------------------------------------------------------------------
                         slack                                  0.615    

Slack (MET) :             0.615ns  (arrival time - required time)
  Source:                 u_top/u_dbg/gpio_output_q_reg[0]/C
                            (rising edge-triggered cell FDCE clocked by clk_w  {rise@0.000ns fall@20.000ns period=40.000ns})
  Destination:            u_top/u_soc/u_core/u_core/u_fetch/skid_buffer_q_reg[6]/CLR
                            (removal check against rising-edge clock clk_w  {rise@0.000ns fall@20.000ns period=40.000ns})
  Path Group:             **async_default**
  Path Type:              Removal (Min at Fast Process Corner)
  Requirement:            0.000ns  (clk_w rise@0.000ns - clk_w rise@0.000ns)
  Data Path Delay:        0.559ns  (logic 0.209ns (37.380%)  route 0.350ns (62.620%))
  Logic Levels:           1  (LUT1=1)
  Clock Path Skew:        0.036ns (DCD - SCD - CPR)
    Destination Clock Delay (DCD):    0.110ns
    Source Clock Delay      (SCD):    -0.148ns
    Clock Pessimism Removal (CPR):    0.222ns

    Location             Delay type                Incr(ns)  Path(ns)    Netlist Resource(s)
  -------------------------------------------------------------------    -------------------
                         (clock clk_w rise edge)      0.000     0.000 r  
    F14                                               0.000     0.000 r  clk100mhz (IN)
                         net (fo=0)                   0.000     0.000    u_pll/clk100mhz
    F14                  IBUF (Prop_ibuf_I_O)         0.226     0.226 r  u_pll/IBUF_IN/O
                         net (fo=1, routed)           0.440     0.667    u_pll/clkref_buffered_w
    PLLE2_ADV_X0Y1       PLLE2_ADV (Prop_plle2_adv_CLKIN1_CLKOUT2)
                                                     -1.910    -1.243 r  u_pll/u_pll/CLKOUT2
                         net (fo=1, routed)           0.504    -0.739    clk_w
    BUFGCTRL_X0Y16       BUFG (Prop_bufg_I_O)         0.026    -0.713 r  clk_w_BUFG_inst/O
                         net (fo=4981, routed)        0.566    -0.148    u_top/u_dbg/clk_w_BUFG
    SLICE_X50Y38         FDCE                                         r  u_top/u_dbg/gpio_output_q_reg[0]/C
  -------------------------------------------------------------------    -------------------
    SLICE_X50Y38         FDCE (Prop_fdce_C_Q)         0.164     0.016 r  u_top/u_dbg/gpio_output_q_reg[0]/Q
                         net (fo=3, routed)           0.174     0.190    u_top/u_dbg/enable_w
    SLICE_X50Y38         LUT1 (Prop_lut1_I0_O)        0.045     0.235 f  u_top/u_dbg/rd_x_q[4]_i_2/O
                         net (fo=2405, routed)        0.176     0.411    u_top/u_soc/u_core/u_core/u_fetch/rst_cpu_w
    SLICE_X49Y38         FDCE                                         f  u_top/u_soc/u_core/u_core/u_fetch/skid_buffer_q_reg[6]/CLR
  -------------------------------------------------------------------    -------------------

                         (clock clk_w rise edge)      0.000     0.000 r  
    F14                                               0.000     0.000 r  clk100mhz (IN)
                         net (fo=0)                   0.000     0.000    u_pll/clk100mhz
    F14                  IBUF (Prop_ibuf_I_O)         0.414     0.414 r  u_pll/IBUF_IN/O
                         net (fo=1, routed)           0.481     0.895    u_pll/clkref_buffered_w
    PLLE2_ADV_X0Y1       PLLE2_ADV (Prop_plle2_adv_CLKIN1_CLKOUT2)
                                                     -2.199    -1.304 r  u_pll/u_pll/CLKOUT2
                         net (fo=1, routed)           0.550    -0.754    clk_w
    BUFGCTRL_X0Y16       BUFG (Prop_bufg_I_O)         0.029    -0.725 r  clk_w_BUFG_inst/O
                         net (fo=4981, routed)        0.836     0.110    u_top/u_soc/u_core/u_core/u_fetch/clk_w_BUFG
    SLICE_X49Y38         FDCE                                         r  u_top/u_soc/u_core/u_core/u_fetch/skid_buffer_q_reg[6]/C
                         clock pessimism             -0.222    -0.112    
    SLICE_X49Y38         FDCE (Remov_fdce_C_CLR)     -0.092    -0.204    u_top/u_soc/u_core/u_core/u_fetch/skid_buffer_q_reg[6]
  -------------------------------------------------------------------
                         required time                          0.204    
                         arrival time                           0.411    
  -------------------------------------------------------------------
                         slack                                  0.615    

Slack (MET) :             0.619ns  (arrival time - required time)
  Source:                 u_top/u_dbg/gpio_output_q_reg[0]/C
                            (rising edge-triggered cell FDCE clocked by clk_w  {rise@0.000ns fall@20.000ns period=40.000ns})
  Destination:            u_top/u_soc/u_core/u_core/u_fetch/skid_buffer_q_reg[11]/CLR
                            (removal check against rising-edge clock clk_w  {rise@0.000ns fall@20.000ns period=40.000ns})
  Path Group:             **async_default**
  Path Type:              Removal (Min at Fast Process Corner)
  Requirement:            0.000ns  (clk_w rise@0.000ns - clk_w rise@0.000ns)
  Data Path Delay:        0.563ns  (logic 0.209ns (37.092%)  route 0.354ns (62.908%))
  Logic Levels:           1  (LUT1=1)
  Clock Path Skew:        0.036ns (DCD - SCD - CPR)
    Destination Clock Delay (DCD):    0.110ns
    Source Clock Delay      (SCD):    -0.148ns
    Clock Pessimism Removal (CPR):    0.222ns

    Location             Delay type                Incr(ns)  Path(ns)    Netlist Resource(s)
  -------------------------------------------------------------------    -------------------
                         (clock clk_w rise edge)      0.000     0.000 r  
    F14                                               0.000     0.000 r  clk100mhz (IN)
                         net (fo=0)                   0.000     0.000    u_pll/clk100mhz
    F14                  IBUF (Prop_ibuf_I_O)         0.226     0.226 r  u_pll/IBUF_IN/O
                         net (fo=1, routed)           0.440     0.667    u_pll/clkref_buffered_w
    PLLE2_ADV_X0Y1       PLLE2_ADV (Prop_plle2_adv_CLKIN1_CLKOUT2)
                                                     -1.910    -1.243 r  u_pll/u_pll/CLKOUT2
                         net (fo=1, routed)           0.504    -0.739    clk_w
    BUFGCTRL_X0Y16       BUFG (Prop_bufg_I_O)         0.026    -0.713 r  clk_w_BUFG_inst/O
                         net (fo=4981, routed)        0.566    -0.148    u_top/u_dbg/clk_w_BUFG
    SLICE_X50Y38         FDCE                                         r  u_top/u_dbg/gpio_output_q_reg[0]/C
  -------------------------------------------------------------------    -------------------
    SLICE_X50Y38         FDCE (Prop_fdce_C_Q)         0.164     0.016 r  u_top/u_dbg/gpio_output_q_reg[0]/Q
                         net (fo=3, routed)           0.174     0.190    u_top/u_dbg/enable_w
    SLICE_X50Y38         LUT1 (Prop_lut1_I0_O)        0.045     0.235 f  u_top/u_dbg/rd_x_q[4]_i_2/O
                         net (fo=2405, routed)        0.180     0.416    u_top/u_soc/u_core/u_core/u_fetch/rst_cpu_w
    SLICE_X48Y38         FDCE                                         f  u_top/u_soc/u_core/u_core/u_fetch/skid_buffer_q_reg[11]/CLR
  -------------------------------------------------------------------    -------------------

                         (clock clk_w rise edge)      0.000     0.000 r  
    F14                                               0.000     0.000 r  clk100mhz (IN)
                         net (fo=0)                   0.000     0.000    u_pll/clk100mhz
    F14                  IBUF (Prop_ibuf_I_O)         0.414     0.414 r  u_pll/IBUF_IN/O
                         net (fo=1, routed)           0.481     0.895    u_pll/clkref_buffered_w
    PLLE2_ADV_X0Y1       PLLE2_ADV (Prop_plle2_adv_CLKIN1_CLKOUT2)
                                                     -2.199    -1.304 r  u_pll/u_pll/CLKOUT2
                         net (fo=1, routed)           0.550    -0.754    clk_w
    BUFGCTRL_X0Y16       BUFG (Prop_bufg_I_O)         0.029    -0.725 r  clk_w_BUFG_inst/O
                         net (fo=4981, routed)        0.836     0.110    u_top/u_soc/u_core/u_core/u_fetch/clk_w_BUFG
    SLICE_X48Y38         FDCE                                         r  u_top/u_soc/u_core/u_core/u_fetch/skid_buffer_q_reg[11]/C
                         clock pessimism             -0.222    -0.112    
    SLICE_X48Y38         FDCE (Remov_fdce_C_CLR)     -0.092    -0.204    u_top/u_soc/u_core/u_core/u_fetch/skid_buffer_q_reg[11]
  -------------------------------------------------------------------
                         required time                          0.204    
                         arrival time                           0.416    
  -------------------------------------------------------------------
                         slack                                  0.619    

Slack (MET) :             0.619ns  (arrival time - required time)
  Source:                 u_top/u_dbg/gpio_output_q_reg[0]/C
                            (rising edge-triggered cell FDCE clocked by clk_w  {rise@0.000ns fall@20.000ns period=40.000ns})
  Destination:            u_top/u_soc/u_core/u_core/u_fetch/skid_buffer_q_reg[8]/CLR
                            (removal check against rising-edge clock clk_w  {rise@0.000ns fall@20.000ns period=40.000ns})
  Path Group:             **async_default**
  Path Type:              Removal (Min at Fast Process Corner)
  Requirement:            0.000ns  (clk_w rise@0.000ns - clk_w rise@0.000ns)
  Data Path Delay:        0.563ns  (logic 0.209ns (37.092%)  route 0.354ns (62.908%))
  Logic Levels:           1  (LUT1=1)
  Clock Path Skew:        0.036ns (DCD - SCD - CPR)
    Destination Clock Delay (DCD):    0.110ns
    Source Clock Delay      (SCD):    -0.148ns
    Clock Pessimism Removal (CPR):    0.222ns

    Location             Delay type                Incr(ns)  Path(ns)    Netlist Resource(s)
  -------------------------------------------------------------------    -------------------
                         (clock clk_w rise edge)      0.000     0.000 r  
    F14                                               0.000     0.000 r  clk100mhz (IN)
                         net (fo=0)                   0.000     0.000    u_pll/clk100mhz
    F14                  IBUF (Prop_ibuf_I_O)         0.226     0.226 r  u_pll/IBUF_IN/O
                         net (fo=1, routed)           0.440     0.667    u_pll/clkref_buffered_w
    PLLE2_ADV_X0Y1       PLLE2_ADV (Prop_plle2_adv_CLKIN1_CLKOUT2)
                                                     -1.910    -1.243 r  u_pll/u_pll/CLKOUT2
                         net (fo=1, routed)           0.504    -0.739    clk_w
    BUFGCTRL_X0Y16       BUFG (Prop_bufg_I_O)         0.026    -0.713 r  clk_w_BUFG_inst/O
                         net (fo=4981, routed)        0.566    -0.148    u_top/u_dbg/clk_w_BUFG
    SLICE_X50Y38         FDCE                                         r  u_top/u_dbg/gpio_output_q_reg[0]/C
  -------------------------------------------------------------------    -------------------
    SLICE_X50Y38         FDCE (Prop_fdce_C_Q)         0.164     0.016 r  u_top/u_dbg/gpio_output_q_reg[0]/Q
                         net (fo=3, routed)           0.174     0.190    u_top/u_dbg/enable_w
    SLICE_X50Y38         LUT1 (Prop_lut1_I0_O)        0.045     0.235 f  u_top/u_dbg/rd_x_q[4]_i_2/O
                         net (fo=2405, routed)        0.180     0.416    u_top/u_soc/u_core/u_core/u_fetch/rst_cpu_w
    SLICE_X48Y38         FDCE                                         f  u_top/u_soc/u_core/u_core/u_fetch/skid_buffer_q_reg[8]/CLR
  -------------------------------------------------------------------    -------------------

                         (clock clk_w rise edge)      0.000     0.000 r  
    F14                                               0.000     0.000 r  clk100mhz (IN)
                         net (fo=0)                   0.000     0.000    u_pll/clk100mhz
    F14                  IBUF (Prop_ibuf_I_O)         0.414     0.414 r  u_pll/IBUF_IN/O
                         net (fo=1, routed)           0.481     0.895    u_pll/clkref_buffered_w
    PLLE2_ADV_X0Y1       PLLE2_ADV (Prop_plle2_adv_CLKIN1_CLKOUT2)
                                                     -2.199    -1.304 r  u_pll/u_pll/CLKOUT2
                         net (fo=1, routed)           0.550    -0.754    clk_w
    BUFGCTRL_X0Y16       BUFG (Prop_bufg_I_O)         0.029    -0.725 r  clk_w_BUFG_inst/O
                         net (fo=4981, routed)        0.836     0.110    u_top/u_soc/u_core/u_core/u_fetch/clk_w_BUFG
    SLICE_X48Y38         FDCE                                         r  u_top/u_soc/u_core/u_core/u_fetch/skid_buffer_q_reg[8]/C
                         clock pessimism             -0.222    -0.112    
    SLICE_X48Y38         FDCE (Remov_fdce_C_CLR)     -0.092    -0.204    u_top/u_soc/u_core/u_core/u_fetch/skid_buffer_q_reg[8]
  -------------------------------------------------------------------
                         required time                          0.204    
                         arrival time                           0.416    
  -------------------------------------------------------------------
                         slack                                  0.619    

Slack (MET) :             0.645ns  (arrival time - required time)
  Source:                 u_top/u_dbg/gpio_output_q_reg[0]/C
                            (rising edge-triggered cell FDCE clocked by clk_w  {rise@0.000ns fall@20.000ns period=40.000ns})
  Destination:            u_top/u_soc/u_core/u_icache/FSM_sequential_state_q_reg[0]/PRE
                            (removal check against rising-edge clock clk_w  {rise@0.000ns fall@20.000ns period=40.000ns})
  Path Group:             **async_default**
  Path Type:              Removal (Min at Fast Process Corner)
  Requirement:            0.000ns  (clk_w rise@0.000ns - clk_w rise@0.000ns)
  Data Path Delay:        0.587ns  (logic 0.209ns (35.589%)  route 0.378ns (64.411%))
  Logic Levels:           1  (LUT1=1)
  Clock Path Skew:        0.013ns (DCD - SCD - CPR)
    Destination Clock Delay (DCD):    0.108ns
    Source Clock Delay      (SCD):    -0.148ns
    Clock Pessimism Removal (CPR):    0.243ns

    Location             Delay type                Incr(ns)  Path(ns)    Netlist Resource(s)
  -------------------------------------------------------------------    -------------------
                         (clock clk_w rise edge)      0.000     0.000 r  
    F14                                               0.000     0.000 r  clk100mhz (IN)
                         net (fo=0)                   0.000     0.000    u_pll/clk100mhz
    F14                  IBUF (Prop_ibuf_I_O)         0.226     0.226 r  u_pll/IBUF_IN/O
                         net (fo=1, routed)           0.440     0.667    u_pll/clkref_buffered_w
    PLLE2_ADV_X0Y1       PLLE2_ADV (Prop_plle2_adv_CLKIN1_CLKOUT2)
                                                     -1.910    -1.243 r  u_pll/u_pll/CLKOUT2
                         net (fo=1, routed)           0.504    -0.739    clk_w
    BUFGCTRL_X0Y16       BUFG (Prop_bufg_I_O)         0.026    -0.713 r  clk_w_BUFG_inst/O
                         net (fo=4981, routed)        0.566    -0.148    u_top/u_dbg/clk_w_BUFG
    SLICE_X50Y38         FDCE                                         r  u_top/u_dbg/gpio_output_q_reg[0]/C
  -------------------------------------------------------------------    -------------------
    SLICE_X50Y38         FDCE (Prop_fdce_C_Q)         0.164     0.016 r  u_top/u_dbg/gpio_output_q_reg[0]/Q
                         net (fo=3, routed)           0.174     0.190    u_top/u_dbg/enable_w
    SLICE_X50Y38         LUT1 (Prop_lut1_I0_O)        0.045     0.235 f  u_top/u_dbg/rd_x_q[4]_i_2/O
                         net (fo=2405, routed)        0.204     0.439    u_top/u_soc/u_core/u_icache/rst_cpu_w
    SLICE_X50Y36         FDPE                                         f  u_top/u_soc/u_core/u_icache/FSM_sequential_state_q_reg[0]/PRE
  -------------------------------------------------------------------    -------------------

                         (clock clk_w rise edge)      0.000     0.000 r  
    F14                                               0.000     0.000 r  clk100mhz (IN)
                         net (fo=0)                   0.000     0.000    u_pll/clk100mhz
    F14                  IBUF (Prop_ibuf_I_O)         0.414     0.414 r  u_pll/IBUF_IN/O
                         net (fo=1, routed)           0.481     0.895    u_pll/clkref_buffered_w
    PLLE2_ADV_X0Y1       PLLE2_ADV (Prop_plle2_adv_CLKIN1_CLKOUT2)
                                                     -2.199    -1.304 r  u_pll/u_pll/CLKOUT2
                         net (fo=1, routed)           0.550    -0.754    clk_w
    BUFGCTRL_X0Y16       BUFG (Prop_bufg_I_O)         0.029    -0.725 r  clk_w_BUFG_inst/O
                         net (fo=4981, routed)        0.834     0.108    u_top/u_soc/u_core/u_icache/clk_w_BUFG
    SLICE_X50Y36         FDPE                                         r  u_top/u_soc/u_core/u_icache/FSM_sequential_state_q_reg[0]/C
                         clock pessimism             -0.243    -0.135    
    SLICE_X50Y36         FDPE (Remov_fdpe_C_PRE)     -0.071    -0.206    u_top/u_soc/u_core/u_icache/FSM_sequential_state_q_reg[0]
  -------------------------------------------------------------------
                         required time                          0.206    
                         arrival time                           0.439    
  -------------------------------------------------------------------
                         slack                                  0.645    

Slack (MET) :             0.649ns  (arrival time - required time)
  Source:                 u_mem/rst_cnt_reg[3]/C
                            (rising edge-triggered cell FDRE clocked by clk_w  {rise@0.000ns fall@20.000ns period=40.000ns})
  Destination:            u_top/u_soc/u_soc/u_retime/u_read_req/count_q_reg[0]/CLR
                            (removal check against rising-edge clock clk_w  {rise@0.000ns fall@20.000ns period=40.000ns})
  Path Group:             **async_default**
  Path Type:              Removal (Min at Fast Process Corner)
  Requirement:            0.000ns  (clk_w rise@0.000ns - clk_w rise@0.000ns)
  Data Path Delay:        0.595ns  (logic 0.186ns (31.274%)  route 0.409ns (68.726%))
  Logic Levels:           1  (LUT6=1)
  Clock Path Skew:        0.013ns (DCD - SCD - CPR)
    Destination Clock Delay (DCD):    0.129ns
    Source Clock Delay      (SCD):    -0.127ns
    Clock Pessimism Removal (CPR):    0.243ns

    Location             Delay type                Incr(ns)  Path(ns)    Netlist Resource(s)
  -------------------------------------------------------------------    -------------------
                         (clock clk_w rise edge)      0.000     0.000 r  
    F14                                               0.000     0.000 r  clk100mhz (IN)
                         net (fo=0)                   0.000     0.000    u_pll/clk100mhz
    F14                  IBUF (Prop_ibuf_I_O)         0.226     0.226 r  u_pll/IBUF_IN/O
                         net (fo=1, routed)           0.440     0.667    u_pll/clkref_buffered_w
    PLLE2_ADV_X0Y1       PLLE2_ADV (Prop_plle2_adv_CLKIN1_CLKOUT2)
                                                     -1.910    -1.243 r  u_pll/u_pll/CLKOUT2
                         net (fo=1, routed)           0.504    -0.739    clk_w
    BUFGCTRL_X0Y16       BUFG (Prop_bufg_I_O)         0.026    -0.713 r  clk_w_BUFG_inst/O
                         net (fo=4981, routed)        0.587    -0.127    u_mem/clk_w_BUFG
    SLICE_X65Y28         FDRE                                         r  u_mem/rst_cnt_reg[3]/C
  -------------------------------------------------------------------    -------------------
    SLICE_X65Y28         FDRE (Prop_fdre_C_Q)         0.141     0.014 r  u_mem/rst_cnt_reg[3]/Q
                         net (fo=7, routed)           0.145     0.159    u_mem/rst_cnt_reg[3]
    SLICE_X65Y29         LUT6 (Prop_lut6_I5_O)        0.045     0.204 f  u_mem/aes_start_q_i_2/O
                         net (fo=1667, routed)        0.263     0.468    u_top/u_soc/u_soc/u_retime/u_read_req/rst_sys_w
    SLICE_X64Y27         FDCE                                         f  u_top/u_soc/u_soc/u_retime/u_read_req/count_q_reg[0]/CLR
  -------------------------------------------------------------------    -------------------

                         (clock clk_w rise edge)      0.000     0.000 r  
    F14                                               0.000     0.000 r  clk100mhz (IN)
                         net (fo=0)                   0.000     0.000    u_pll/clk100mhz
    F14                  IBUF (Prop_ibuf_I_O)         0.414     0.414 r  u_pll/IBUF_IN/O
                         net (fo=1, routed)           0.481     0.895    u_pll/clkref_buffered_w
    PLLE2_ADV_X0Y1       PLLE2_ADV (Prop_plle2_adv_CLKIN1_CLKOUT2)
                                                     -2.199    -1.304 r  u_pll/u_pll/CLKOUT2
                         net (fo=1, routed)           0.550    -0.754    clk_w
    BUFGCTRL_X0Y16       BUFG (Prop_bufg_I_O)         0.029    -0.725 r  clk_w_BUFG_inst/O
                         net (fo=4981, routed)        0.855     0.129    u_top/u_soc/u_soc/u_retime/u_read_req/clk_w_BUFG
    SLICE_X64Y27         FDCE                                         r  u_top/u_soc/u_soc/u_retime/u_read_req/count_q_reg[0]/C
                         clock pessimism             -0.243    -0.114    
    SLICE_X64Y27         FDCE (Remov_fdce_C_CLR)     -0.067    -0.181    u_top/u_soc/u_soc/u_retime/u_read_req/count_q_reg[0]
  -------------------------------------------------------------------
                         required time                          0.181    
                         arrival time                           0.468    
  -------------------------------------------------------------------
                         slack                                  0.649    

Slack (MET) :             0.649ns  (arrival time - required time)
  Source:                 u_mem/rst_cnt_reg[3]/C
                            (rising edge-triggered cell FDRE clocked by clk_w  {rise@0.000ns fall@20.000ns period=40.000ns})
  Destination:            u_top/u_soc/u_soc/u_retime/u_read_req/count_q_reg[1]/CLR
                            (removal check against rising-edge clock clk_w  {rise@0.000ns fall@20.000ns period=40.000ns})
  Path Group:             **async_default**
  Path Type:              Removal (Min at Fast Process Corner)
  Requirement:            0.000ns  (clk_w rise@0.000ns - clk_w rise@0.000ns)
  Data Path Delay:        0.595ns  (logic 0.186ns (31.274%)  route 0.409ns (68.726%))
  Logic Levels:           1  (LUT6=1)
  Clock Path Skew:        0.013ns (DCD - SCD - CPR)
    Destination Clock Delay (DCD):    0.129ns
    Source Clock Delay      (SCD):    -0.127ns
    Clock Pessimism Removal (CPR):    0.243ns

    Location             Delay type                Incr(ns)  Path(ns)    Netlist Resource(s)
  -------------------------------------------------------------------    -------------------
                         (clock clk_w rise edge)      0.000     0.000 r  
    F14                                               0.000     0.000 r  clk100mhz (IN)
                         net (fo=0)                   0.000     0.000    u_pll/clk100mhz
    F14                  IBUF (Prop_ibuf_I_O)         0.226     0.226 r  u_pll/IBUF_IN/O
                         net (fo=1, routed)           0.440     0.667    u_pll/clkref_buffered_w
    PLLE2_ADV_X0Y1       PLLE2_ADV (Prop_plle2_adv_CLKIN1_CLKOUT2)
                                                     -1.910    -1.243 r  u_pll/u_pll/CLKOUT2
                         net (fo=1, routed)           0.504    -0.739    clk_w
    BUFGCTRL_X0Y16       BUFG (Prop_bufg_I_O)         0.026    -0.713 r  clk_w_BUFG_inst/O
                         net (fo=4981, routed)        0.587    -0.127    u_mem/clk_w_BUFG
    SLICE_X65Y28         FDRE                                         r  u_mem/rst_cnt_reg[3]/C
  -------------------------------------------------------------------    -------------------
    SLICE_X65Y28         FDRE (Prop_fdre_C_Q)         0.141     0.014 r  u_mem/rst_cnt_reg[3]/Q
                         net (fo=7, routed)           0.145     0.159    u_mem/rst_cnt_reg[3]
    SLICE_X65Y29         LUT6 (Prop_lut6_I5_O)        0.045     0.204 f  u_mem/aes_start_q_i_2/O
                         net (fo=1667, routed)        0.263     0.468    u_top/u_soc/u_soc/u_retime/u_read_req/rst_sys_w
    SLICE_X64Y27         FDCE                                         f  u_top/u_soc/u_soc/u_retime/u_read_req/count_q_reg[1]/CLR
  -------------------------------------------------------------------    -------------------

                         (clock clk_w rise edge)      0.000     0.000 r  
    F14                                               0.000     0.000 r  clk100mhz (IN)
                         net (fo=0)                   0.000     0.000    u_pll/clk100mhz
    F14                  IBUF (Prop_ibuf_I_O)         0.414     0.414 r  u_pll/IBUF_IN/O
                         net (fo=1, routed)           0.481     0.895    u_pll/clkref_buffered_w
    PLLE2_ADV_X0Y1       PLLE2_ADV (Prop_plle2_adv_CLKIN1_CLKOUT2)
                                                     -2.199    -1.304 r  u_pll/u_pll/CLKOUT2
                         net (fo=1, routed)           0.550    -0.754    clk_w
    BUFGCTRL_X0Y16       BUFG (Prop_bufg_I_O)         0.029    -0.725 r  clk_w_BUFG_inst/O
                         net (fo=4981, routed)        0.855     0.129    u_top/u_soc/u_soc/u_retime/u_read_req/clk_w_BUFG
    SLICE_X64Y27         FDCE                                         r  u_top/u_soc/u_soc/u_retime/u_read_req/count_q_reg[1]/C
                         clock pessimism             -0.243    -0.114    
    SLICE_X64Y27         FDCE (Remov_fdce_C_CLR)     -0.067    -0.181    u_top/u_soc/u_soc/u_retime/u_read_req/count_q_reg[1]
  -------------------------------------------------------------------
                         required time                          0.181    
                         arrival time                           0.468    
  -------------------------------------------------------------------
                         slack                                  0.649    

Slack (MET) :             0.649ns  (arrival time - required time)
  Source:                 u_mem/rst_cnt_reg[3]/C
                            (rising edge-triggered cell FDRE clocked by clk_w  {rise@0.000ns fall@20.000ns period=40.000ns})
  Destination:            u_top/u_soc/u_soc/u_retime/u_read_req/rd_ptr_q_reg[0]/CLR
                            (removal check against rising-edge clock clk_w  {rise@0.000ns fall@20.000ns period=40.000ns})
  Path Group:             **async_default**
  Path Type:              Removal (Min at Fast Process Corner)
  Requirement:            0.000ns  (clk_w rise@0.000ns - clk_w rise@0.000ns)
  Data Path Delay:        0.595ns  (logic 0.186ns (31.274%)  route 0.409ns (68.726%))
  Logic Levels:           1  (LUT6=1)
  Clock Path Skew:        0.013ns (DCD - SCD - CPR)
    Destination Clock Delay (DCD):    0.129ns
    Source Clock Delay      (SCD):    -0.127ns
    Clock Pessimism Removal (CPR):    0.243ns

    Location             Delay type                Incr(ns)  Path(ns)    Netlist Resource(s)
  -------------------------------------------------------------------    -------------------
                         (clock clk_w rise edge)      0.000     0.000 r  
    F14                                               0.000     0.000 r  clk100mhz (IN)
                         net (fo=0)                   0.000     0.000    u_pll/clk100mhz
    F14                  IBUF (Prop_ibuf_I_O)         0.226     0.226 r  u_pll/IBUF_IN/O
                         net (fo=1, routed)           0.440     0.667    u_pll/clkref_buffered_w
    PLLE2_ADV_X0Y1       PLLE2_ADV (Prop_plle2_adv_CLKIN1_CLKOUT2)
                                                     -1.910    -1.243 r  u_pll/u_pll/CLKOUT2
                         net (fo=1, routed)           0.504    -0.739    clk_w
    BUFGCTRL_X0Y16       BUFG (Prop_bufg_I_O)         0.026    -0.713 r  clk_w_BUFG_inst/O
                         net (fo=4981, routed)        0.587    -0.127    u_mem/clk_w_BUFG
    SLICE_X65Y28         FDRE                                         r  u_mem/rst_cnt_reg[3]/C
  -------------------------------------------------------------------    -------------------
    SLICE_X65Y28         FDRE (Prop_fdre_C_Q)         0.141     0.014 r  u_mem/rst_cnt_reg[3]/Q
                         net (fo=7, routed)           0.145     0.159    u_mem/rst_cnt_reg[3]
    SLICE_X65Y29         LUT6 (Prop_lut6_I5_O)        0.045     0.204 f  u_mem/aes_start_q_i_2/O
                         net (fo=1667, routed)        0.263     0.468    u_top/u_soc/u_soc/u_retime/u_read_req/rst_sys_w
    SLICE_X64Y27         FDCE                                         f  u_top/u_soc/u_soc/u_retime/u_read_req/rd_ptr_q_reg[0]/CLR
  -------------------------------------------------------------------    -------------------

                         (clock clk_w rise edge)      0.000     0.000 r  
    F14                                               0.000     0.000 r  clk100mhz (IN)
                         net (fo=0)                   0.000     0.000    u_pll/clk100mhz
    F14                  IBUF (Prop_ibuf_I_O)         0.414     0.414 r  u_pll/IBUF_IN/O
                         net (fo=1, routed)           0.481     0.895    u_pll/clkref_buffered_w
    PLLE2_ADV_X0Y1       PLLE2_ADV (Prop_plle2_adv_CLKIN1_CLKOUT2)
                                                     -2.199    -1.304 r  u_pll/u_pll/CLKOUT2
                         net (fo=1, routed)           0.550    -0.754    clk_w
    BUFGCTRL_X0Y16       BUFG (Prop_bufg_I_O)         0.029    -0.725 r  clk_w_BUFG_inst/O
                         net (fo=4981, routed)        0.855     0.129    u_top/u_soc/u_soc/u_retime/u_read_req/clk_w_BUFG
    SLICE_X64Y27         FDCE                                         r  u_top/u_soc/u_soc/u_retime/u_read_req/rd_ptr_q_reg[0]/C
                         clock pessimism             -0.243    -0.114    
    SLICE_X64Y27         FDCE (Remov_fdce_C_CLR)     -0.067    -0.181    u_top/u_soc/u_soc/u_retime/u_read_req/rd_ptr_q_reg[0]
  -------------------------------------------------------------------
                         required time                          0.181    
                         arrival time                           0.468    
  -------------------------------------------------------------------
                         slack                                  0.649    





--------------------------------------------------------------------------------------
Path Group:  (none)
From Clock:  clk_w
  To Clock:  

Max Delay             1 Endpoint
Min Delay             1 Endpoint
--------------------------------------------------------------------------------------


Max Delay Paths
--------------------------------------------------------------------------------------
Slack:                    inf
  Source:                 txd_q_reg/C
                            (rising edge-triggered cell FDPE clocked by clk_w  {rise@0.000ns fall@20.000ns period=40.000ns})
  Destination:            uart_rxd_out
                            (output port)
  Path Group:             (none)
  Path Type:              Max at Slow Process Corner
  Data Path Delay:        8.855ns  (logic 3.957ns (44.684%)  route 4.898ns (55.316%))
  Logic Levels:           1  (OBUF=1)
  Clock Uncertainty:      0.210ns  ((TSJ^2 + DJ^2)^1/2) / 2 + PE
    Total System Jitter     (TSJ):    0.050ns
    Discrete Jitter          (DJ):    0.186ns
    Phase Error              (PE):    0.114ns
  Timing Exception:       False Path

    Location             Delay type                Incr(ns)  Path(ns)    Netlist Resource(s)
  -------------------------------------------------------------------    -------------------
                         (clock clk_w rise edge)      0.000     0.000 r  
    F14                                               0.000     0.000 r  clk100mhz (IN)
                         net (fo=0)                   0.000     0.000    u_pll/clk100mhz
    F14                  IBUF (Prop_ibuf_I_O)         1.458     1.458 r  u_pll/IBUF_IN/O
                         net (fo=1, routed)           1.253     2.712    u_pll/clkref_buffered_w
    PLLE2_ADV_X0Y1       PLLE2_ADV (Prop_plle2_adv_CLKIN1_CLKOUT2)
                                                     -7.284    -4.572 r  u_pll/u_pll/CLKOUT2
                         net (fo=1, routed)           1.660    -2.912    clk_w
    BUFGCTRL_X0Y16       BUFG (Prop_bufg_I_O)         0.096    -2.816 r  clk_w_BUFG_inst/O
                         net (fo=4981, routed)        1.640    -1.176    clk_w_BUFG
    SLICE_X63Y45         FDPE                                         r  txd_q_reg/C
  -------------------------------------------------------------------    -------------------
    SLICE_X63Y45         FDPE (Prop_fdpe_C_Q)         0.456    -0.720 r  txd_q_reg/Q
                         net (fo=1, routed)           4.898     4.178    uart_rxd_out_OBUF
    U11                  OBUF (Prop_obuf_I_O)         3.501     7.679 r  uart_rxd_out_OBUF_inst/O
                         net (fo=0)                   0.000     7.679    uart_rxd_out
    U11                                                               r  uart_rxd_out (OUT)
  -------------------------------------------------------------------    -------------------





Min Delay Paths
--------------------------------------------------------------------------------------
Slack:                    inf
  Source:                 txd_q_reg/C
                            (rising edge-triggered cell FDPE clocked by clk_w  {rise@0.000ns fall@20.000ns period=40.000ns})
  Destination:            uart_rxd_out
                            (output port)
  Path Group:             (none)
  Path Type:              Min at Fast Process Corner
  Data Path Delay:        3.253ns  (logic 1.343ns (41.280%)  route 1.910ns (58.720%))
  Logic Levels:           1  (OBUF=1)
  Clock Uncertainty:      0.210ns  ((TSJ^2 + DJ^2)^1/2) / 2 + PE
    Total System Jitter     (TSJ):    0.050ns
    Discrete Jitter          (DJ):    0.186ns
    Phase Error              (PE):    0.114ns
  Timing Exception:       False Path

    Location             Delay type                Incr(ns)  Path(ns)    Netlist Resource(s)
  -------------------------------------------------------------------    -------------------
                         (clock clk_w rise edge)      0.000     0.000 r  
    F14                                               0.000     0.000 r  clk100mhz (IN)
                         net (fo=0)                   0.000     0.000    u_pll/clk100mhz
    F14                  IBUF (Prop_ibuf_I_O)         0.226     0.226 r  u_pll/IBUF_IN/O
                         net (fo=1, routed)           0.440     0.667    u_pll/clkref_buffered_w
    PLLE2_ADV_X0Y1       PLLE2_ADV (Prop_plle2_adv_CLKIN1_CLKOUT2)
                                                     -1.910    -1.243 r  u_pll/u_pll/CLKOUT2
                         net (fo=1, routed)           0.504    -0.739    clk_w
    BUFGCTRL_X0Y16       BUFG (Prop_bufg_I_O)         0.026    -0.713 r  clk_w_BUFG_inst/O
                         net (fo=4981, routed)        0.597    -0.117    clk_w_BUFG
    SLICE_X63Y45         FDPE                                         r  txd_q_reg/C
  -------------------------------------------------------------------    -------------------
    SLICE_X63Y45         FDPE (Prop_fdpe_C_Q)         0.141     0.024 r  txd_q_reg/Q
                         net (fo=1, routed)           1.910     1.934    uart_rxd_out_OBUF
    U11                  OBUF (Prop_obuf_I_O)         1.202     3.136 r  uart_rxd_out_OBUF_inst/O
                         net (fo=0)                   0.000     3.136    uart_rxd_out
    U11                                                               r  uart_rxd_out (OUT)
  -------------------------------------------------------------------    -------------------





--------------------------------------------------------------------------------------
Path Group:  (none)
From Clock:  
  To Clock:  clk_w

Max Delay             1 Endpoint
Min Delay             1 Endpoint
--------------------------------------------------------------------------------------


Max Delay Paths
--------------------------------------------------------------------------------------
Slack:                    inf
  Source:                 uart_txd_in
                            (input port)
  Destination:            u_top/u_dbg/u_uart/rxd_ms_q_reg/D
                            (rising edge-triggered cell FDPE clocked by clk_w  {rise@0.000ns fall@20.000ns period=40.000ns})
  Path Group:             (none)
  Path Type:              Setup (Max at Slow Process Corner)
  Data Path Delay:        4.394ns  (logic 1.446ns (32.921%)  route 2.947ns (67.079%))
  Logic Levels:           1  (IBUF=1)
  Clock Path Skew:        -0.918ns (DCD - SCD + CPR)
    Destination Clock Delay (DCD):    -0.918ns
    Source Clock Delay      (SCD):    0.000ns
    Clock Pessimism Removal (CPR):    0.000ns
  Clock Uncertainty:      0.210ns  ((TSJ^2 + DJ^2)^1/2) / 2 + PE
    Total System Jitter     (TSJ):    0.050ns
    Discrete Jitter          (DJ):    0.186ns
    Phase Error              (PE):    0.114ns
  Timing Exception:       False Path

    Location             Delay type                Incr(ns)  Path(ns)    Netlist Resource(s)
  -------------------------------------------------------------------    -------------------
    V12                                               0.000     0.000 r  uart_txd_in (IN)
                         net (fo=0)                   0.000     0.000    uart_txd_in
    V12                  IBUF (Prop_ibuf_I_O)         1.446     1.446 r  uart_txd_in_IBUF_inst/O
                         net (fo=1, routed)           2.947     4.394    u_top/u_dbg/u_uart/uart_txd_in_IBUF
    SLICE_X46Y24         FDPE                                         r  u_top/u_dbg/u_uart/rxd_ms_q_reg/D
  -------------------------------------------------------------------    -------------------

                         (clock clk_w rise edge)      0.000     0.000 r  
    F14                                               0.000     0.000 r  clk100mhz (IN)
                         net (fo=0)                   0.000     0.000    u_pll/clk100mhz
    F14                  IBUF (Prop_ibuf_I_O)         1.388     1.388 r  u_pll/IBUF_IN/O
                         net (fo=1, routed)           1.181     2.569    u_pll/clkref_buffered_w
    PLLE2_ADV_X0Y1       PLLE2_ADV (Prop_plle2_adv_CLKIN1_CLKOUT2)
                                                     -6.594    -4.025 r  u_pll/u_pll/CLKOUT2
                         net (fo=1, routed)           1.582    -2.443    clk_w
    BUFGCTRL_X0Y16       BUFG (Prop_bufg_I_O)         0.091    -2.352 r  clk_w_BUFG_inst/O
                         net (fo=4981, routed)        1.434    -0.918    u_top/u_dbg/u_uart/clk_w_BUFG
    SLICE_X46Y24         FDPE                                         r  u_top/u_dbg/u_uart/rxd_ms_q_reg/C





Min Delay Paths
--------------------------------------------------------------------------------------
Slack:                    inf
  Source:                 uart_txd_in
                            (input port)
  Destination:            u_top/u_dbg/u_uart/rxd_ms_q_reg/D
                            (rising edge-triggered cell FDPE clocked by clk_w  {rise@0.000ns fall@20.000ns period=40.000ns})
  Path Group:             (none)
  Path Type:              Hold (Min at Fast Process Corner)
  Data Path Delay:        1.484ns  (logic 0.215ns (14.466%)  route 1.269ns (85.534%))
  Logic Levels:           1  (IBUF=1)
  Clock Path Skew:        0.094ns (DCD - SCD - CPR)
    Destination Clock Delay (DCD):    0.094ns
    Source Clock Delay      (SCD):    0.000ns
    Clock Pessimism Removal (CPR):    -0.000ns
  Timing Exception:       False Path

    Location             Delay type                Incr(ns)  Path(ns)    Netlist Resource(s)
  -------------------------------------------------------------------    -------------------
    V12                                               0.000     0.000 r  uart_txd_in (IN)
                         net (fo=0)                   0.000     0.000    uart_txd_in
    V12                  IBUF (Prop_ibuf_I_O)         0.215     0.215 r  uart_txd_in_IBUF_inst/O
                         net (fo=1, routed)           1.269     1.484    u_top/u_dbg/u_uart/uart_txd_in_IBUF
    SLICE_X46Y24         FDPE                                         r  u_top/u_dbg/u_uart/rxd_ms_q_reg/D
  -------------------------------------------------------------------    -------------------

                         (clock clk_w rise edge)      0.000     0.000 r  
    F14                                               0.000     0.000 r  clk100mhz (IN)
                         net (fo=0)                   0.000     0.000    u_pll/clk100mhz
    F14                  IBUF (Prop_ibuf_I_O)         0.414     0.414 r  u_pll/IBUF_IN/O
                         net (fo=1, routed)           0.481     0.895    u_pll/clkref_buffered_w
    PLLE2_ADV_X0Y1       PLLE2_ADV (Prop_plle2_adv_CLKIN1_CLKOUT2)
                                                     -2.199    -1.304 r  u_pll/u_pll/CLKOUT2
                         net (fo=1, routed)           0.550    -0.754    clk_w
    BUFGCTRL_X0Y16       BUFG (Prop_bufg_I_O)         0.029    -0.725 r  clk_w_BUFG_inst/O
                         net (fo=4981, routed)        0.820     0.094    u_top/u_dbg/u_uart/clk_w_BUFG
    SLICE_X46Y24         FDPE                                         r  u_top/u_dbg/u_uart/rxd_ms_q_reg/C





--------------------------------------------------------------------------------------
Path Group:  (none)
From Clock:  clkfbout_w
  To Clock:  

Max Delay             1 Endpoint
Min Delay             1 Endpoint
--------------------------------------------------------------------------------------


Max Delay Paths
--------------------------------------------------------------------------------------
Slack:                    inf
  Source:                 u_pll/u_pll/CLKFBOUT
                            (clock source 'clkfbout_w'  {rise@0.000ns fall@5.000ns period=10.000ns})
  Destination:            u_pll/u_pll/CLKFBIN
  Path Group:             (none)
  Path Type:              Max at Fast Process Corner
  Data Path Delay:        0.957ns  (logic 0.043ns (4.493%)  route 0.914ns (95.507%))
  Logic Levels:           1  (BUFH=1)
  Clock Uncertainty:      0.168ns  ((TSJ^2 + DJ^2)^1/2) / 2 + PE
    Total System Jitter     (TSJ):    0.050ns
    Discrete Jitter          (DJ):    0.096ns
    Phase Error              (PE):    0.114ns

    Location             Delay type                Incr(ns)  Path(ns)    Netlist Resource(s)
  -------------------------------------------------------------------    -------------------
                         (clock clkfbout_w fall edge)
                                                      5.000     5.000 f  
    F14                                               0.000     5.000 f  clk100mhz (IN)
                         net (fo=0)                   0.000     5.000    u_pll/clk100mhz
    F14                  IBUF (Prop_ibuf_I_O)         0.414     5.414 f  u_pll/IBUF_IN/O
                         net (fo=1, routed)           0.481     5.895    u_pll/clkref_buffered_w
  -------------------------------------------------------------------    -------------------
    PLLE2_ADV_X0Y1       PLLE2_ADV (Prop_plle2_adv_CLKIN1_CLKFBOUT)
                                                     -2.199     3.696 f  u_pll/u_pll/CLKFBOUT
                         net (fo=1, routed)           0.427     4.123    u_pll/clkfbout_w
    BUFHCE_X0Y12         BUFH (Prop_bufh_I_O)         0.043     4.166 f  u_pll/u_clkfb_buf/O
                         net (fo=1, routed)           0.487     4.653    u_pll/clkfbout_buffered_w
    PLLE2_ADV_X0Y1       PLLE2_ADV                                    f  u_pll/u_pll/CLKFBIN
  -------------------------------------------------------------------    -------------------





Min Delay Paths
--------------------------------------------------------------------------------------
Slack:                    inf
  Source:                 u_pll/u_pll/CLKFBOUT
                            (clock source 'clkfbout_w'  {rise@0.000ns fall@5.000ns period=10.000ns})
  Destination:            u_pll/u_pll/CLKFBIN
  Path Group:             (none)
  Path Type:              Min at Slow Process Corner
  Data Path Delay:        1.991ns  (logic 0.081ns (4.068%)  route 1.910ns (95.932%))
  Logic Levels:           1  (BUFH=1)
  Clock Uncertainty:      0.168ns  ((TSJ^2 + DJ^2)^1/2) / 2 + PE
    Total System Jitter     (TSJ):    0.050ns
    Discrete Jitter          (DJ):    0.096ns
    Phase Error              (PE):    0.114ns

    Location             Delay type                Incr(ns)  Path(ns)    Netlist Resource(s)
  -------------------------------------------------------------------    -------------------
                         (clock clkfbout_w rise edge)
                                                      0.000     0.000 r  
    F14                                               0.000     0.000 r  clk100mhz (IN)
                         net (fo=0)                   0.000     0.000    u_pll/clk100mhz
    F14                  IBUF (Prop_ibuf_I_O)         1.388     1.388 r  u_pll/IBUF_IN/O
                         net (fo=1, routed)           1.181     2.569    u_pll/clkref_buffered_w
  -------------------------------------------------------------------    -------------------
    PLLE2_ADV_X0Y1       PLLE2_ADV (Prop_plle2_adv_CLKIN1_CLKFBOUT)
                                                     -6.594    -4.025 r  u_pll/u_pll/CLKFBOUT
                         net (fo=1, routed)           1.153    -2.872    u_pll/clkfbout_w
    BUFHCE_X0Y12         BUFH (Prop_bufh_I_O)         0.081    -2.791 r  u_pll/u_clkfb_buf/O
                         net (fo=1, routed)           0.757    -2.034    u_pll/clkfbout_buffered_w
    PLLE2_ADV_X0Y1       PLLE2_ADV                                    r  u_pll/u_pll/CLKFBIN
  -------------------------------------------------------------------    -------------------





