Copyright 1986-2022 Xilinx, Inc. All Rights Reserved. Copyright 2022-2024 Advanced Micro Devices, Inc. All Rights Reserved.
-----------------------------------------------------------------------------------------------------------------------------------------------
| Tool Version : Vivado v.2024.2 (win64) Build 5239630 Fri Nov 08 22:35:27 MST 2024
| Date         : Wed Apr 29 12:21:26 2026
| Host         : Vrnnn running 64-bit major release  (build 9200)
| Command      : report_methodology -file top_methodology_drc_routed.rpt -pb top_methodology_drc_routed.pb -rpx top_methodology_drc_routed.rpx
| Design       : top
| Device       : xc7s50csga324-1
| Speed File   : -1
| Design State : Fully Routed
-----------------------------------------------------------------------------------------------------------------------------------------------

Report Methodology

Table of Contents
-----------------
1. REPORT SUMMARY
2. REPORT DETAILS

1. REPORT SUMMARY
-----------------
            Netlist: netlist
          Floorplan: design_1
      Design limits: <entire design considered>
             Max checks: <unlimited>
             Checks found: 299
+-----------+----------+--------------------------------------------+--------+
| Rule      | Severity | Description                                | Checks |
+-----------+----------+--------------------------------------------+--------+
| LUTAR-1   | Warning  | LUT drives async reset alert               | 1      |
| SYNTH-6   | Warning  | Timing of a RAM block might be sub-optimal | 38     |
| SYNTH-10  | Warning  | Wide multiplier                            | 4      |
| TIMING-16 | Warning  | Large setup violation                      | 256    |
+-----------+----------+--------------------------------------------+--------+

2. REPORT DETAILS
-----------------
LUTAR-1#1 Warning
LUT drives async reset alert  
LUT cell u_mem/aes_start_q_i_2, with 2 or more inputs, drives asynchronous preset/clear pin(s) txd_q_reg/PRE, u_top/u_soc/u_soc/u_uart/tx_shift_reg_q_reg[3]/CLR,
u_top/u_soc/u_soc/u_uart/tx_shift_reg_q_reg[4]/CLR,
u_top/u_soc/u_soc/u_uart/tx_shift_reg_q_reg[5]/CLR,
u_top/u_soc/u_soc/u_uart/tx_shift_reg_q_reg[6]/CLR,
u_top/u_soc/u_soc/u_uart/tx_shift_reg_q_reg[7]/CLR,
u_top/u_soc/u_soc/u_uart/txd_q_reg/PRE,
u_top/u_soc/u_soc/u_uart/ulite_control_ie_q_reg/CLR,
u_top/u_soc/u_soc/u_uart/ulite_control_rst_rx_q_reg/CLR,
u_top/u_soc/u_soc/u_uart/ulite_tx_wr_q_reg/CLR,
u_top/u_soc/u_soc/u_uart/wr_data_q_reg[0]/CLR,
u_top/u_soc/u_soc/u_uart/wr_data_q_reg[1]/CLR,
u_top/u_soc/u_soc/u_uart/wr_data_q_reg[2]/CLR,
u_top/u_soc/u_soc/u_uart/wr_data_q_reg[3]/CLR,
u_top/u_soc/u_soc/u_uart/wr_data_q_reg[4]/CLR
 (the first 15 of 1605 listed). The LUT may glitch and trigger an unexpected reset, even if it is a properly timed path.
Related violations: <none>

SYNTH-6#1 Warning
Timing of a RAM block might be sub-optimal  
The timing for the instance u_mem/mem0_reg_0_0, implemented as a RAM block, might be sub-optimal as no output register was merged into the block.
Related violations: <none>

SYNTH-6#2 Warning
Timing of a RAM block might be sub-optimal  
The timing for the instance u_mem/mem0_reg_0_1, implemented as a RAM block, might be sub-optimal as no output register was merged into the block.
Related violations: <none>

SYNTH-6#3 Warning
Timing of a RAM block might be sub-optimal  
The timing for the instance u_mem/mem0_reg_0_2, implemented as a RAM block, might be sub-optimal as no output register was merged into the block.
Related violations: <none>

SYNTH-6#4 Warning
Timing of a RAM block might be sub-optimal  
The timing for the instance u_mem/mem0_reg_0_3, implemented as a RAM block, might be sub-optimal as no output register was merged into the block.
Related violations: <none>

SYNTH-6#5 Warning
Timing of a RAM block might be sub-optimal  
The timing for the instance u_mem/mem0_reg_0_4, implemented as a RAM block, might be sub-optimal as no output register was merged into the block.
Related violations: <none>

SYNTH-6#6 Warning
Timing of a RAM block might be sub-optimal  
The timing for the instance u_mem/mem0_reg_0_5, implemented as a RAM block, might be sub-optimal as no output register was merged into the block.
Related violations: <none>

SYNTH-6#7 Warning
Timing of a RAM block might be sub-optimal  
The timing for the instance u_mem/mem0_reg_0_6, implemented as a RAM block, might be sub-optimal as no output register was merged into the block.
Related violations: <none>

SYNTH-6#8 Warning
Timing of a RAM block might be sub-optimal  
The timing for the instance u_mem/mem0_reg_0_7, implemented as a RAM block, might be sub-optimal as no output register was merged into the block.
Related violations: <none>

SYNTH-6#9 Warning
Timing of a RAM block might be sub-optimal  
The timing for the instance u_mem/mem1_reg_0_0, implemented as a RAM block, might be sub-optimal as no output register was merged into the block.
Related violations: <none>

SYNTH-6#10 Warning
Timing of a RAM block might be sub-optimal  
The timing for the instance u_mem/mem1_reg_0_1, implemented as a RAM block, might be sub-optimal as no output register was merged into the block.
Related violations: <none>

SYNTH-6#11 Warning
Timing of a RAM block might be sub-optimal  
The timing for the instance u_mem/mem1_reg_0_2, implemented as a RAM block, might be sub-optimal as no output register was merged into the block.
Related violations: <none>

SYNTH-6#12 Warning
Timing of a RAM block might be sub-optimal  
The timing for the instance u_mem/mem1_reg_0_3, implemented as a RAM block, might be sub-optimal as no output register was merged into the block.
Related violations: <none>

SYNTH-6#13 Warning
Timing of a RAM block might be sub-optimal  
The timing for the instance u_mem/mem1_reg_0_4, implemented as a RAM block, might be sub-optimal as no output register was merged into the block.
Related violations: <none>

SYNTH-6#14 Warning
Timing of a RAM block might be sub-optimal  
The timing for the instance u_mem/mem1_reg_0_5, implemented as a RAM block, might be sub-optimal as no output register was merged into the block.
Related violations: <none>

SYNTH-6#15 Warning
Timing of a RAM block might be sub-optimal  
The timing for the instance u_mem/mem1_reg_0_6, implemented as a RAM block, might be sub-optimal as no output register was merged into the block.
Related violations: <none>

SYNTH-6#16 Warning
Timing of a RAM block might be sub-optimal  
The timing for the instance u_mem/mem1_reg_0_7, implemented as a RAM block, might be sub-optimal as no output register was merged into the block.
Related violations: <none>

SYNTH-6#17 Warning
Timing of a RAM block might be sub-optimal  
The timing for the instance u_mem/mem2_reg_0_0, implemented as a RAM block, might be sub-optimal as no output register was merged into the block.
Related violations: <none>

SYNTH-6#18 Warning
Timing of a RAM block might be sub-optimal  
The timing for the instance u_mem/mem2_reg_0_1, implemented as a RAM block, might be sub-optimal as no output register was merged into the block.
Related violations: <none>

SYNTH-6#19 Warning
Timing of a RAM block might be sub-optimal  
The timing for the instance u_mem/mem2_reg_0_2, implemented as a RAM block, might be sub-optimal as no output register was merged into the block.
Related violations: <none>

SYNTH-6#20 Warning
Timing of a RAM block might be sub-optimal  
The timing for the instance u_mem/mem2_reg_0_3, implemented as a RAM block, might be sub-optimal as no output register was merged into the block.
Related violations: <none>

SYNTH-6#21 Warning
Timing of a RAM block might be sub-optimal  
The timing for the instance u_mem/mem2_reg_0_4, implemented as a RAM block, might be sub-optimal as no output register was merged into the block.
Related violations: <none>

SYNTH-6#22 Warning
Timing of a RAM block might be sub-optimal  
The timing for the instance u_mem/mem2_reg_0_5, implemented as a RAM block, might be sub-optimal as no output register was merged into the block.
Related violations: <none>

SYNTH-6#23 Warning
Timing of a RAM block might be sub-optimal  
The timing for the instance u_mem/mem2_reg_0_6, implemented as a RAM block, might be sub-optimal as no output register was merged into the block.
Related violations: <none>

SYNTH-6#24 Warning
Timing of a RAM block might be sub-optimal  
The timing for the instance u_mem/mem2_reg_0_7, implemented as a RAM block, might be sub-optimal as no output register was merged into the block.
Related violations: <none>

SYNTH-6#25 Warning
Timing of a RAM block might be sub-optimal  
The timing for the instance u_mem/mem3_reg_0_0, implemented as a RAM block, might be sub-optimal as no output register was merged into the block.
Related violations: <none>

SYNTH-6#26 Warning
Timing of a RAM block might be sub-optimal  
The timing for the instance u_mem/mem3_reg_0_1, implemented as a RAM block, might be sub-optimal as no output register was merged into the block.
Related violations: <none>

SYNTH-6#27 Warning
Timing of a RAM block might be sub-optimal  
The timing for the instance u_mem/mem3_reg_0_2, implemented as a RAM block, might be sub-optimal as no output register was merged into the block.
Related violations: <none>

SYNTH-6#28 Warning
Timing of a RAM block might be sub-optimal  
The timing for the instance u_mem/mem3_reg_0_3, implemented as a RAM block, might be sub-optimal as no output register was merged into the block.
Related violations: <none>

SYNTH-6#29 Warning
Timing of a RAM block might be sub-optimal  
The timing for the instance u_mem/mem3_reg_0_4, implemented as a RAM block, might be sub-optimal as no output register was merged into the block.
Related violations: <none>

SYNTH-6#30 Warning
Timing of a RAM block might be sub-optimal  
The timing for the instance u_mem/mem3_reg_0_5, implemented as a RAM block, might be sub-optimal as no output register was merged into the block.
Related violations: <none>

SYNTH-6#31 Warning
Timing of a RAM block might be sub-optimal  
The timing for the instance u_mem/mem3_reg_0_6, implemented as a RAM block, might be sub-optimal as no output register was merged into the block.
Related violations: <none>

SYNTH-6#32 Warning
Timing of a RAM block might be sub-optimal  
The timing for the instance u_mem/mem3_reg_0_7, implemented as a RAM block, might be sub-optimal as no output register was merged into the block.
Related violations: <none>

SYNTH-6#33 Warning
Timing of a RAM block might be sub-optimal  
The timing for the instance u_top/u_soc/u_core/u_icache/u_data0/ram_reg_0, implemented as a RAM block, might be sub-optimal as no output register was merged into the block.
Related violations: <none>

SYNTH-6#34 Warning
Timing of a RAM block might be sub-optimal  
The timing for the instance u_top/u_soc/u_core/u_icache/u_data0/ram_reg_1, implemented as a RAM block, might be sub-optimal as no output register was merged into the block.
Related violations: <none>

SYNTH-6#35 Warning
Timing of a RAM block might be sub-optimal  
The timing for the instance u_top/u_soc/u_core/u_icache/u_data1/ram_reg_0, implemented as a RAM block, might be sub-optimal as no output register was merged into the block.
Related violations: <none>

SYNTH-6#36 Warning
Timing of a RAM block might be sub-optimal  
The timing for the instance u_top/u_soc/u_core/u_icache/u_data1/ram_reg_1, implemented as a RAM block, might be sub-optimal as no output register was merged into the block.
Related violations: <none>

SYNTH-6#37 Warning
Timing of a RAM block might be sub-optimal  
The timing for the instance u_top/u_soc/u_core/u_icache/u_tag0/ram_reg, implemented as a RAM block, might be sub-optimal as no output register was merged into the block.
Related violations: <none>

SYNTH-6#38 Warning
Timing of a RAM block might be sub-optimal  
The timing for the instance u_top/u_soc/u_core/u_icache/u_tag1/ram_reg, implemented as a RAM block, might be sub-optimal as no output register was merged into the block.
Related violations: <none>

SYNTH-10#1 Warning
Wide multiplier  
Detected multiplier at u_top/u_soc/u_core/u_core/u_muldiv/mult_result_w of size 16x18, it is decomposed from a wide multipler into 4 DSP blocks.
Related violations: <none>

SYNTH-10#2 Warning
Wide multiplier  
Detected multiplier at u_top/u_soc/u_core/u_core/u_muldiv/mult_result_w__0 of size 16x16, it is decomposed from a wide multipler into 4 DSP blocks.
Related violations: <none>

SYNTH-10#3 Warning
Wide multiplier  
Detected multiplier at u_top/u_soc/u_core/u_core/u_muldiv/mult_result_w__1 of size 18x18, it is decomposed from a wide multipler into 4 DSP blocks.
Related violations: <none>

SYNTH-10#4 Warning
Wide multiplier  
Detected multiplier at u_top/u_soc/u_core/u_core/u_muldiv/mult_result_w__2 of size 18x16, it is decomposed from a wide multipler into 4 DSP blocks.
Related violations: <none>

TIMING-16#1 Warning
Large setup violation  
There is a large setup violation of -20.299 ns between u_top/u_soc/u_soc/u_counter/aes_key_q_reg[80]/C (clocked by clk_w) and u_top/u_soc/u_soc/u_counter/dec_pt_q_reg[93]/D (clocked by clk_w). Large setup violations at the end of those stages might be difficult to fix during the post-placement implementation flow and could be the result of non-optimal XDC constraints or non-optimal design architecture
Related violations: <none>

TIMING-16#2 Warning
Large setup violation  
There is a large setup violation of -20.312 ns between u_top/u_soc/u_soc/u_counter/aes_key_q_reg[80]/C (clocked by clk_w) and u_top/u_soc/u_soc/u_counter/dec_pt_q_reg[92]/D (clocked by clk_w). Large setup violations at the end of those stages might be difficult to fix during the post-placement implementation flow and could be the result of non-optimal XDC constraints or non-optimal design architecture
Related violations: <none>

TIMING-16#3 Warning
Large setup violation  
There is a large setup violation of -20.406 ns between u_top/u_soc/u_soc/u_counter/aes_key_q_reg[80]/C (clocked by clk_w) and u_top/u_soc/u_soc/u_counter/dec_pt_q_reg[94]/D (clocked by clk_w). Large setup violations at the end of those stages might be difficult to fix during the post-placement implementation flow and could be the result of non-optimal XDC constraints or non-optimal design architecture
Related violations: <none>

TIMING-16#4 Warning
Large setup violation  
There is a large setup violation of -20.436 ns between u_top/u_soc/u_soc/u_counter/aes_key_q_reg[80]/C (clocked by clk_w) and u_top/u_soc/u_soc/u_counter/dec_pt_q_reg[91]/D (clocked by clk_w). Large setup violations at the end of those stages might be difficult to fix during the post-placement implementation flow and could be the result of non-optimal XDC constraints or non-optimal design architecture
Related violations: <none>

TIMING-16#5 Warning
Large setup violation  
There is a large setup violation of -20.467 ns between u_top/u_soc/u_soc/u_counter/aes_key_q_reg[80]/C (clocked by clk_w) and u_top/u_soc/u_soc/u_counter/dec_pt_q_reg[90]/D (clocked by clk_w). Large setup violations at the end of those stages might be difficult to fix during the post-placement implementation flow and could be the result of non-optimal XDC constraints or non-optimal design architecture
Related violations: <none>

TIMING-16#6 Warning
Large setup violation  
There is a large setup violation of -20.598 ns between u_top/u_soc/u_soc/u_counter/aes_key_q_reg[80]/C (clocked by clk_w) and u_top/u_soc/u_soc/u_counter/dec_pt_q_reg[13]/D (clocked by clk_w). Large setup violations at the end of those stages might be difficult to fix during the post-placement implementation flow and could be the result of non-optimal XDC constraints or non-optimal design architecture
Related violations: <none>

TIMING-16#7 Warning
Large setup violation  
There is a large setup violation of -20.622 ns between u_top/u_soc/u_soc/u_counter/aes_key_q_reg[80]/C (clocked by clk_w) and u_top/u_soc/u_soc/u_counter/dec_pt_q_reg[88]/D (clocked by clk_w). Large setup violations at the end of those stages might be difficult to fix during the post-placement implementation flow and could be the result of non-optimal XDC constraints or non-optimal design architecture
Related violations: <none>

TIMING-16#8 Warning
Large setup violation  
There is a large setup violation of -20.624 ns between u_top/u_soc/u_soc/u_counter/aes_key_q_reg[80]/C (clocked by clk_w) and u_top/u_soc/u_soc/u_counter/dec_pt_q_reg[8]/D (clocked by clk_w). Large setup violations at the end of those stages might be difficult to fix during the post-placement implementation flow and could be the result of non-optimal XDC constraints or non-optimal design architecture
Related violations: <none>

TIMING-16#9 Warning
Large setup violation  
There is a large setup violation of -20.682 ns between u_top/u_soc/u_soc/u_counter/aes_key_q_reg[80]/C (clocked by clk_w) and u_top/u_soc/u_soc/u_counter/dec_pt_q_reg[21]/D (clocked by clk_w). Large setup violations at the end of those stages might be difficult to fix during the post-placement implementation flow and could be the result of non-optimal XDC constraints or non-optimal design architecture
Related violations: <none>

TIMING-16#10 Warning
Large setup violation  
There is a large setup violation of -20.702 ns between u_top/u_soc/u_soc/u_counter/aes_key_q_reg[80]/C (clocked by clk_w) and u_top/u_soc/u_soc/u_counter/dec_pt_q_reg[12]/D (clocked by clk_w). Large setup violations at the end of those stages might be difficult to fix during the post-placement implementation flow and could be the result of non-optimal XDC constraints or non-optimal design architecture
Related violations: <none>

TIMING-16#11 Warning
Large setup violation  
There is a large setup violation of -20.711 ns between u_top/u_soc/u_soc/u_counter/aes_key_q_reg[80]/C (clocked by clk_w) and u_top/u_soc/u_soc/u_counter/dec_pt_q_reg[64]/D (clocked by clk_w). Large setup violations at the end of those stages might be difficult to fix during the post-placement implementation flow and could be the result of non-optimal XDC constraints or non-optimal design architecture
Related violations: <none>

TIMING-16#12 Warning
Large setup violation  
There is a large setup violation of -20.714 ns between u_top/u_soc/u_soc/u_counter/aes_key_q_reg[80]/C (clocked by clk_w) and u_top/u_soc/u_soc/u_counter/dec_pt_q_reg[112]/D (clocked by clk_w). Large setup violations at the end of those stages might be difficult to fix during the post-placement implementation flow and could be the result of non-optimal XDC constraints or non-optimal design architecture
Related violations: <none>

TIMING-16#13 Warning
Large setup violation  
There is a large setup violation of -20.741 ns between u_top/u_soc/u_soc/u_counter/aes_key_q_reg[80]/C (clocked by clk_w) and u_top/u_soc/u_soc/u_counter/dec_pt_q_reg[103]/D (clocked by clk_w). Large setup violations at the end of those stages might be difficult to fix during the post-placement implementation flow and could be the result of non-optimal XDC constraints or non-optimal design architecture
Related violations: <none>

TIMING-16#14 Warning
Large setup violation  
There is a large setup violation of -20.745 ns between u_top/u_soc/u_soc/u_counter/aes_key_q_reg[80]/C (clocked by clk_w) and u_top/u_soc/u_soc/u_counter/dec_pt_q_reg[115]/D (clocked by clk_w). Large setup violations at the end of those stages might be difficult to fix during the post-placement implementation flow and could be the result of non-optimal XDC constraints or non-optimal design architecture
Related violations: <none>

TIMING-16#15 Warning
Large setup violation  
There is a large setup violation of -20.763 ns between u_top/u_soc/u_soc/u_counter/aes_key_q_reg[80]/C (clocked by clk_w) and u_top/u_soc/u_soc/u_counter/dec_pt_q_reg[19]/D (clocked by clk_w). Large setup violations at the end of those stages might be difficult to fix during the post-placement implementation flow and could be the result of non-optimal XDC constraints or non-optimal design architecture
Related violations: <none>

TIMING-16#16 Warning
Large setup violation  
There is a large setup violation of -20.791 ns between u_top/u_soc/u_soc/u_counter/aes_key_q_reg[80]/C (clocked by clk_w) and u_top/u_soc/u_soc/u_counter/dec_pt_q_reg[111]/D (clocked by clk_w). Large setup violations at the end of those stages might be difficult to fix during the post-placement implementation flow and could be the result of non-optimal XDC constraints or non-optimal design architecture
Related violations: <none>

TIMING-16#17 Warning
Large setup violation  
There is a large setup violation of -20.799 ns between u_top/u_soc/u_soc/u_counter/aes_key_q_reg[80]/C (clocked by clk_w) and u_top/u_soc/u_soc/u_counter/dec_pt_q_reg[14]/D (clocked by clk_w). Large setup violations at the end of those stages might be difficult to fix during the post-placement implementation flow and could be the result of non-optimal XDC constraints or non-optimal design architecture
Related violations: <none>

TIMING-16#18 Warning
Large setup violation  
There is a large setup violation of -20.806 ns between u_top/u_soc/u_soc/u_counter/aes_key_q_reg[80]/C (clocked by clk_w) and u_top/u_soc/u_soc/u_counter/dec_pt_q_reg[69]/D (clocked by clk_w). Large setup violations at the end of those stages might be difficult to fix during the post-placement implementation flow and could be the result of non-optimal XDC constraints or non-optimal design architecture
Related violations: <none>

TIMING-16#19 Warning
Large setup violation  
There is a large setup violation of -20.809 ns between u_top/u_soc/u_soc/u_counter/aes_key_q_reg[80]/C (clocked by clk_w) and u_top/u_soc/u_soc/u_counter/dec_pt_q_reg[67]/D (clocked by clk_w). Large setup violations at the end of those stages might be difficult to fix during the post-placement implementation flow and could be the result of non-optimal XDC constraints or non-optimal design architecture
Related violations: <none>

TIMING-16#20 Warning
Large setup violation  
There is a large setup violation of -20.810 ns between u_top/u_soc/u_soc/u_counter/aes_key_q_reg[80]/C (clocked by clk_w) and u_top/u_soc/u_soc/u_counter/dec_pt_q_reg[9]/D (clocked by clk_w). Large setup violations at the end of those stages might be difficult to fix during the post-placement implementation flow and could be the result of non-optimal XDC constraints or non-optimal design architecture
Related violations: <none>

TIMING-16#21 Warning
Large setup violation  
There is a large setup violation of -20.828 ns between u_top/u_soc/u_soc/u_counter/aes_key_q_reg[80]/C (clocked by clk_w) and u_top/u_soc/u_soc/u_counter/dec_pt_q_reg[95]/D (clocked by clk_w). Large setup violations at the end of those stages might be difficult to fix during the post-placement implementation flow and could be the result of non-optimal XDC constraints or non-optimal design architecture
Related violations: <none>

TIMING-16#22 Warning
Large setup violation  
There is a large setup violation of -20.829 ns between u_top/u_soc/u_soc/u_counter/aes_key_q_reg[80]/C (clocked by clk_w) and u_top/u_soc/u_soc/u_counter/dec_pt_q_reg[97]/D (clocked by clk_w). Large setup violations at the end of those stages might be difficult to fix during the post-placement implementation flow and could be the result of non-optimal XDC constraints or non-optimal design architecture
Related violations: <none>

TIMING-16#23 Warning
Large setup violation  
There is a large setup violation of -20.830 ns between u_top/u_soc/u_soc/u_counter/aes_key_q_reg[80]/C (clocked by clk_w) and u_top/u_soc/u_soc/u_counter/dec_pt_q_reg[11]/D (clocked by clk_w). Large setup violations at the end of those stages might be difficult to fix during the post-placement implementation flow and could be the result of non-optimal XDC constraints or non-optimal design architecture
Related violations: <none>

TIMING-16#24 Warning
Large setup violation  
There is a large setup violation of -20.871 ns between u_top/u_soc/u_soc/u_counter/aes_key_q_reg[80]/C (clocked by clk_w) and u_top/u_soc/u_soc/u_counter/dec_pt_q_reg[81]/D (clocked by clk_w). Large setup violations at the end of those stages might be difficult to fix during the post-placement implementation flow and could be the result of non-optimal XDC constraints or non-optimal design architecture
Related violations: <none>

TIMING-16#25 Warning
Large setup violation  
There is a large setup violation of -20.872 ns between u_top/u_soc/u_soc/u_counter/aes_key_q_reg[80]/C (clocked by clk_w) and u_top/u_soc/u_soc/u_counter/dec_pt_q_reg[71]/D (clocked by clk_w). Large setup violations at the end of those stages might be difficult to fix during the post-placement implementation flow and could be the result of non-optimal XDC constraints or non-optimal design architecture
Related violations: <none>

TIMING-16#26 Warning
Large setup violation  
There is a large setup violation of -20.874 ns between u_top/u_soc/u_soc/u_counter/aes_key_q_reg[80]/C (clocked by clk_w) and u_top/u_soc/u_soc/u_counter/dec_pt_q_reg[121]/D (clocked by clk_w). Large setup violations at the end of those stages might be difficult to fix during the post-placement implementation flow and could be the result of non-optimal XDC constraints or non-optimal design architecture
Related violations: <none>

TIMING-16#27 Warning
Large setup violation  
There is a large setup violation of -20.882 ns between u_top/u_soc/u_soc/u_counter/aes_key_q_reg[80]/C (clocked by clk_w) and u_top/u_soc/u_soc/u_counter/dec_pt_q_reg[65]/D (clocked by clk_w). Large setup violations at the end of those stages might be difficult to fix during the post-placement implementation flow and could be the result of non-optimal XDC constraints or non-optimal design architecture
Related violations: <none>

TIMING-16#28 Warning
Large setup violation  
There is a large setup violation of -20.886 ns between u_top/u_soc/u_soc/u_counter/aes_key_q_reg[80]/C (clocked by clk_w) and u_top/u_soc/u_soc/u_counter/dec_pt_q_reg[60]/D (clocked by clk_w). Large setup violations at the end of those stages might be difficult to fix during the post-placement implementation flow and could be the result of non-optimal XDC constraints or non-optimal design architecture
Related violations: <none>

TIMING-16#29 Warning
Large setup violation  
There is a large setup violation of -20.887 ns between u_top/u_soc/u_soc/u_counter/aes_key_q_reg[80]/C (clocked by clk_w) and u_top/u_soc/u_soc/u_counter/dec_pt_q_reg[17]/D (clocked by clk_w). Large setup violations at the end of those stages might be difficult to fix during the post-placement implementation flow and could be the result of non-optimal XDC constraints or non-optimal design architecture
Related violations: <none>

TIMING-16#30 Warning
Large setup violation  
There is a large setup violation of -20.892 ns between u_top/u_soc/u_soc/u_counter/aes_key_q_reg[80]/C (clocked by clk_w) and u_top/u_soc/u_soc/u_counter/dec_pt_q_reg[108]/D (clocked by clk_w). Large setup violations at the end of those stages might be difficult to fix during the post-placement implementation flow and could be the result of non-optimal XDC constraints or non-optimal design architecture
Related violations: <none>

TIMING-16#31 Warning
Large setup violation  
There is a large setup violation of -20.902 ns between u_top/u_soc/u_soc/u_counter/aes_key_q_reg[80]/C (clocked by clk_w) and u_top/u_soc/u_soc/u_counter/dec_pt_q_reg[59]/D (clocked by clk_w). Large setup violations at the end of those stages might be difficult to fix during the post-placement implementation flow and could be the result of non-optimal XDC constraints or non-optimal design architecture
Related violations: <none>

TIMING-16#32 Warning
Large setup violation  
There is a large setup violation of -20.911 ns between u_top/u_soc/u_soc/u_counter/aes_key_q_reg[80]/C (clocked by clk_w) and u_top/u_soc/u_soc/u_counter/dec_pt_q_reg[23]/D (clocked by clk_w). Large setup violations at the end of those stages might be difficult to fix during the post-placement implementation flow and could be the result of non-optimal XDC constraints or non-optimal design architecture
Related violations: <none>

TIMING-16#33 Warning
Large setup violation  
There is a large setup violation of -20.916 ns between u_top/u_soc/u_soc/u_counter/aes_key_q_reg[80]/C (clocked by clk_w) and u_top/u_soc/u_soc/u_counter/dec_pt_q_reg[15]/D (clocked by clk_w). Large setup violations at the end of those stages might be difficult to fix during the post-placement implementation flow and could be the result of non-optimal XDC constraints or non-optimal design architecture
Related violations: <none>

TIMING-16#34 Warning
Large setup violation  
There is a large setup violation of -20.923 ns between u_top/u_soc/u_soc/u_counter/aes_key_q_reg[80]/C (clocked by clk_w) and u_top/u_soc/u_soc/u_counter/dec_pt_q_reg[10]/D (clocked by clk_w). Large setup violations at the end of those stages might be difficult to fix during the post-placement implementation flow and could be the result of non-optimal XDC constraints or non-optimal design architecture
Related violations: <none>

TIMING-16#35 Warning
Large setup violation  
There is a large setup violation of -20.936 ns between u_top/u_soc/u_soc/u_counter/aes_key_q_reg[80]/C (clocked by clk_w) and u_top/u_soc/u_soc/u_counter/dec_pt_q_reg[40]/D (clocked by clk_w). Large setup violations at the end of those stages might be difficult to fix during the post-placement implementation flow and could be the result of non-optimal XDC constraints or non-optimal design architecture
Related violations: <none>

TIMING-16#36 Warning
Large setup violation  
There is a large setup violation of -20.944 ns between u_top/u_soc/u_soc/u_counter/aes_key_q_reg[80]/C (clocked by clk_w) and u_top/u_soc/u_soc/u_counter/dec_pt_q_reg[82]/D (clocked by clk_w). Large setup violations at the end of those stages might be difficult to fix during the post-placement implementation flow and could be the result of non-optimal XDC constraints or non-optimal design architecture
Related violations: <none>

TIMING-16#37 Warning
Large setup violation  
There is a large setup violation of -20.956 ns between u_top/u_soc/u_soc/u_counter/aes_key_q_reg[80]/C (clocked by clk_w) and u_top/u_soc/u_soc/u_counter/dec_pt_q_reg[42]/D (clocked by clk_w). Large setup violations at the end of those stages might be difficult to fix during the post-placement implementation flow and could be the result of non-optimal XDC constraints or non-optimal design architecture
Related violations: <none>

TIMING-16#38 Warning
Large setup violation  
There is a large setup violation of -20.959 ns between u_top/u_soc/u_soc/u_counter/aes_key_q_reg[80]/C (clocked by clk_w) and u_top/u_soc/u_soc/u_counter/dec_pt_q_reg[87]/D (clocked by clk_w). Large setup violations at the end of those stages might be difficult to fix during the post-placement implementation flow and could be the result of non-optimal XDC constraints or non-optimal design architecture
Related violations: <none>

TIMING-16#39 Warning
Large setup violation  
There is a large setup violation of -20.962 ns between u_top/u_soc/u_soc/u_counter/aes_key_q_reg[80]/C (clocked by clk_w) and u_top/u_soc/u_soc/u_counter/dec_pt_q_reg[68]/D (clocked by clk_w). Large setup violations at the end of those stages might be difficult to fix during the post-placement implementation flow and could be the result of non-optimal XDC constraints or non-optimal design architecture
Related violations: <none>

TIMING-16#40 Warning
Large setup violation  
There is a large setup violation of -20.967 ns between u_top/u_soc/u_soc/u_counter/aes_key_q_reg[80]/C (clocked by clk_w) and u_top/u_soc/u_soc/u_counter/dec_pt_q_reg[99]/D (clocked by clk_w). Large setup violations at the end of those stages might be difficult to fix during the post-placement implementation flow and could be the result of non-optimal XDC constraints or non-optimal design architecture
Related violations: <none>

TIMING-16#41 Warning
Large setup violation  
There is a large setup violation of -20.968 ns between u_top/u_soc/u_soc/u_counter/aes_key_q_reg[80]/C (clocked by clk_w) and u_top/u_soc/u_soc/u_counter/dec_pt_q_reg[89]/D (clocked by clk_w). Large setup violations at the end of those stages might be difficult to fix during the post-placement implementation flow and could be the result of non-optimal XDC constraints or non-optimal design architecture
Related violations: <none>

TIMING-16#42 Warning
Large setup violation  
There is a large setup violation of -20.973 ns between u_top/u_soc/u_soc/u_counter/aes_key_q_reg[80]/C (clocked by clk_w) and u_top/u_soc/u_soc/u_counter/dec_pt_q_reg[66]/D (clocked by clk_w). Large setup violations at the end of those stages might be difficult to fix during the post-placement implementation flow and could be the result of non-optimal XDC constraints or non-optimal design architecture
Related violations: <none>

TIMING-16#43 Warning
Large setup violation  
There is a large setup violation of -20.986 ns between u_top/u_soc/u_soc/u_counter/aes_key_q_reg[80]/C (clocked by clk_w) and u_top/u_soc/u_soc/u_counter/dec_pt_q_reg[100]/D (clocked by clk_w). Large setup violations at the end of those stages might be difficult to fix during the post-placement implementation flow and could be the result of non-optimal XDC constraints or non-optimal design architecture
Related violations: <none>

TIMING-16#44 Warning
Large setup violation  
There is a large setup violation of -20.999 ns between u_top/u_soc/u_soc/u_counter/aes_key_q_reg[80]/C (clocked by clk_w) and u_top/u_soc/u_soc/u_counter/dec_pt_q_reg[56]/D (clocked by clk_w). Large setup violations at the end of those stages might be difficult to fix during the post-placement implementation flow and could be the result of non-optimal XDC constraints or non-optimal design architecture
Related violations: <none>

TIMING-16#45 Warning
Large setup violation  
There is a large setup violation of -21.019 ns between u_top/u_soc/u_soc/u_counter/aes_key_q_reg[80]/C (clocked by clk_w) and u_top/u_soc/u_soc/u_counter/dec_pt_q_reg[43]/D (clocked by clk_w). Large setup violations at the end of those stages might be difficult to fix during the post-placement implementation flow and could be the result of non-optimal XDC constraints or non-optimal design architecture
Related violations: <none>

TIMING-16#46 Warning
Large setup violation  
There is a large setup violation of -21.033 ns between u_top/u_soc/u_soc/u_counter/aes_key_q_reg[80]/C (clocked by clk_w) and u_top/u_soc/u_soc/u_counter/dec_pt_q_reg[16]/D (clocked by clk_w). Large setup violations at the end of those stages might be difficult to fix during the post-placement implementation flow and could be the result of non-optimal XDC constraints or non-optimal design architecture
Related violations: <none>

TIMING-16#47 Warning
Large setup violation  
There is a large setup violation of -21.034 ns between u_top/u_soc/u_soc/u_counter/aes_key_q_reg[80]/C (clocked by clk_w) and u_top/u_soc/u_soc/u_counter/dec_pt_q_reg[18]/D (clocked by clk_w). Large setup violations at the end of those stages might be difficult to fix during the post-placement implementation flow and could be the result of non-optimal XDC constraints or non-optimal design architecture
Related violations: <none>

TIMING-16#48 Warning
Large setup violation  
There is a large setup violation of -21.035 ns between u_top/u_soc/u_soc/u_counter/aes_key_q_reg[80]/C (clocked by clk_w) and u_top/u_soc/u_soc/u_counter/dec_pt_q_reg[61]/D (clocked by clk_w). Large setup violations at the end of those stages might be difficult to fix during the post-placement implementation flow and could be the result of non-optimal XDC constraints or non-optimal design architecture
Related violations: <none>

TIMING-16#49 Warning
Large setup violation  
There is a large setup violation of -21.055 ns between u_top/u_soc/u_soc/u_counter/aes_key_q_reg[80]/C (clocked by clk_w) and u_top/u_soc/u_soc/u_counter/dec_pt_q_reg[114]/D (clocked by clk_w). Large setup violations at the end of those stages might be difficult to fix during the post-placement implementation flow and could be the result of non-optimal XDC constraints or non-optimal design architecture
Related violations: <none>

TIMING-16#50 Warning
Large setup violation  
There is a large setup violation of -21.063 ns between u_top/u_soc/u_soc/u_counter/aes_key_q_reg[80]/C (clocked by clk_w) and u_top/u_soc/u_soc/u_counter/dec_pt_q_reg[106]/D (clocked by clk_w). Large setup violations at the end of those stages might be difficult to fix during the post-placement implementation flow and could be the result of non-optimal XDC constraints or non-optimal design architecture
Related violations: <none>

TIMING-16#51 Warning
Large setup violation  
There is a large setup violation of -21.066 ns between u_top/u_soc/u_soc/u_counter/aes_key_q_reg[80]/C (clocked by clk_w) and u_top/u_soc/u_soc/u_counter/dec_pt_q_reg[47]/D (clocked by clk_w). Large setup violations at the end of those stages might be difficult to fix during the post-placement implementation flow and could be the result of non-optimal XDC constraints or non-optimal design architecture
Related violations: <none>

TIMING-16#52 Warning
Large setup violation  
There is a large setup violation of -21.069 ns between u_top/u_soc/u_soc/u_counter/aes_key_q_reg[80]/C (clocked by clk_w) and u_top/u_soc/u_soc/u_counter/dec_pt_q_reg[70]/D (clocked by clk_w). Large setup violations at the end of those stages might be difficult to fix during the post-placement implementation flow and could be the result of non-optimal XDC constraints or non-optimal design architecture
Related violations: <none>

TIMING-16#53 Warning
Large setup violation  
There is a large setup violation of -21.078 ns between u_top/u_soc/u_soc/u_counter/aes_key_q_reg[80]/C (clocked by clk_w) and u_top/u_soc/u_soc/u_counter/dec_pt_q_reg[25]/D (clocked by clk_w). Large setup violations at the end of those stages might be difficult to fix during the post-placement implementation flow and could be the result of non-optimal XDC constraints or non-optimal design architecture
Related violations: <none>

TIMING-16#54 Warning
Large setup violation  
There is a large setup violation of -21.083 ns between u_top/u_soc/u_soc/u_counter/aes_key_q_reg[80]/C (clocked by clk_w) and u_top/u_soc/u_soc/u_counter/dec_pt_q_reg[126]/D (clocked by clk_w). Large setup violations at the end of those stages might be difficult to fix during the post-placement implementation flow and could be the result of non-optimal XDC constraints or non-optimal design architecture
Related violations: <none>

TIMING-16#55 Warning
Large setup violation  
There is a large setup violation of -21.086 ns between u_top/u_soc/u_soc/u_counter/aes_key_q_reg[80]/C (clocked by clk_w) and u_top/u_soc/u_soc/u_counter/dec_pt_q_reg[26]/D (clocked by clk_w). Large setup violations at the end of those stages might be difficult to fix during the post-placement implementation flow and could be the result of non-optimal XDC constraints or non-optimal design architecture
Related violations: <none>

TIMING-16#56 Warning
Large setup violation  
There is a large setup violation of -21.089 ns between u_top/u_soc/u_soc/u_counter/aes_key_q_reg[80]/C (clocked by clk_w) and u_top/u_soc/u_soc/u_counter/dec_pt_q_reg[116]/D (clocked by clk_w). Large setup violations at the end of those stages might be difficult to fix during the post-placement implementation flow and could be the result of non-optimal XDC constraints or non-optimal design architecture
Related violations: <none>

TIMING-16#57 Warning
Large setup violation  
There is a large setup violation of -21.091 ns between u_top/u_soc/u_soc/u_counter/aes_key_q_reg[80]/C (clocked by clk_w) and u_top/u_soc/u_soc/u_counter/dec_pt_q_reg[76]/D (clocked by clk_w). Large setup violations at the end of those stages might be difficult to fix during the post-placement implementation flow and could be the result of non-optimal XDC constraints or non-optimal design architecture
Related violations: <none>

TIMING-16#58 Warning
Large setup violation  
There is a large setup violation of -21.092 ns between u_top/u_soc/u_soc/u_counter/aes_key_q_reg[80]/C (clocked by clk_w) and u_top/u_soc/u_soc/u_counter/dec_pt_q_reg[119]/D (clocked by clk_w). Large setup violations at the end of those stages might be difficult to fix during the post-placement implementation flow and could be the result of non-optimal XDC constraints or non-optimal design architecture
Related violations: <none>

TIMING-16#59 Warning
Large setup violation  
There is a large setup violation of -21.096 ns between u_top/u_soc/u_soc/u_counter/aes_key_q_reg[80]/C (clocked by clk_w) and u_top/u_soc/u_soc/u_counter/dec_pt_q_reg[101]/D (clocked by clk_w). Large setup violations at the end of those stages might be difficult to fix during the post-placement implementation flow and could be the result of non-optimal XDC constraints or non-optimal design architecture
Related violations: <none>

TIMING-16#60 Warning
Large setup violation  
There is a large setup violation of -21.097 ns between u_top/u_soc/u_soc/u_counter/aes_key_q_reg[80]/C (clocked by clk_w) and u_top/u_soc/u_soc/u_counter/dec_pt_q_reg[75]/D (clocked by clk_w). Large setup violations at the end of those stages might be difficult to fix during the post-placement implementation flow and could be the result of non-optimal XDC constraints or non-optimal design architecture
Related violations: <none>

TIMING-16#61 Warning
Large setup violation  
There is a large setup violation of -21.123 ns between u_top/u_soc/u_soc/u_counter/aes_key_q_reg[80]/C (clocked by clk_w) and u_top/u_soc/u_soc/u_counter/dec_pt_q_reg[124]/D (clocked by clk_w). Large setup violations at the end of those stages might be difficult to fix during the post-placement implementation flow and could be the result of non-optimal XDC constraints or non-optimal design architecture
Related violations: <none>

TIMING-16#62 Warning
Large setup violation  
There is a large setup violation of -21.137 ns between u_top/u_soc/u_soc/u_counter/aes_key_q_reg[80]/C (clocked by clk_w) and u_top/u_soc/u_soc/u_counter/dec_pt_q_reg[46]/D (clocked by clk_w). Large setup violations at the end of those stages might be difficult to fix during the post-placement implementation flow and could be the result of non-optimal XDC constraints or non-optimal design architecture
Related violations: <none>

TIMING-16#63 Warning
Large setup violation  
There is a large setup violation of -21.141 ns between u_top/u_soc/u_soc/u_counter/aes_key_q_reg[80]/C (clocked by clk_w) and u_top/u_soc/u_soc/u_counter/dec_pt_q_reg[83]/D (clocked by clk_w). Large setup violations at the end of those stages might be difficult to fix during the post-placement implementation flow and could be the result of non-optimal XDC constraints or non-optimal design architecture
Related violations: <none>

TIMING-16#64 Warning
Large setup violation  
There is a large setup violation of -21.150 ns between u_top/u_soc/u_soc/u_counter/aes_key_q_reg[80]/C (clocked by clk_w) and u_top/u_soc/u_soc/u_counter/dec_pt_q_reg[33]/D (clocked by clk_w). Large setup violations at the end of those stages might be difficult to fix during the post-placement implementation flow and could be the result of non-optimal XDC constraints or non-optimal design architecture
Related violations: <none>

TIMING-16#65 Warning
Large setup violation  
There is a large setup violation of -21.154 ns between u_top/u_soc/u_soc/u_counter/aes_key_q_reg[80]/C (clocked by clk_w) and u_top/u_soc/u_soc/u_counter/dec_pt_q_reg[125]/D (clocked by clk_w). Large setup violations at the end of those stages might be difficult to fix during the post-placement implementation flow and could be the result of non-optimal XDC constraints or non-optimal design architecture
Related violations: <none>

TIMING-16#66 Warning
Large setup violation  
There is a large setup violation of -21.163 ns between u_top/u_soc/u_soc/u_counter/aes_key_q_reg[80]/C (clocked by clk_w) and u_top/u_soc/u_soc/u_counter/dec_pt_q_reg[24]/D (clocked by clk_w). Large setup violations at the end of those stages might be difficult to fix during the post-placement implementation flow and could be the result of non-optimal XDC constraints or non-optimal design architecture
Related violations: <none>

TIMING-16#67 Warning
Large setup violation  
There is a large setup violation of -21.167 ns between u_top/u_soc/u_soc/u_counter/aes_key_q_reg[80]/C (clocked by clk_w) and u_top/u_soc/u_soc/u_counter/dec_pt_q_reg[29]/D (clocked by clk_w). Large setup violations at the end of those stages might be difficult to fix during the post-placement implementation flow and could be the result of non-optimal XDC constraints or non-optimal design architecture
Related violations: <none>

TIMING-16#68 Warning
Large setup violation  
There is a large setup violation of -21.172 ns between u_top/u_soc/u_soc/u_counter/aes_key_q_reg[80]/C (clocked by clk_w) and u_top/u_soc/u_soc/u_counter/dec_pt_q_reg[110]/D (clocked by clk_w). Large setup violations at the end of those stages might be difficult to fix during the post-placement implementation flow and could be the result of non-optimal XDC constraints or non-optimal design architecture
Related violations: <none>

TIMING-16#69 Warning
Large setup violation  
There is a large setup violation of -21.176 ns between u_top/u_soc/u_soc/u_counter/aes_key_q_reg[80]/C (clocked by clk_w) and u_top/u_soc/u_soc/u_counter/dec_pt_q_reg[50]/D (clocked by clk_w). Large setup violations at the end of those stages might be difficult to fix during the post-placement implementation flow and could be the result of non-optimal XDC constraints or non-optimal design architecture
Related violations: <none>

TIMING-16#70 Warning
Large setup violation  
There is a large setup violation of -21.179 ns between u_top/u_soc/u_soc/u_counter/aes_key_q_reg[80]/C (clocked by clk_w) and u_top/u_soc/u_soc/u_counter/dec_pt_q_reg[74]/D (clocked by clk_w). Large setup violations at the end of those stages might be difficult to fix during the post-placement implementation flow and could be the result of non-optimal XDC constraints or non-optimal design architecture
Related violations: <none>

TIMING-16#71 Warning
Large setup violation  
There is a large setup violation of -21.180 ns between u_top/u_soc/u_soc/u_counter/aes_key_q_reg[80]/C (clocked by clk_w) and u_top/u_soc/u_soc/u_counter/dec_pt_q_reg[48]/D (clocked by clk_w). Large setup violations at the end of those stages might be difficult to fix during the post-placement implementation flow and could be the result of non-optimal XDC constraints or non-optimal design architecture
Related violations: <none>

TIMING-16#72 Warning
Large setup violation  
There is a large setup violation of -21.186 ns between u_top/u_soc/u_soc/u_counter/aes_key_q_reg[80]/C (clocked by clk_w) and u_top/u_soc/u_soc/u_counter/dec_pt_q_reg[20]/D (clocked by clk_w). Large setup violations at the end of those stages might be difficult to fix during the post-placement implementation flow and could be the result of non-optimal XDC constraints or non-optimal design architecture
Related violations: <none>

TIMING-16#73 Warning
Large setup violation  
There is a large setup violation of -21.188 ns between u_top/u_soc/u_soc/u_counter/aes_key_q_reg[80]/C (clocked by clk_w) and u_top/u_soc/u_soc/u_counter/dec_pt_q_reg[22]/D (clocked by clk_w). Large setup violations at the end of those stages might be difficult to fix during the post-placement implementation flow and could be the result of non-optimal XDC constraints or non-optimal design architecture
Related violations: <none>

TIMING-16#74 Warning
Large setup violation  
There is a large setup violation of -21.193 ns between u_top/u_soc/u_soc/u_counter/aes_key_q_reg[80]/C (clocked by clk_w) and u_top/u_soc/u_soc/u_counter/dec_pt_q_reg[107]/D (clocked by clk_w). Large setup violations at the end of those stages might be difficult to fix during the post-placement implementation flow and could be the result of non-optimal XDC constraints or non-optimal design architecture
Related violations: <none>

TIMING-16#75 Warning
Large setup violation  
There is a large setup violation of -21.194 ns between u_top/u_soc/u_soc/u_counter/aes_key_q_reg[80]/C (clocked by clk_w) and u_top/u_soc/u_soc/u_counter/dec_pt_q_reg[3]/D (clocked by clk_w). Large setup violations at the end of those stages might be difficult to fix during the post-placement implementation flow and could be the result of non-optimal XDC constraints or non-optimal design architecture
Related violations: <none>

TIMING-16#76 Warning
Large setup violation  
There is a large setup violation of -21.205 ns between u_top/u_soc/u_soc/u_counter/aes_key_q_reg[80]/C (clocked by clk_w) and u_top/u_soc/u_soc/u_counter/dec_pt_q_reg[77]/D (clocked by clk_w). Large setup violations at the end of those stages might be difficult to fix during the post-placement implementation flow and could be the result of non-optimal XDC constraints or non-optimal design architecture
Related violations: <none>

TIMING-16#77 Warning
Large setup violation  
There is a large setup violation of -21.207 ns between u_top/u_soc/u_soc/u_counter/aes_key_q_reg[80]/C (clocked by clk_w) and u_top/u_soc/u_soc/u_counter/dec_pt_q_reg[117]/D (clocked by clk_w). Large setup violations at the end of those stages might be difficult to fix during the post-placement implementation flow and could be the result of non-optimal XDC constraints or non-optimal design architecture
Related violations: <none>

TIMING-16#78 Warning
Large setup violation  
There is a large setup violation of -21.214 ns between u_top/u_soc/u_soc/u_counter/aes_key_q_reg[80]/C (clocked by clk_w) and u_top/u_soc/u_soc/u_counter/dec_pt_q_reg[6]/D (clocked by clk_w). Large setup violations at the end of those stages might be difficult to fix during the post-placement implementation flow and could be the result of non-optimal XDC constraints or non-optimal design architecture
Related violations: <none>

TIMING-16#79 Warning
Large setup violation  
There is a large setup violation of -21.222 ns between u_top/u_soc/u_soc/u_counter/aes_key_q_reg[80]/C (clocked by clk_w) and u_top/u_soc/u_soc/u_counter/dec_pt_q_reg[102]/D (clocked by clk_w). Large setup violations at the end of those stages might be difficult to fix during the post-placement implementation flow and could be the result of non-optimal XDC constraints or non-optimal design architecture
Related violations: <none>

TIMING-16#80 Warning
Large setup violation  
There is a large setup violation of -21.225 ns between u_top/u_soc/u_soc/u_counter/aes_key_q_reg[80]/C (clocked by clk_w) and u_top/u_soc/u_soc/u_counter/dec_pt_q_reg[35]/D (clocked by clk_w). Large setup violations at the end of those stages might be difficult to fix during the post-placement implementation flow and could be the result of non-optimal XDC constraints or non-optimal design architecture
Related violations: <none>

TIMING-16#81 Warning
Large setup violation  
There is a large setup violation of -21.240 ns between u_top/u_soc/u_soc/u_counter/aes_key_q_reg[80]/C (clocked by clk_w) and u_top/u_soc/u_soc/u_counter/dec_pt_q_reg[4]/D (clocked by clk_w). Large setup violations at the end of those stages might be difficult to fix during the post-placement implementation flow and could be the result of non-optimal XDC constraints or non-optimal design architecture
Related violations: <none>

TIMING-16#82 Warning
Large setup violation  
There is a large setup violation of -21.241 ns between u_top/u_soc/u_soc/u_counter/aes_key_q_reg[80]/C (clocked by clk_w) and u_top/u_soc/u_soc/u_counter/dec_pt_q_reg[36]/D (clocked by clk_w). Large setup violations at the end of those stages might be difficult to fix during the post-placement implementation flow and could be the result of non-optimal XDC constraints or non-optimal design architecture
Related violations: <none>

TIMING-16#83 Warning
Large setup violation  
There is a large setup violation of -21.255 ns between u_top/u_soc/u_soc/u_counter/aes_key_q_reg[80]/C (clocked by clk_w) and u_top/u_soc/u_soc/u_counter/dec_pt_q_reg[2]/D (clocked by clk_w). Large setup violations at the end of those stages might be difficult to fix during the post-placement implementation flow and could be the result of non-optimal XDC constraints or non-optimal design architecture
Related violations: <none>

TIMING-16#84 Warning
Large setup violation  
There is a large setup violation of -21.262 ns between u_top/u_soc/u_soc/u_counter/aes_key_q_reg[80]/C (clocked by clk_w) and u_top/u_soc/u_soc/u_counter/dec_pt_q_reg[44]/D (clocked by clk_w). Large setup violations at the end of those stages might be difficult to fix during the post-placement implementation flow and could be the result of non-optimal XDC constraints or non-optimal design architecture
Related violations: <none>

TIMING-16#85 Warning
Large setup violation  
There is a large setup violation of -21.271 ns between u_top/u_soc/u_soc/u_counter/aes_key_q_reg[80]/C (clocked by clk_w) and u_top/u_soc/u_soc/u_counter/dec_pt_q_reg[0]/D (clocked by clk_w). Large setup violations at the end of those stages might be difficult to fix during the post-placement implementation flow and could be the result of non-optimal XDC constraints or non-optimal design architecture
Related violations: <none>

TIMING-16#86 Warning
Large setup violation  
There is a large setup violation of -21.272 ns between u_top/u_soc/u_soc/u_counter/aes_key_q_reg[80]/C (clocked by clk_w) and u_top/u_soc/u_soc/u_counter/dec_pt_q_reg[127]/D (clocked by clk_w). Large setup violations at the end of those stages might be difficult to fix during the post-placement implementation flow and could be the result of non-optimal XDC constraints or non-optimal design architecture
Related violations: <none>

TIMING-16#87 Warning
Large setup violation  
There is a large setup violation of -21.272 ns between u_top/u_soc/u_soc/u_counter/aes_key_q_reg[80]/C (clocked by clk_w) and u_top/u_soc/u_soc/u_counter/dec_pt_q_reg[58]/D (clocked by clk_w). Large setup violations at the end of those stages might be difficult to fix during the post-placement implementation flow and could be the result of non-optimal XDC constraints or non-optimal design architecture
Related violations: <none>

TIMING-16#88 Warning
Large setup violation  
There is a large setup violation of -21.285 ns between u_top/u_soc/u_soc/u_counter/aes_key_q_reg[80]/C (clocked by clk_w) and u_top/u_soc/u_soc/u_counter/dec_pt_q_reg[51]/D (clocked by clk_w). Large setup violations at the end of those stages might be difficult to fix during the post-placement implementation flow and could be the result of non-optimal XDC constraints or non-optimal design architecture
Related violations: <none>

TIMING-16#89 Warning
Large setup violation  
There is a large setup violation of -21.293 ns between u_top/u_soc/u_soc/u_counter/aes_key_q_reg[80]/C (clocked by clk_w) and u_top/u_soc/u_soc/u_counter/dec_pt_q_reg[96]/D (clocked by clk_w). Large setup violations at the end of those stages might be difficult to fix during the post-placement implementation flow and could be the result of non-optimal XDC constraints or non-optimal design architecture
Related violations: <none>

TIMING-16#90 Warning
Large setup violation  
There is a large setup violation of -21.294 ns between u_top/u_soc/u_soc/u_counter/aes_key_q_reg[80]/C (clocked by clk_w) and u_top/u_soc/u_soc/u_counter/dec_pt_q_reg[32]/D (clocked by clk_w). Large setup violations at the end of those stages might be difficult to fix during the post-placement implementation flow and could be the result of non-optimal XDC constraints or non-optimal design architecture
Related violations: <none>

TIMING-16#91 Warning
Large setup violation  
There is a large setup violation of -21.295 ns between u_top/u_soc/u_soc/u_counter/aes_key_q_reg[80]/C (clocked by clk_w) and u_top/u_soc/u_soc/u_counter/dec_pt_q_reg[122]/D (clocked by clk_w). Large setup violations at the end of those stages might be difficult to fix during the post-placement implementation flow and could be the result of non-optimal XDC constraints or non-optimal design architecture
Related violations: <none>

TIMING-16#92 Warning
Large setup violation  
There is a large setup violation of -21.305 ns between u_top/u_soc/u_soc/u_counter/aes_key_q_reg[80]/C (clocked by clk_w) and u_top/u_soc/u_soc/u_counter/dec_pt_q_reg[62]/D (clocked by clk_w). Large setup violations at the end of those stages might be difficult to fix during the post-placement implementation flow and could be the result of non-optimal XDC constraints or non-optimal design architecture
Related violations: <none>

TIMING-16#93 Warning
Large setup violation  
There is a large setup violation of -21.314 ns between u_top/u_soc/u_soc/u_counter/aes_key_q_reg[80]/C (clocked by clk_w) and u_top/u_soc/u_soc/u_counter/dec_pt_q_reg[98]/D (clocked by clk_w). Large setup violations at the end of those stages might be difficult to fix during the post-placement implementation flow and could be the result of non-optimal XDC constraints or non-optimal design architecture
Related violations: <none>

TIMING-16#94 Warning
Large setup violation  
There is a large setup violation of -21.318 ns between u_top/u_soc/u_soc/u_counter/aes_key_q_reg[80]/C (clocked by clk_w) and u_top/u_soc/u_soc/u_counter/dec_pt_q_reg[80]/D (clocked by clk_w). Large setup violations at the end of those stages might be difficult to fix during the post-placement implementation flow and could be the result of non-optimal XDC constraints or non-optimal design architecture
Related violations: <none>

TIMING-16#95 Warning
Large setup violation  
There is a large setup violation of -21.326 ns between u_top/u_soc/u_soc/u_counter/aes_key_q_reg[80]/C (clocked by clk_w) and u_top/u_soc/u_soc/u_counter/dec_pt_q_reg[105]/D (clocked by clk_w). Large setup violations at the end of those stages might be difficult to fix during the post-placement implementation flow and could be the result of non-optimal XDC constraints or non-optimal design architecture
Related violations: <none>

TIMING-16#96 Warning
Large setup violation  
There is a large setup violation of -21.326 ns between u_top/u_soc/u_soc/u_counter/aes_key_q_reg[80]/C (clocked by clk_w) and u_top/u_soc/u_soc/u_counter/dec_pt_q_reg[72]/D (clocked by clk_w). Large setup violations at the end of those stages might be difficult to fix during the post-placement implementation flow and could be the result of non-optimal XDC constraints or non-optimal design architecture
Related violations: <none>

TIMING-16#97 Warning
Large setup violation  
There is a large setup violation of -21.327 ns between u_top/u_soc/u_soc/u_counter/aes_key_q_reg[80]/C (clocked by clk_w) and u_top/u_soc/u_soc/u_counter/dec_pt_q_reg[113]/D (clocked by clk_w). Large setup violations at the end of those stages might be difficult to fix during the post-placement implementation flow and could be the result of non-optimal XDC constraints or non-optimal design architecture
Related violations: <none>

TIMING-16#98 Warning
Large setup violation  
There is a large setup violation of -21.328 ns between u_top/u_soc/u_soc/u_counter/aes_key_q_reg[80]/C (clocked by clk_w) and u_top/u_soc/u_soc/u_counter/dec_pt_q_reg[39]/D (clocked by clk_w). Large setup violations at the end of those stages might be difficult to fix during the post-placement implementation flow and could be the result of non-optimal XDC constraints or non-optimal design architecture
Related violations: <none>

TIMING-16#99 Warning
Large setup violation  
There is a large setup violation of -21.332 ns between u_top/u_soc/u_soc/u_counter/aes_key_q_reg[80]/C (clocked by clk_w) and u_top/u_soc/u_soc/u_counter/dec_pt_q_reg[79]/D (clocked by clk_w). Large setup violations at the end of those stages might be difficult to fix during the post-placement implementation flow and could be the result of non-optimal XDC constraints or non-optimal design architecture
Related violations: <none>

TIMING-16#100 Warning
Large setup violation  
There is a large setup violation of -21.334 ns between u_top/u_soc/u_soc/u_counter/aes_key_q_reg[80]/C (clocked by clk_w) and u_top/u_soc/u_soc/u_counter/dec_pt_q_reg[49]/D (clocked by clk_w). Large setup violations at the end of those stages might be difficult to fix during the post-placement implementation flow and could be the result of non-optimal XDC constraints or non-optimal design architecture
Related violations: <none>

TIMING-16#101 Warning
Large setup violation  
There is a large setup violation of -21.338 ns between u_top/u_soc/u_soc/u_counter/aes_key_q_reg[80]/C (clocked by clk_w) and u_top/u_soc/u_soc/u_counter/dec_pt_q_reg[123]/D (clocked by clk_w). Large setup violations at the end of those stages might be difficult to fix during the post-placement implementation flow and could be the result of non-optimal XDC constraints or non-optimal design architecture
Related violations: <none>

TIMING-16#102 Warning
Large setup violation  
There is a large setup violation of -21.341 ns between u_top/u_soc/u_soc/u_counter/aes_key_q_reg[80]/C (clocked by clk_w) and u_top/u_soc/u_soc/u_counter/dec_pt_q_reg[104]/D (clocked by clk_w). Large setup violations at the end of those stages might be difficult to fix during the post-placement implementation flow and could be the result of non-optimal XDC constraints or non-optimal design architecture
Related violations: <none>

TIMING-16#103 Warning
Large setup violation  
There is a large setup violation of -21.344 ns between u_top/u_soc/u_soc/u_counter/aes_key_q_reg[80]/C (clocked by clk_w) and u_top/u_soc/u_soc/u_counter/dec_pt_q_reg[30]/D (clocked by clk_w). Large setup violations at the end of those stages might be difficult to fix during the post-placement implementation flow and could be the result of non-optimal XDC constraints or non-optimal design architecture
Related violations: <none>

TIMING-16#104 Warning
Large setup violation  
There is a large setup violation of -21.346 ns between u_top/u_soc/u_soc/u_counter/aes_key_q_reg[80]/C (clocked by clk_w) and u_top/u_soc/u_soc/u_counter/dec_pt_q_reg[109]/D (clocked by clk_w). Large setup violations at the end of those stages might be difficult to fix during the post-placement implementation flow and could be the result of non-optimal XDC constraints or non-optimal design architecture
Related violations: <none>

TIMING-16#105 Warning
Large setup violation  
There is a large setup violation of -21.348 ns between u_top/u_soc/u_soc/u_counter/aes_key_q_reg[80]/C (clocked by clk_w) and u_top/u_soc/u_soc/u_counter/dec_pt_q_reg[118]/D (clocked by clk_w). Large setup violations at the end of those stages might be difficult to fix during the post-placement implementation flow and could be the result of non-optimal XDC constraints or non-optimal design architecture
Related violations: <none>

TIMING-16#106 Warning
Large setup violation  
There is a large setup violation of -21.350 ns between u_top/u_soc/u_soc/u_counter/aes_key_q_reg[80]/C (clocked by clk_w) and u_top/u_soc/u_soc/u_counter/dec_pt_q_reg[52]/D (clocked by clk_w). Large setup violations at the end of those stages might be difficult to fix during the post-placement implementation flow and could be the result of non-optimal XDC constraints or non-optimal design architecture
Related violations: <none>

TIMING-16#107 Warning
Large setup violation  
There is a large setup violation of -21.380 ns between u_top/u_soc/u_soc/u_counter/aes_key_q_reg[80]/C (clocked by clk_w) and u_top/u_soc/u_soc/u_counter/dec_pt_q_reg[37]/D (clocked by clk_w). Large setup violations at the end of those stages might be difficult to fix during the post-placement implementation flow and could be the result of non-optimal XDC constraints or non-optimal design architecture
Related violations: <none>

TIMING-16#108 Warning
Large setup violation  
There is a large setup violation of -21.403 ns between u_top/u_soc/u_soc/u_counter/aes_key_q_reg[80]/C (clocked by clk_w) and u_top/u_soc/u_soc/u_counter/dec_pt_q_reg[63]/D (clocked by clk_w). Large setup violations at the end of those stages might be difficult to fix during the post-placement implementation flow and could be the result of non-optimal XDC constraints or non-optimal design architecture
Related violations: <none>

TIMING-16#109 Warning
Large setup violation  
There is a large setup violation of -21.407 ns between u_top/u_soc/u_soc/u_counter/aes_key_q_reg[80]/C (clocked by clk_w) and u_top/u_soc/u_soc/u_counter/dec_pt_q_reg[7]/D (clocked by clk_w). Large setup violations at the end of those stages might be difficult to fix during the post-placement implementation flow and could be the result of non-optimal XDC constraints or non-optimal design architecture
Related violations: <none>

TIMING-16#110 Warning
Large setup violation  
There is a large setup violation of -21.410 ns between u_top/u_soc/u_soc/u_counter/aes_key_q_reg[80]/C (clocked by clk_w) and u_top/u_soc/u_soc/u_counter/dec_pt_q_reg[55]/D (clocked by clk_w). Large setup violations at the end of those stages might be difficult to fix during the post-placement implementation flow and could be the result of non-optimal XDC constraints or non-optimal design architecture
Related violations: <none>

TIMING-16#111 Warning
Large setup violation  
There is a large setup violation of -21.411 ns between u_top/u_soc/u_soc/u_counter/aes_key_q_reg[80]/C (clocked by clk_w) and u_top/u_soc/u_soc/u_counter/dec_pt_q_reg[73]/D (clocked by clk_w). Large setup violations at the end of those stages might be difficult to fix during the post-placement implementation flow and could be the result of non-optimal XDC constraints or non-optimal design architecture
Related violations: <none>

TIMING-16#112 Warning
Large setup violation  
There is a large setup violation of -21.413 ns between u_top/u_soc/u_soc/u_counter/aes_key_q_reg[80]/C (clocked by clk_w) and u_top/u_soc/u_soc/u_counter/dec_pt_q_reg[85]/D (clocked by clk_w). Large setup violations at the end of those stages might be difficult to fix during the post-placement implementation flow and could be the result of non-optimal XDC constraints or non-optimal design architecture
Related violations: <none>

TIMING-16#113 Warning
Large setup violation  
There is a large setup violation of -21.426 ns between u_top/u_soc/u_soc/u_counter/aes_key_q_reg[80]/C (clocked by clk_w) and u_top/u_soc/u_soc/u_counter/dec_pt_q_reg[31]/D (clocked by clk_w). Large setup violations at the end of those stages might be difficult to fix during the post-placement implementation flow and could be the result of non-optimal XDC constraints or non-optimal design architecture
Related violations: <none>

TIMING-16#114 Warning
Large setup violation  
There is a large setup violation of -21.446 ns between u_top/u_soc/u_soc/u_counter/aes_key_q_reg[80]/C (clocked by clk_w) and u_top/u_soc/u_soc/u_counter/dec_pt_q_reg[86]/D (clocked by clk_w). Large setup violations at the end of those stages might be difficult to fix during the post-placement implementation flow and could be the result of non-optimal XDC constraints or non-optimal design architecture
Related violations: <none>

TIMING-16#115 Warning
Large setup violation  
There is a large setup violation of -21.451 ns between u_top/u_soc/u_soc/u_counter/aes_key_q_reg[80]/C (clocked by clk_w) and u_top/u_soc/u_soc/u_counter/dec_pt_q_reg[5]/D (clocked by clk_w). Large setup violations at the end of those stages might be difficult to fix during the post-placement implementation flow and could be the result of non-optimal XDC constraints or non-optimal design architecture
Related violations: <none>

TIMING-16#116 Warning
Large setup violation  
There is a large setup violation of -21.455 ns between u_top/u_soc/u_soc/u_counter/aes_key_q_reg[80]/C (clocked by clk_w) and u_top/u_soc/u_soc/u_counter/dec_pt_q_reg[38]/D (clocked by clk_w). Large setup violations at the end of those stages might be difficult to fix during the post-placement implementation flow and could be the result of non-optimal XDC constraints or non-optimal design architecture
Related violations: <none>

TIMING-16#117 Warning
Large setup violation  
There is a large setup violation of -21.473 ns between u_top/u_soc/u_soc/u_counter/aes_key_q_reg[80]/C (clocked by clk_w) and u_top/u_soc/u_soc/u_counter/dec_pt_q_reg[84]/D (clocked by clk_w). Large setup violations at the end of those stages might be difficult to fix during the post-placement implementation flow and could be the result of non-optimal XDC constraints or non-optimal design architecture
Related violations: <none>

TIMING-16#118 Warning
Large setup violation  
There is a large setup violation of -21.481 ns between u_top/u_soc/u_soc/u_counter/aes_key_q_reg[80]/C (clocked by clk_w) and u_top/u_soc/u_soc/u_counter/dec_pt_q_reg[57]/D (clocked by clk_w). Large setup violations at the end of those stages might be difficult to fix during the post-placement implementation flow and could be the result of non-optimal XDC constraints or non-optimal design architecture
Related violations: <none>

TIMING-16#119 Warning
Large setup violation  
There is a large setup violation of -21.509 ns between u_top/u_soc/u_soc/u_counter/aes_key_q_reg[80]/C (clocked by clk_w) and u_top/u_soc/u_soc/u_counter/dec_pt_q_reg[27]/D (clocked by clk_w). Large setup violations at the end of those stages might be difficult to fix during the post-placement implementation flow and could be the result of non-optimal XDC constraints or non-optimal design architecture
Related violations: <none>

TIMING-16#120 Warning
Large setup violation  
There is a large setup violation of -21.531 ns between u_top/u_soc/u_soc/u_counter/aes_key_q_reg[80]/C (clocked by clk_w) and u_top/u_soc/u_soc/u_counter/dec_pt_q_reg[1]/D (clocked by clk_w). Large setup violations at the end of those stages might be difficult to fix during the post-placement implementation flow and could be the result of non-optimal XDC constraints or non-optimal design architecture
Related violations: <none>

TIMING-16#121 Warning
Large setup violation  
There is a large setup violation of -21.532 ns between u_top/u_soc/u_soc/u_counter/aes_key_q_reg[80]/C (clocked by clk_w) and u_top/u_soc/u_soc/u_counter/dec_pt_q_reg[45]/D (clocked by clk_w). Large setup violations at the end of those stages might be difficult to fix during the post-placement implementation flow and could be the result of non-optimal XDC constraints or non-optimal design architecture
Related violations: <none>

TIMING-16#122 Warning
Large setup violation  
There is a large setup violation of -21.535 ns between u_top/u_soc/u_soc/u_counter/aes_key_q_reg[80]/C (clocked by clk_w) and u_top/u_soc/u_soc/u_counter/dec_pt_q_reg[120]/D (clocked by clk_w). Large setup violations at the end of those stages might be difficult to fix during the post-placement implementation flow and could be the result of non-optimal XDC constraints or non-optimal design architecture
Related violations: <none>

TIMING-16#123 Warning
Large setup violation  
There is a large setup violation of -21.538 ns between u_top/u_soc/u_soc/u_counter/aes_key_q_reg[80]/C (clocked by clk_w) and u_top/u_soc/u_soc/u_counter/dec_pt_q_reg[41]/D (clocked by clk_w). Large setup violations at the end of those stages might be difficult to fix during the post-placement implementation flow and could be the result of non-optimal XDC constraints or non-optimal design architecture
Related violations: <none>

TIMING-16#124 Warning
Large setup violation  
There is a large setup violation of -21.546 ns between u_top/u_soc/u_soc/u_counter/aes_key_q_reg[80]/C (clocked by clk_w) and u_top/u_soc/u_soc/u_counter/dec_pt_q_reg[54]/D (clocked by clk_w). Large setup violations at the end of those stages might be difficult to fix during the post-placement implementation flow and could be the result of non-optimal XDC constraints or non-optimal design architecture
Related violations: <none>

TIMING-16#125 Warning
Large setup violation  
There is a large setup violation of -21.591 ns between u_top/u_soc/u_soc/u_counter/aes_key_q_reg[80]/C (clocked by clk_w) and u_top/u_soc/u_soc/u_counter/dec_pt_q_reg[78]/D (clocked by clk_w). Large setup violations at the end of those stages might be difficult to fix during the post-placement implementation flow and could be the result of non-optimal XDC constraints or non-optimal design architecture
Related violations: <none>

TIMING-16#126 Warning
Large setup violation  
There is a large setup violation of -21.635 ns between u_top/u_soc/u_soc/u_counter/aes_key_q_reg[80]/C (clocked by clk_w) and u_top/u_soc/u_soc/u_counter/dec_pt_q_reg[34]/D (clocked by clk_w). Large setup violations at the end of those stages might be difficult to fix during the post-placement implementation flow and could be the result of non-optimal XDC constraints or non-optimal design architecture
Related violations: <none>

TIMING-16#127 Warning
Large setup violation  
There is a large setup violation of -21.673 ns between u_top/u_soc/u_soc/u_counter/aes_key_q_reg[80]/C (clocked by clk_w) and u_top/u_soc/u_soc/u_counter/dec_pt_q_reg[28]/D (clocked by clk_w). Large setup violations at the end of those stages might be difficult to fix during the post-placement implementation flow and could be the result of non-optimal XDC constraints or non-optimal design architecture
Related violations: <none>

TIMING-16#128 Warning
Large setup violation  
There is a large setup violation of -21.847 ns between u_top/u_soc/u_soc/u_counter/aes_key_q_reg[80]/C (clocked by clk_w) and u_top/u_soc/u_soc/u_counter/dec_pt_q_reg[53]/D (clocked by clk_w). Large setup violations at the end of those stages might be difficult to fix during the post-placement implementation flow and could be the result of non-optimal XDC constraints or non-optimal design architecture
Related violations: <none>

TIMING-16#129 Warning
Large setup violation  
There is a large setup violation of -7.962 ns between u_top/u_soc/u_soc/u_counter/aes_key_q_reg[14]/C (clocked by clk_w) and u_top/u_soc/u_soc/u_counter/aes_ct_q_reg[36]/D (clocked by clk_w). Large setup violations at the end of those stages might be difficult to fix during the post-placement implementation flow and could be the result of non-optimal XDC constraints or non-optimal design architecture
Related violations: <none>

TIMING-16#130 Warning
Large setup violation  
There is a large setup violation of -7.995 ns between u_top/u_soc/u_soc/u_counter/aes_key_q_reg[14]/C (clocked by clk_w) and u_top/u_soc/u_soc/u_counter/aes_ct_q_reg[113]/D (clocked by clk_w). Large setup violations at the end of those stages might be difficult to fix during the post-placement implementation flow and could be the result of non-optimal XDC constraints or non-optimal design architecture
Related violations: <none>

TIMING-16#131 Warning
Large setup violation  
There is a large setup violation of -8.017 ns between u_top/u_soc/u_soc/u_counter/aes_key_q_reg[14]/C (clocked by clk_w) and u_top/u_soc/u_soc/u_counter/aes_ct_q_reg[117]/D (clocked by clk_w). Large setup violations at the end of those stages might be difficult to fix during the post-placement implementation flow and could be the result of non-optimal XDC constraints or non-optimal design architecture
Related violations: <none>

TIMING-16#132 Warning
Large setup violation  
There is a large setup violation of -8.062 ns between u_top/u_soc/u_soc/u_counter/aes_key_q_reg[14]/C (clocked by clk_w) and u_top/u_soc/u_soc/u_counter/aes_ct_q_reg[115]/D (clocked by clk_w). Large setup violations at the end of those stages might be difficult to fix during the post-placement implementation flow and could be the result of non-optimal XDC constraints or non-optimal design architecture
Related violations: <none>

TIMING-16#133 Warning
Large setup violation  
There is a large setup violation of -8.071 ns between u_top/u_soc/u_soc/u_counter/aes_key_q_reg[14]/C (clocked by clk_w) and u_top/u_soc/u_soc/u_counter/aes_ct_q_reg[112]/D (clocked by clk_w). Large setup violations at the end of those stages might be difficult to fix during the post-placement implementation flow and could be the result of non-optimal XDC constraints or non-optimal design architecture
Related violations: <none>

TIMING-16#134 Warning
Large setup violation  
There is a large setup violation of -8.108 ns between u_top/u_soc/u_soc/u_counter/aes_key_q_reg[14]/C (clocked by clk_w) and u_top/u_soc/u_soc/u_counter/aes_ct_q_reg[12]/D (clocked by clk_w). Large setup violations at the end of those stages might be difficult to fix during the post-placement implementation flow and could be the result of non-optimal XDC constraints or non-optimal design architecture
Related violations: <none>

TIMING-16#135 Warning
Large setup violation  
There is a large setup violation of -8.133 ns between u_top/u_soc/u_soc/u_counter/aes_key_q_reg[14]/C (clocked by clk_w) and u_top/u_soc/u_soc/u_counter/aes_ct_q_reg[32]/D (clocked by clk_w). Large setup violations at the end of those stages might be difficult to fix during the post-placement implementation flow and could be the result of non-optimal XDC constraints or non-optimal design architecture
Related violations: <none>

TIMING-16#136 Warning
Large setup violation  
There is a large setup violation of -8.161 ns between u_top/u_soc/u_soc/u_counter/aes_key_q_reg[14]/C (clocked by clk_w) and u_top/u_soc/u_soc/u_counter/aes_ct_q_reg[89]/D (clocked by clk_w). Large setup violations at the end of those stages might be difficult to fix during the post-placement implementation flow and could be the result of non-optimal XDC constraints or non-optimal design architecture
Related violations: <none>

TIMING-16#137 Warning
Large setup violation  
There is a large setup violation of -8.222 ns between u_top/u_soc/u_soc/u_counter/aes_key_q_reg[14]/C (clocked by clk_w) and u_top/u_soc/u_soc/u_counter/aes_ct_q_reg[39]/D (clocked by clk_w). Large setup violations at the end of those stages might be difficult to fix during the post-placement implementation flow and could be the result of non-optimal XDC constraints or non-optimal design architecture
Related violations: <none>

TIMING-16#138 Warning
Large setup violation  
There is a large setup violation of -8.247 ns between u_top/u_soc/u_soc/u_counter/aes_key_q_reg[14]/C (clocked by clk_w) and u_top/u_soc/u_soc/u_counter/aes_ct_q_reg[95]/D (clocked by clk_w). Large setup violations at the end of those stages might be difficult to fix during the post-placement implementation flow and could be the result of non-optimal XDC constraints or non-optimal design architecture
Related violations: <none>

TIMING-16#139 Warning
Large setup violation  
There is a large setup violation of -8.253 ns between u_top/u_soc/u_soc/u_counter/aes_key_q_reg[14]/C (clocked by clk_w) and u_top/u_soc/u_soc/u_counter/aes_ct_q_reg[38]/D (clocked by clk_w). Large setup violations at the end of those stages might be difficult to fix during the post-placement implementation flow and could be the result of non-optimal XDC constraints or non-optimal design architecture
Related violations: <none>

TIMING-16#140 Warning
Large setup violation  
There is a large setup violation of -8.272 ns between u_top/u_soc/u_soc/u_counter/aes_key_q_reg[14]/C (clocked by clk_w) and u_top/u_soc/u_soc/u_counter/aes_ct_q_reg[119]/D (clocked by clk_w). Large setup violations at the end of those stages might be difficult to fix during the post-placement implementation flow and could be the result of non-optimal XDC constraints or non-optimal design architecture
Related violations: <none>

TIMING-16#141 Warning
Large setup violation  
There is a large setup violation of -8.303 ns between u_top/u_soc/u_soc/u_counter/aes_key_q_reg[14]/C (clocked by clk_w) and u_top/u_soc/u_soc/u_counter/aes_ct_q_reg[14]/D (clocked by clk_w). Large setup violations at the end of those stages might be difficult to fix during the post-placement implementation flow and could be the result of non-optimal XDC constraints or non-optimal design architecture
Related violations: <none>

TIMING-16#142 Warning
Large setup violation  
There is a large setup violation of -8.310 ns between u_top/u_soc/u_soc/u_counter/aes_key_q_reg[14]/C (clocked by clk_w) and u_top/u_soc/u_soc/u_counter/aes_ct_q_reg[37]/D (clocked by clk_w). Large setup violations at the end of those stages might be difficult to fix during the post-placement implementation flow and could be the result of non-optimal XDC constraints or non-optimal design architecture
Related violations: <none>

TIMING-16#143 Warning
Large setup violation  
There is a large setup violation of -8.346 ns between u_top/u_soc/u_soc/u_counter/aes_key_q_reg[14]/C (clocked by clk_w) and u_top/u_soc/u_soc/u_counter/aes_ct_q_reg[91]/D (clocked by clk_w). Large setup violations at the end of those stages might be difficult to fix during the post-placement implementation flow and could be the result of non-optimal XDC constraints or non-optimal design architecture
Related violations: <none>

TIMING-16#144 Warning
Large setup violation  
There is a large setup violation of -8.359 ns between u_top/u_soc/u_soc/u_counter/aes_key_q_reg[14]/C (clocked by clk_w) and u_top/u_soc/u_soc/u_counter/aes_ct_q_reg[118]/D (clocked by clk_w). Large setup violations at the end of those stages might be difficult to fix during the post-placement implementation flow and could be the result of non-optimal XDC constraints or non-optimal design architecture
Related violations: <none>

TIMING-16#145 Warning
Large setup violation  
There is a large setup violation of -8.369 ns between u_top/u_soc/u_soc/u_counter/aes_key_q_reg[14]/C (clocked by clk_w) and u_top/u_soc/u_soc/u_counter/aes_ct_q_reg[114]/D (clocked by clk_w). Large setup violations at the end of those stages might be difficult to fix during the post-placement implementation flow and could be the result of non-optimal XDC constraints or non-optimal design architecture
Related violations: <none>

TIMING-16#146 Warning
Large setup violation  
There is a large setup violation of -8.370 ns between u_top/u_soc/u_soc/u_counter/aes_key_q_reg[14]/C (clocked by clk_w) and u_top/u_soc/u_soc/u_counter/aes_ct_q_reg[34]/D (clocked by clk_w). Large setup violations at the end of those stages might be difficult to fix during the post-placement implementation flow and could be the result of non-optimal XDC constraints or non-optimal design architecture
Related violations: <none>

TIMING-16#147 Warning
Large setup violation  
There is a large setup violation of -8.389 ns between u_top/u_soc/u_soc/u_counter/aes_key_q_reg[14]/C (clocked by clk_w) and u_top/u_soc/u_soc/u_counter/aes_ct_q_reg[3]/D (clocked by clk_w). Large setup violations at the end of those stages might be difficult to fix during the post-placement implementation flow and could be the result of non-optimal XDC constraints or non-optimal design architecture
Related violations: <none>

TIMING-16#148 Warning
Large setup violation  
There is a large setup violation of -8.399 ns between u_top/u_soc/u_soc/u_counter/aes_key_q_reg[14]/C (clocked by clk_w) and u_top/u_soc/u_soc/u_counter/aes_ct_q_reg[90]/D (clocked by clk_w). Large setup violations at the end of those stages might be difficult to fix during the post-placement implementation flow and could be the result of non-optimal XDC constraints or non-optimal design architecture
Related violations: <none>

TIMING-16#149 Warning
Large setup violation  
There is a large setup violation of -8.403 ns between u_top/u_soc/u_soc/u_counter/aes_key_q_reg[14]/C (clocked by clk_w) and u_top/u_soc/u_soc/u_counter/aes_ct_q_reg[93]/D (clocked by clk_w). Large setup violations at the end of those stages might be difficult to fix during the post-placement implementation flow and could be the result of non-optimal XDC constraints or non-optimal design architecture
Related violations: <none>

TIMING-16#150 Warning
Large setup violation  
There is a large setup violation of -8.403 ns between u_top/u_soc/u_soc/u_counter/aes_key_q_reg[14]/C (clocked by clk_w) and u_top/u_soc/u_soc/u_counter/aes_ct_q_reg[9]/D (clocked by clk_w). Large setup violations at the end of those stages might be difficult to fix during the post-placement implementation flow and could be the result of non-optimal XDC constraints or non-optimal design architecture
Related violations: <none>

TIMING-16#151 Warning
Large setup violation  
There is a large setup violation of -8.411 ns between u_top/u_soc/u_soc/u_counter/aes_key_q_reg[14]/C (clocked by clk_w) and u_top/u_soc/u_soc/u_counter/aes_ct_q_reg[48]/D (clocked by clk_w). Large setup violations at the end of those stages might be difficult to fix during the post-placement implementation flow and could be the result of non-optimal XDC constraints or non-optimal design architecture
Related violations: <none>

TIMING-16#152 Warning
Large setup violation  
There is a large setup violation of -8.417 ns between u_top/u_soc/u_soc/u_counter/aes_key_q_reg[14]/C (clocked by clk_w) and u_top/u_soc/u_soc/u_counter/aes_ct_q_reg[116]/D (clocked by clk_w). Large setup violations at the end of those stages might be difficult to fix during the post-placement implementation flow and could be the result of non-optimal XDC constraints or non-optimal design architecture
Related violations: <none>

TIMING-16#153 Warning
Large setup violation  
There is a large setup violation of -8.422 ns between u_top/u_soc/u_soc/u_counter/aes_key_q_reg[14]/C (clocked by clk_w) and u_top/u_soc/u_soc/u_counter/aes_ct_q_reg[15]/D (clocked by clk_w). Large setup violations at the end of those stages might be difficult to fix during the post-placement implementation flow and could be the result of non-optimal XDC constraints or non-optimal design architecture
Related violations: <none>

TIMING-16#154 Warning
Large setup violation  
There is a large setup violation of -8.430 ns between u_top/u_soc/u_soc/u_counter/aes_key_q_reg[14]/C (clocked by clk_w) and u_top/u_soc/u_soc/u_counter/aes_ct_q_reg[94]/D (clocked by clk_w). Large setup violations at the end of those stages might be difficult to fix during the post-placement implementation flow and could be the result of non-optimal XDC constraints or non-optimal design architecture
Related violations: <none>

TIMING-16#155 Warning
Large setup violation  
There is a large setup violation of -8.472 ns between u_top/u_soc/u_soc/u_counter/aes_key_q_reg[14]/C (clocked by clk_w) and u_top/u_soc/u_soc/u_counter/aes_ct_q_reg[33]/D (clocked by clk_w). Large setup violations at the end of those stages might be difficult to fix during the post-placement implementation flow and could be the result of non-optimal XDC constraints or non-optimal design architecture
Related violations: <none>

TIMING-16#156 Warning
Large setup violation  
There is a large setup violation of -8.473 ns between u_top/u_soc/u_soc/u_counter/aes_key_q_reg[14]/C (clocked by clk_w) and u_top/u_soc/u_soc/u_counter/aes_ct_q_reg[66]/D (clocked by clk_w). Large setup violations at the end of those stages might be difficult to fix during the post-placement implementation flow and could be the result of non-optimal XDC constraints or non-optimal design architecture
Related violations: <none>

TIMING-16#157 Warning
Large setup violation  
There is a large setup violation of -8.489 ns between u_top/u_soc/u_soc/u_counter/aes_key_q_reg[14]/C (clocked by clk_w) and u_top/u_soc/u_soc/u_counter/aes_ct_q_reg[92]/D (clocked by clk_w). Large setup violations at the end of those stages might be difficult to fix during the post-placement implementation flow and could be the result of non-optimal XDC constraints or non-optimal design architecture
Related violations: <none>

TIMING-16#158 Warning
Large setup violation  
There is a large setup violation of -8.491 ns between u_top/u_soc/u_soc/u_counter/aes_key_q_reg[14]/C (clocked by clk_w) and u_top/u_soc/u_soc/u_counter/aes_ct_q_reg[52]/D (clocked by clk_w). Large setup violations at the end of those stages might be difficult to fix during the post-placement implementation flow and could be the result of non-optimal XDC constraints or non-optimal design architecture
Related violations: <none>

TIMING-16#159 Warning
Large setup violation  
There is a large setup violation of -8.510 ns between u_top/u_soc/u_soc/u_counter/aes_key_q_reg[14]/C (clocked by clk_w) and u_top/u_soc/u_soc/u_counter/aes_ct_q_reg[55]/D (clocked by clk_w). Large setup violations at the end of those stages might be difficult to fix during the post-placement implementation flow and could be the result of non-optimal XDC constraints or non-optimal design architecture
Related violations: <none>

TIMING-16#160 Warning
Large setup violation  
There is a large setup violation of -8.519 ns between u_top/u_soc/u_soc/u_counter/aes_key_q_reg[14]/C (clocked by clk_w) and u_top/u_soc/u_soc/u_counter/aes_ct_q_reg[13]/D (clocked by clk_w). Large setup violations at the end of those stages might be difficult to fix during the post-placement implementation flow and could be the result of non-optimal XDC constraints or non-optimal design architecture
Related violations: <none>

TIMING-16#161 Warning
Large setup violation  
There is a large setup violation of -8.519 ns between u_top/u_soc/u_soc/u_counter/aes_key_q_reg[14]/C (clocked by clk_w) and u_top/u_soc/u_soc/u_counter/aes_ct_q_reg[88]/D (clocked by clk_w). Large setup violations at the end of those stages might be difficult to fix during the post-placement implementation flow and could be the result of non-optimal XDC constraints or non-optimal design architecture
Related violations: <none>

TIMING-16#162 Warning
Large setup violation  
There is a large setup violation of -8.562 ns between u_top/u_soc/u_soc/u_counter/aes_key_q_reg[14]/C (clocked by clk_w) and u_top/u_soc/u_soc/u_counter/aes_ct_q_reg[2]/D (clocked by clk_w). Large setup violations at the end of those stages might be difficult to fix during the post-placement implementation flow and could be the result of non-optimal XDC constraints or non-optimal design architecture
Related violations: <none>

TIMING-16#163 Warning
Large setup violation  
There is a large setup violation of -8.565 ns between u_top/u_soc/u_soc/u_counter/aes_key_q_reg[14]/C (clocked by clk_w) and u_top/u_soc/u_soc/u_counter/aes_ct_q_reg[63]/D (clocked by clk_w). Large setup violations at the end of those stages might be difficult to fix during the post-placement implementation flow and could be the result of non-optimal XDC constraints or non-optimal design architecture
Related violations: <none>

TIMING-16#164 Warning
Large setup violation  
There is a large setup violation of -8.580 ns between u_top/u_soc/u_soc/u_counter/aes_key_q_reg[14]/C (clocked by clk_w) and u_top/u_soc/u_soc/u_counter/aes_ct_q_reg[35]/D (clocked by clk_w). Large setup violations at the end of those stages might be difficult to fix during the post-placement implementation flow and could be the result of non-optimal XDC constraints or non-optimal design architecture
Related violations: <none>

TIMING-16#165 Warning
Large setup violation  
There is a large setup violation of -8.592 ns between u_top/u_soc/u_soc/u_counter/aes_key_q_reg[14]/C (clocked by clk_w) and u_top/u_soc/u_soc/u_counter/aes_ct_q_reg[8]/D (clocked by clk_w). Large setup violations at the end of those stages might be difficult to fix during the post-placement implementation flow and could be the result of non-optimal XDC constraints or non-optimal design architecture
Related violations: <none>

TIMING-16#166 Warning
Large setup violation  
There is a large setup violation of -8.651 ns between u_top/u_soc/u_soc/u_counter/aes_key_q_reg[14]/C (clocked by clk_w) and u_top/u_soc/u_soc/u_counter/aes_ct_q_reg[56]/D (clocked by clk_w). Large setup violations at the end of those stages might be difficult to fix during the post-placement implementation flow and could be the result of non-optimal XDC constraints or non-optimal design architecture
Related violations: <none>

TIMING-16#167 Warning
Large setup violation  
There is a large setup violation of -8.656 ns between u_top/u_soc/u_soc/u_counter/aes_key_q_reg[14]/C (clocked by clk_w) and u_top/u_soc/u_soc/u_counter/aes_ct_q_reg[54]/D (clocked by clk_w). Large setup violations at the end of those stages might be difficult to fix during the post-placement implementation flow and could be the result of non-optimal XDC constraints or non-optimal design architecture
Related violations: <none>

TIMING-16#168 Warning
Large setup violation  
There is a large setup violation of -8.660 ns between u_top/u_soc/u_soc/u_counter/aes_key_q_reg[14]/C (clocked by clk_w) and u_top/u_soc/u_soc/u_counter/aes_ct_q_reg[51]/D (clocked by clk_w). Large setup violations at the end of those stages might be difficult to fix during the post-placement implementation flow and could be the result of non-optimal XDC constraints or non-optimal design architecture
Related violations: <none>

TIMING-16#169 Warning
Large setup violation  
There is a large setup violation of -8.668 ns between u_top/u_soc/u_soc/u_counter/aes_key_q_reg[14]/C (clocked by clk_w) and u_top/u_soc/u_soc/u_counter/aes_ct_q_reg[11]/D (clocked by clk_w). Large setup violations at the end of those stages might be difficult to fix during the post-placement implementation flow and could be the result of non-optimal XDC constraints or non-optimal design architecture
Related violations: <none>

TIMING-16#170 Warning
Large setup violation  
There is a large setup violation of -8.684 ns between u_top/u_soc/u_soc/u_counter/aes_key_q_reg[14]/C (clocked by clk_w) and u_top/u_soc/u_soc/u_counter/aes_ct_q_reg[65]/D (clocked by clk_w). Large setup violations at the end of those stages might be difficult to fix during the post-placement implementation flow and could be the result of non-optimal XDC constraints or non-optimal design architecture
Related violations: <none>

TIMING-16#171 Warning
Large setup violation  
There is a large setup violation of -8.702 ns between u_top/u_soc/u_soc/u_counter/aes_key_q_reg[14]/C (clocked by clk_w) and u_top/u_soc/u_soc/u_counter/aes_ct_q_reg[59]/D (clocked by clk_w). Large setup violations at the end of those stages might be difficult to fix during the post-placement implementation flow and could be the result of non-optimal XDC constraints or non-optimal design architecture
Related violations: <none>

TIMING-16#172 Warning
Large setup violation  
There is a large setup violation of -8.703 ns between u_top/u_soc/u_soc/u_counter/aes_key_q_reg[14]/C (clocked by clk_w) and u_top/u_soc/u_soc/u_counter/aes_ct_q_reg[10]/D (clocked by clk_w). Large setup violations at the end of those stages might be difficult to fix during the post-placement implementation flow and could be the result of non-optimal XDC constraints or non-optimal design architecture
Related violations: <none>

TIMING-16#173 Warning
Large setup violation  
There is a large setup violation of -8.703 ns between u_top/u_soc/u_soc/u_counter/aes_key_q_reg[14]/C (clocked by clk_w) and u_top/u_soc/u_soc/u_counter/aes_ct_q_reg[97]/D (clocked by clk_w). Large setup violations at the end of those stages might be difficult to fix during the post-placement implementation flow and could be the result of non-optimal XDC constraints or non-optimal design architecture
Related violations: <none>

TIMING-16#174 Warning
Large setup violation  
There is a large setup violation of -8.713 ns between u_top/u_soc/u_soc/u_counter/aes_key_q_reg[14]/C (clocked by clk_w) and u_top/u_soc/u_soc/u_counter/aes_ct_q_reg[0]/D (clocked by clk_w). Large setup violations at the end of those stages might be difficult to fix during the post-placement implementation flow and could be the result of non-optimal XDC constraints or non-optimal design architecture
Related violations: <none>

TIMING-16#175 Warning
Large setup violation  
There is a large setup violation of -8.729 ns between u_top/u_soc/u_soc/u_counter/aes_key_q_reg[14]/C (clocked by clk_w) and u_top/u_soc/u_soc/u_counter/aes_ct_q_reg[53]/D (clocked by clk_w). Large setup violations at the end of those stages might be difficult to fix during the post-placement implementation flow and could be the result of non-optimal XDC constraints or non-optimal design architecture
Related violations: <none>

TIMING-16#176 Warning
Large setup violation  
There is a large setup violation of -8.746 ns between u_top/u_soc/u_soc/u_counter/aes_key_q_reg[14]/C (clocked by clk_w) and u_top/u_soc/u_soc/u_counter/aes_ct_q_reg[58]/D (clocked by clk_w). Large setup violations at the end of those stages might be difficult to fix during the post-placement implementation flow and could be the result of non-optimal XDC constraints or non-optimal design architecture
Related violations: <none>

TIMING-16#177 Warning
Large setup violation  
There is a large setup violation of -8.751 ns between u_top/u_soc/u_soc/u_counter/aes_key_q_reg[14]/C (clocked by clk_w) and u_top/u_soc/u_soc/u_counter/aes_ct_q_reg[6]/D (clocked by clk_w). Large setup violations at the end of those stages might be difficult to fix during the post-placement implementation flow and could be the result of non-optimal XDC constraints or non-optimal design architecture
Related violations: <none>

TIMING-16#178 Warning
Large setup violation  
There is a large setup violation of -8.768 ns between u_top/u_soc/u_soc/u_counter/aes_key_q_reg[14]/C (clocked by clk_w) and u_top/u_soc/u_soc/u_counter/aes_ct_q_reg[49]/D (clocked by clk_w). Large setup violations at the end of those stages might be difficult to fix during the post-placement implementation flow and could be the result of non-optimal XDC constraints or non-optimal design architecture
Related violations: <none>

TIMING-16#179 Warning
Large setup violation  
There is a large setup violation of -8.771 ns between u_top/u_soc/u_soc/u_counter/aes_key_q_reg[14]/C (clocked by clk_w) and u_top/u_soc/u_soc/u_counter/aes_ct_q_reg[103]/D (clocked by clk_w). Large setup violations at the end of those stages might be difficult to fix during the post-placement implementation flow and could be the result of non-optimal XDC constraints or non-optimal design architecture
Related violations: <none>

TIMING-16#180 Warning
Large setup violation  
There is a large setup violation of -8.777 ns between u_top/u_soc/u_soc/u_counter/aes_key_q_reg[14]/C (clocked by clk_w) and u_top/u_soc/u_soc/u_counter/aes_ct_q_reg[120]/D (clocked by clk_w). Large setup violations at the end of those stages might be difficult to fix during the post-placement implementation flow and could be the result of non-optimal XDC constraints or non-optimal design architecture
Related violations: <none>

TIMING-16#181 Warning
Large setup violation  
There is a large setup violation of -8.800 ns between u_top/u_soc/u_soc/u_counter/aes_key_q_reg[14]/C (clocked by clk_w) and u_top/u_soc/u_soc/u_counter/aes_ct_q_reg[102]/D (clocked by clk_w). Large setup violations at the end of those stages might be difficult to fix during the post-placement implementation flow and could be the result of non-optimal XDC constraints or non-optimal design architecture
Related violations: <none>

TIMING-16#182 Warning
Large setup violation  
There is a large setup violation of -8.802 ns between u_top/u_soc/u_soc/u_counter/aes_key_q_reg[14]/C (clocked by clk_w) and u_top/u_soc/u_soc/u_counter/aes_ct_q_reg[50]/D (clocked by clk_w). Large setup violations at the end of those stages might be difficult to fix during the post-placement implementation flow and could be the result of non-optimal XDC constraints or non-optimal design architecture
Related violations: <none>

TIMING-16#183 Warning
Large setup violation  
There is a large setup violation of -8.806 ns between u_top/u_soc/u_soc/u_counter/aes_key_q_reg[14]/C (clocked by clk_w) and u_top/u_soc/u_soc/u_counter/aes_ct_q_reg[98]/D (clocked by clk_w). Large setup violations at the end of those stages might be difficult to fix during the post-placement implementation flow and could be the result of non-optimal XDC constraints or non-optimal design architecture
Related violations: <none>

TIMING-16#184 Warning
Large setup violation  
There is a large setup violation of -8.809 ns between u_top/u_soc/u_soc/u_counter/aes_key_q_reg[14]/C (clocked by clk_w) and u_top/u_soc/u_soc/u_counter/aes_ct_q_reg[123]/D (clocked by clk_w). Large setup violations at the end of those stages might be difficult to fix during the post-placement implementation flow and could be the result of non-optimal XDC constraints or non-optimal design architecture
Related violations: <none>

TIMING-16#185 Warning
Large setup violation  
There is a large setup violation of -8.824 ns between u_top/u_soc/u_soc/u_counter/aes_key_q_reg[14]/C (clocked by clk_w) and u_top/u_soc/u_soc/u_counter/aes_ct_q_reg[100]/D (clocked by clk_w). Large setup violations at the end of those stages might be difficult to fix during the post-placement implementation flow and could be the result of non-optimal XDC constraints or non-optimal design architecture
Related violations: <none>

TIMING-16#186 Warning
Large setup violation  
There is a large setup violation of -8.824 ns between u_top/u_soc/u_soc/u_counter/aes_key_q_reg[14]/C (clocked by clk_w) and u_top/u_soc/u_soc/u_counter/aes_ct_q_reg[101]/D (clocked by clk_w). Large setup violations at the end of those stages might be difficult to fix during the post-placement implementation flow and could be the result of non-optimal XDC constraints or non-optimal design architecture
Related violations: <none>

TIMING-16#187 Warning
Large setup violation  
There is a large setup violation of -8.825 ns between u_top/u_soc/u_soc/u_counter/aes_key_q_reg[14]/C (clocked by clk_w) and u_top/u_soc/u_soc/u_counter/aes_ct_q_reg[1]/D (clocked by clk_w). Large setup violations at the end of those stages might be difficult to fix during the post-placement implementation flow and could be the result of non-optimal XDC constraints or non-optimal design architecture
Related violations: <none>

TIMING-16#188 Warning
Large setup violation  
There is a large setup violation of -8.825 ns between u_top/u_soc/u_soc/u_counter/aes_key_q_reg[14]/C (clocked by clk_w) and u_top/u_soc/u_soc/u_counter/aes_ct_q_reg[4]/D (clocked by clk_w). Large setup violations at the end of those stages might be difficult to fix during the post-placement implementation flow and could be the result of non-optimal XDC constraints or non-optimal design architecture
Related violations: <none>

TIMING-16#189 Warning
Large setup violation  
There is a large setup violation of -8.834 ns between u_top/u_soc/u_soc/u_counter/aes_key_q_reg[14]/C (clocked by clk_w) and u_top/u_soc/u_soc/u_counter/aes_ct_q_reg[45]/D (clocked by clk_w). Large setup violations at the end of those stages might be difficult to fix during the post-placement implementation flow and could be the result of non-optimal XDC constraints or non-optimal design architecture
Related violations: <none>

TIMING-16#190 Warning
Large setup violation  
There is a large setup violation of -8.834 ns between u_top/u_soc/u_soc/u_counter/aes_key_q_reg[14]/C (clocked by clk_w) and u_top/u_soc/u_soc/u_counter/aes_ct_q_reg[79]/D (clocked by clk_w). Large setup violations at the end of those stages might be difficult to fix during the post-placement implementation flow and could be the result of non-optimal XDC constraints or non-optimal design architecture
Related violations: <none>

TIMING-16#191 Warning
Large setup violation  
There is a large setup violation of -8.839 ns between u_top/u_soc/u_soc/u_counter/aes_key_q_reg[14]/C (clocked by clk_w) and u_top/u_soc/u_soc/u_counter/aes_ct_q_reg[69]/D (clocked by clk_w). Large setup violations at the end of those stages might be difficult to fix during the post-placement implementation flow and could be the result of non-optimal XDC constraints or non-optimal design architecture
Related violations: <none>

TIMING-16#192 Warning
Large setup violation  
There is a large setup violation of -8.851 ns between u_top/u_soc/u_soc/u_counter/aes_key_q_reg[14]/C (clocked by clk_w) and u_top/u_soc/u_soc/u_counter/aes_ct_q_reg[124]/D (clocked by clk_w). Large setup violations at the end of those stages might be difficult to fix during the post-placement implementation flow and could be the result of non-optimal XDC constraints or non-optimal design architecture
Related violations: <none>

TIMING-16#193 Warning
Large setup violation  
There is a large setup violation of -8.860 ns between u_top/u_soc/u_soc/u_counter/aes_key_q_reg[14]/C (clocked by clk_w) and u_top/u_soc/u_soc/u_counter/aes_ct_q_reg[72]/D (clocked by clk_w). Large setup violations at the end of those stages might be difficult to fix during the post-placement implementation flow and could be the result of non-optimal XDC constraints or non-optimal design architecture
Related violations: <none>

TIMING-16#194 Warning
Large setup violation  
There is a large setup violation of -8.869 ns between u_top/u_soc/u_soc/u_counter/aes_key_q_reg[14]/C (clocked by clk_w) and u_top/u_soc/u_soc/u_counter/aes_ct_q_reg[19]/D (clocked by clk_w). Large setup violations at the end of those stages might be difficult to fix during the post-placement implementation flow and could be the result of non-optimal XDC constraints or non-optimal design architecture
Related violations: <none>

TIMING-16#195 Warning
Large setup violation  
There is a large setup violation of -8.879 ns between u_top/u_soc/u_soc/u_counter/aes_key_q_reg[14]/C (clocked by clk_w) and u_top/u_soc/u_soc/u_counter/aes_ct_q_reg[60]/D (clocked by clk_w). Large setup violations at the end of those stages might be difficult to fix during the post-placement implementation flow and could be the result of non-optimal XDC constraints or non-optimal design architecture
Related violations: <none>

TIMING-16#196 Warning
Large setup violation  
There is a large setup violation of -8.882 ns between u_top/u_soc/u_soc/u_counter/aes_key_q_reg[14]/C (clocked by clk_w) and u_top/u_soc/u_soc/u_counter/aes_ct_q_reg[80]/D (clocked by clk_w). Large setup violations at the end of those stages might be difficult to fix during the post-placement implementation flow and could be the result of non-optimal XDC constraints or non-optimal design architecture
Related violations: <none>

TIMING-16#197 Warning
Large setup violation  
There is a large setup violation of -8.882 ns between u_top/u_soc/u_soc/u_counter/aes_key_q_reg[14]/C (clocked by clk_w) and u_top/u_soc/u_soc/u_counter/aes_ct_q_reg[96]/D (clocked by clk_w). Large setup violations at the end of those stages might be difficult to fix during the post-placement implementation flow and could be the result of non-optimal XDC constraints or non-optimal design architecture
Related violations: <none>

TIMING-16#198 Warning
Large setup violation  
There is a large setup violation of -8.895 ns between u_top/u_soc/u_soc/u_counter/aes_key_q_reg[14]/C (clocked by clk_w) and u_top/u_soc/u_soc/u_counter/aes_ct_q_reg[67]/D (clocked by clk_w). Large setup violations at the end of those stages might be difficult to fix during the post-placement implementation flow and could be the result of non-optimal XDC constraints or non-optimal design architecture
Related violations: <none>

TIMING-16#199 Warning
Large setup violation  
There is a large setup violation of -8.897 ns between u_top/u_soc/u_soc/u_counter/aes_key_q_reg[14]/C (clocked by clk_w) and u_top/u_soc/u_soc/u_counter/aes_ct_q_reg[5]/D (clocked by clk_w). Large setup violations at the end of those stages might be difficult to fix during the post-placement implementation flow and could be the result of non-optimal XDC constraints or non-optimal design architecture
Related violations: <none>

TIMING-16#200 Warning
Large setup violation  
There is a large setup violation of -8.914 ns between u_top/u_soc/u_soc/u_counter/aes_key_q_reg[14]/C (clocked by clk_w) and u_top/u_soc/u_soc/u_counter/aes_ct_q_reg[121]/D (clocked by clk_w). Large setup violations at the end of those stages might be difficult to fix during the post-placement implementation flow and could be the result of non-optimal XDC constraints or non-optimal design architecture
Related violations: <none>

TIMING-16#201 Warning
Large setup violation  
There is a large setup violation of -8.916 ns between u_top/u_soc/u_soc/u_counter/aes_key_q_reg[14]/C (clocked by clk_w) and u_top/u_soc/u_soc/u_counter/aes_ct_q_reg[64]/D (clocked by clk_w). Large setup violations at the end of those stages might be difficult to fix during the post-placement implementation flow and could be the result of non-optimal XDC constraints or non-optimal design architecture
Related violations: <none>

TIMING-16#202 Warning
Large setup violation  
There is a large setup violation of -8.918 ns between u_top/u_soc/u_soc/u_counter/aes_key_q_reg[14]/C (clocked by clk_w) and u_top/u_soc/u_soc/u_counter/aes_ct_q_reg[7]/D (clocked by clk_w). Large setup violations at the end of those stages might be difficult to fix during the post-placement implementation flow and could be the result of non-optimal XDC constraints or non-optimal design architecture
Related violations: <none>

TIMING-16#203 Warning
Large setup violation  
There is a large setup violation of -8.929 ns between u_top/u_soc/u_soc/u_counter/aes_key_q_reg[14]/C (clocked by clk_w) and u_top/u_soc/u_soc/u_counter/aes_ct_q_reg[77]/D (clocked by clk_w). Large setup violations at the end of those stages might be difficult to fix during the post-placement implementation flow and could be the result of non-optimal XDC constraints or non-optimal design architecture
Related violations: <none>

TIMING-16#204 Warning
Large setup violation  
There is a large setup violation of -8.939 ns between u_top/u_soc/u_soc/u_counter/aes_key_q_reg[14]/C (clocked by clk_w) and u_top/u_soc/u_soc/u_counter/aes_ct_q_reg[16]/D (clocked by clk_w). Large setup violations at the end of those stages might be difficult to fix during the post-placement implementation flow and could be the result of non-optimal XDC constraints or non-optimal design architecture
Related violations: <none>

TIMING-16#205 Warning
Large setup violation  
There is a large setup violation of -8.940 ns between u_top/u_soc/u_soc/u_counter/aes_key_q_reg[14]/C (clocked by clk_w) and u_top/u_soc/u_soc/u_counter/aes_ct_q_reg[108]/D (clocked by clk_w). Large setup violations at the end of those stages might be difficult to fix during the post-placement implementation flow and could be the result of non-optimal XDC constraints or non-optimal design architecture
Related violations: <none>

TIMING-16#206 Warning
Large setup violation  
There is a large setup violation of -8.952 ns between u_top/u_soc/u_soc/u_counter/aes_key_q_reg[14]/C (clocked by clk_w) and u_top/u_soc/u_soc/u_counter/aes_ct_q_reg[61]/D (clocked by clk_w). Large setup violations at the end of those stages might be difficult to fix during the post-placement implementation flow and could be the result of non-optimal XDC constraints or non-optimal design architecture
Related violations: <none>

TIMING-16#207 Warning
Large setup violation  
There is a large setup violation of -8.968 ns between u_top/u_soc/u_soc/u_counter/aes_key_q_reg[14]/C (clocked by clk_w) and u_top/u_soc/u_soc/u_counter/aes_ct_q_reg[22]/D (clocked by clk_w). Large setup violations at the end of those stages might be difficult to fix during the post-placement implementation flow and could be the result of non-optimal XDC constraints or non-optimal design architecture
Related violations: <none>

TIMING-16#208 Warning
Large setup violation  
There is a large setup violation of -8.970 ns between u_top/u_soc/u_soc/u_counter/aes_key_q_reg[14]/C (clocked by clk_w) and u_top/u_soc/u_soc/u_counter/aes_ct_q_reg[99]/D (clocked by clk_w). Large setup violations at the end of those stages might be difficult to fix during the post-placement implementation flow and could be the result of non-optimal XDC constraints or non-optimal design architecture
Related violations: <none>

TIMING-16#209 Warning
Large setup violation  
There is a large setup violation of -8.971 ns between u_top/u_soc/u_soc/u_counter/aes_key_q_reg[14]/C (clocked by clk_w) and u_top/u_soc/u_soc/u_counter/aes_ct_q_reg[127]/D (clocked by clk_w). Large setup violations at the end of those stages might be difficult to fix during the post-placement implementation flow and could be the result of non-optimal XDC constraints or non-optimal design architecture
Related violations: <none>

TIMING-16#210 Warning
Large setup violation  
There is a large setup violation of -8.975 ns between u_top/u_soc/u_soc/u_counter/aes_key_q_reg[14]/C (clocked by clk_w) and u_top/u_soc/u_soc/u_counter/aes_ct_q_reg[78]/D (clocked by clk_w). Large setup violations at the end of those stages might be difficult to fix during the post-placement implementation flow and could be the result of non-optimal XDC constraints or non-optimal design architecture
Related violations: <none>

TIMING-16#211 Warning
Large setup violation  
There is a large setup violation of -8.981 ns between u_top/u_soc/u_soc/u_counter/aes_key_q_reg[14]/C (clocked by clk_w) and u_top/u_soc/u_soc/u_counter/aes_ct_q_reg[17]/D (clocked by clk_w). Large setup violations at the end of those stages might be difficult to fix during the post-placement implementation flow and could be the result of non-optimal XDC constraints or non-optimal design architecture
Related violations: <none>

TIMING-16#212 Warning
Large setup violation  
There is a large setup violation of -8.993 ns between u_top/u_soc/u_soc/u_counter/aes_key_q_reg[14]/C (clocked by clk_w) and u_top/u_soc/u_soc/u_counter/aes_ct_q_reg[109]/D (clocked by clk_w). Large setup violations at the end of those stages might be difficult to fix during the post-placement implementation flow and could be the result of non-optimal XDC constraints or non-optimal design architecture
Related violations: <none>

TIMING-16#213 Warning
Large setup violation  
There is a large setup violation of -8.993 ns between u_top/u_soc/u_soc/u_counter/aes_key_q_reg[14]/C (clocked by clk_w) and u_top/u_soc/u_soc/u_counter/aes_ct_q_reg[73]/D (clocked by clk_w). Large setup violations at the end of those stages might be difficult to fix during the post-placement implementation flow and could be the result of non-optimal XDC constraints or non-optimal design architecture
Related violations: <none>

TIMING-16#214 Warning
Large setup violation  
There is a large setup violation of -8.999 ns between u_top/u_soc/u_soc/u_counter/aes_key_q_reg[14]/C (clocked by clk_w) and u_top/u_soc/u_soc/u_counter/aes_ct_q_reg[70]/D (clocked by clk_w). Large setup violations at the end of those stages might be difficult to fix during the post-placement implementation flow and could be the result of non-optimal XDC constraints or non-optimal design architecture
Related violations: <none>

TIMING-16#215 Warning
Large setup violation  
There is a large setup violation of -9.018 ns between u_top/u_soc/u_soc/u_counter/aes_key_q_reg[14]/C (clocked by clk_w) and u_top/u_soc/u_soc/u_counter/aes_ct_q_reg[21]/D (clocked by clk_w). Large setup violations at the end of those stages might be difficult to fix during the post-placement implementation flow and could be the result of non-optimal XDC constraints or non-optimal design architecture
Related violations: <none>

TIMING-16#216 Warning
Large setup violation  
There is a large setup violation of -9.026 ns between u_top/u_soc/u_soc/u_counter/aes_key_q_reg[14]/C (clocked by clk_w) and u_top/u_soc/u_soc/u_counter/aes_ct_q_reg[125]/D (clocked by clk_w). Large setup violations at the end of those stages might be difficult to fix during the post-placement implementation flow and could be the result of non-optimal XDC constraints or non-optimal design architecture
Related violations: <none>

TIMING-16#217 Warning
Large setup violation  
There is a large setup violation of -9.029 ns between u_top/u_soc/u_soc/u_counter/aes_key_q_reg[14]/C (clocked by clk_w) and u_top/u_soc/u_soc/u_counter/aes_ct_q_reg[68]/D (clocked by clk_w). Large setup violations at the end of those stages might be difficult to fix during the post-placement implementation flow and could be the result of non-optimal XDC constraints or non-optimal design architecture
Related violations: <none>

TIMING-16#218 Warning
Large setup violation  
There is a large setup violation of -9.042 ns between u_top/u_soc/u_soc/u_counter/aes_key_q_reg[14]/C (clocked by clk_w) and u_top/u_soc/u_soc/u_counter/aes_ct_q_reg[18]/D (clocked by clk_w). Large setup violations at the end of those stages might be difficult to fix during the post-placement implementation flow and could be the result of non-optimal XDC constraints or non-optimal design architecture
Related violations: <none>

TIMING-16#219 Warning
Large setup violation  
There is a large setup violation of -9.053 ns between u_top/u_soc/u_soc/u_counter/aes_key_q_reg[14]/C (clocked by clk_w) and u_top/u_soc/u_soc/u_counter/aes_ct_q_reg[47]/D (clocked by clk_w). Large setup violations at the end of those stages might be difficult to fix during the post-placement implementation flow and could be the result of non-optimal XDC constraints or non-optimal design architecture
Related violations: <none>

TIMING-16#220 Warning
Large setup violation  
There is a large setup violation of -9.059 ns between u_top/u_soc/u_soc/u_counter/aes_key_q_reg[14]/C (clocked by clk_w) and u_top/u_soc/u_soc/u_counter/aes_ct_q_reg[110]/D (clocked by clk_w). Large setup violations at the end of those stages might be difficult to fix during the post-placement implementation flow and could be the result of non-optimal XDC constraints or non-optimal design architecture
Related violations: <none>

TIMING-16#221 Warning
Large setup violation  
There is a large setup violation of -9.062 ns between u_top/u_soc/u_soc/u_counter/aes_key_q_reg[14]/C (clocked by clk_w) and u_top/u_soc/u_soc/u_counter/aes_ct_q_reg[122]/D (clocked by clk_w). Large setup violations at the end of those stages might be difficult to fix during the post-placement implementation flow and could be the result of non-optimal XDC constraints or non-optimal design architecture
Related violations: <none>

TIMING-16#222 Warning
Large setup violation  
There is a large setup violation of -9.072 ns between u_top/u_soc/u_soc/u_counter/aes_key_q_reg[14]/C (clocked by clk_w) and u_top/u_soc/u_soc/u_counter/aes_ct_q_reg[71]/D (clocked by clk_w). Large setup violations at the end of those stages might be difficult to fix during the post-placement implementation flow and could be the result of non-optimal XDC constraints or non-optimal design architecture
Related violations: <none>

TIMING-16#223 Warning
Large setup violation  
There is a large setup violation of -9.072 ns between u_top/u_soc/u_soc/u_counter/aes_key_q_reg[14]/C (clocked by clk_w) and u_top/u_soc/u_soc/u_counter/aes_ct_q_reg[84]/D (clocked by clk_w). Large setup violations at the end of those stages might be difficult to fix during the post-placement implementation flow and could be the result of non-optimal XDC constraints or non-optimal design architecture
Related violations: <none>

TIMING-16#224 Warning
Large setup violation  
There is a large setup violation of -9.077 ns between u_top/u_soc/u_soc/u_counter/aes_key_q_reg[14]/C (clocked by clk_w) and u_top/u_soc/u_soc/u_counter/aes_ct_q_reg[105]/D (clocked by clk_w). Large setup violations at the end of those stages might be difficult to fix during the post-placement implementation flow and could be the result of non-optimal XDC constraints or non-optimal design architecture
Related violations: <none>

TIMING-16#225 Warning
Large setup violation  
There is a large setup violation of -9.085 ns between u_top/u_soc/u_soc/u_counter/aes_key_q_reg[14]/C (clocked by clk_w) and u_top/u_soc/u_soc/u_counter/aes_ct_q_reg[81]/D (clocked by clk_w). Large setup violations at the end of those stages might be difficult to fix during the post-placement implementation flow and could be the result of non-optimal XDC constraints or non-optimal design architecture
Related violations: <none>

TIMING-16#226 Warning
Large setup violation  
There is a large setup violation of -9.104 ns between u_top/u_soc/u_soc/u_counter/aes_key_q_reg[14]/C (clocked by clk_w) and u_top/u_soc/u_soc/u_counter/aes_ct_q_reg[23]/D (clocked by clk_w). Large setup violations at the end of those stages might be difficult to fix during the post-placement implementation flow and could be the result of non-optimal XDC constraints or non-optimal design architecture
Related violations: <none>

TIMING-16#227 Warning
Large setup violation  
There is a large setup violation of -9.113 ns between u_top/u_soc/u_soc/u_counter/aes_key_q_reg[14]/C (clocked by clk_w) and u_top/u_soc/u_soc/u_counter/aes_ct_q_reg[104]/D (clocked by clk_w). Large setup violations at the end of those stages might be difficult to fix during the post-placement implementation flow and could be the result of non-optimal XDC constraints or non-optimal design architecture
Related violations: <none>

TIMING-16#228 Warning
Large setup violation  
There is a large setup violation of -9.114 ns between u_top/u_soc/u_soc/u_counter/aes_key_q_reg[14]/C (clocked by clk_w) and u_top/u_soc/u_soc/u_counter/aes_ct_q_reg[62]/D (clocked by clk_w). Large setup violations at the end of those stages might be difficult to fix during the post-placement implementation flow and could be the result of non-optimal XDC constraints or non-optimal design architecture
Related violations: <none>

TIMING-16#229 Warning
Large setup violation  
There is a large setup violation of -9.125 ns between u_top/u_soc/u_soc/u_counter/aes_key_q_reg[14]/C (clocked by clk_w) and u_top/u_soc/u_soc/u_counter/aes_ct_q_reg[126]/D (clocked by clk_w). Large setup violations at the end of those stages might be difficult to fix during the post-placement implementation flow and could be the result of non-optimal XDC constraints or non-optimal design architecture
Related violations: <none>

TIMING-16#230 Warning
Large setup violation  
There is a large setup violation of -9.140 ns between u_top/u_soc/u_soc/u_counter/aes_key_q_reg[14]/C (clocked by clk_w) and u_top/u_soc/u_soc/u_counter/aes_ct_q_reg[107]/D (clocked by clk_w). Large setup violations at the end of those stages might be difficult to fix during the post-placement implementation flow and could be the result of non-optimal XDC constraints or non-optimal design architecture
Related violations: <none>

TIMING-16#231 Warning
Large setup violation  
There is a large setup violation of -9.141 ns between u_top/u_soc/u_soc/u_counter/aes_key_q_reg[14]/C (clocked by clk_w) and u_top/u_soc/u_soc/u_counter/aes_ct_q_reg[57]/D (clocked by clk_w). Large setup violations at the end of those stages might be difficult to fix during the post-placement implementation flow and could be the result of non-optimal XDC constraints or non-optimal design architecture
Related violations: <none>

TIMING-16#232 Warning
Large setup violation  
There is a large setup violation of -9.172 ns between u_top/u_soc/u_soc/u_counter/aes_key_q_reg[14]/C (clocked by clk_w) and u_top/u_soc/u_soc/u_counter/aes_ct_q_reg[76]/D (clocked by clk_w). Large setup violations at the end of those stages might be difficult to fix during the post-placement implementation flow and could be the result of non-optimal XDC constraints or non-optimal design architecture
Related violations: <none>

TIMING-16#233 Warning
Large setup violation  
There is a large setup violation of -9.181 ns between u_top/u_soc/u_soc/u_counter/aes_key_q_reg[14]/C (clocked by clk_w) and u_top/u_soc/u_soc/u_counter/aes_ct_q_reg[82]/D (clocked by clk_w). Large setup violations at the end of those stages might be difficult to fix during the post-placement implementation flow and could be the result of non-optimal XDC constraints or non-optimal design architecture
Related violations: <none>

TIMING-16#234 Warning
Large setup violation  
There is a large setup violation of -9.185 ns between u_top/u_soc/u_soc/u_counter/aes_key_q_reg[14]/C (clocked by clk_w) and u_top/u_soc/u_soc/u_counter/aes_ct_q_reg[83]/D (clocked by clk_w). Large setup violations at the end of those stages might be difficult to fix during the post-placement implementation flow and could be the result of non-optimal XDC constraints or non-optimal design architecture
Related violations: <none>

TIMING-16#235 Warning
Large setup violation  
There is a large setup violation of -9.226 ns between u_top/u_soc/u_soc/u_counter/aes_key_q_reg[14]/C (clocked by clk_w) and u_top/u_soc/u_soc/u_counter/aes_ct_q_reg[74]/D (clocked by clk_w). Large setup violations at the end of those stages might be difficult to fix during the post-placement implementation flow and could be the result of non-optimal XDC constraints or non-optimal design architecture
Related violations: <none>

TIMING-16#236 Warning
Large setup violation  
There is a large setup violation of -9.227 ns between u_top/u_soc/u_soc/u_counter/aes_key_q_reg[14]/C (clocked by clk_w) and u_top/u_soc/u_soc/u_counter/aes_ct_q_reg[86]/D (clocked by clk_w). Large setup violations at the end of those stages might be difficult to fix during the post-placement implementation flow and could be the result of non-optimal XDC constraints or non-optimal design architecture
Related violations: <none>

TIMING-16#237 Warning
Large setup violation  
There is a large setup violation of -9.229 ns between u_top/u_soc/u_soc/u_counter/aes_key_q_reg[14]/C (clocked by clk_w) and u_top/u_soc/u_soc/u_counter/aes_ct_q_reg[29]/D (clocked by clk_w). Large setup violations at the end of those stages might be difficult to fix during the post-placement implementation flow and could be the result of non-optimal XDC constraints or non-optimal design architecture
Related violations: <none>

TIMING-16#238 Warning
Large setup violation  
There is a large setup violation of -9.243 ns between u_top/u_soc/u_soc/u_counter/aes_key_q_reg[14]/C (clocked by clk_w) and u_top/u_soc/u_soc/u_counter/aes_ct_q_reg[106]/D (clocked by clk_w). Large setup violations at the end of those stages might be difficult to fix during the post-placement implementation flow and could be the result of non-optimal XDC constraints or non-optimal design architecture
Related violations: <none>

TIMING-16#239 Warning
Large setup violation  
There is a large setup violation of -9.247 ns between u_top/u_soc/u_soc/u_counter/aes_key_q_reg[14]/C (clocked by clk_w) and u_top/u_soc/u_soc/u_counter/aes_ct_q_reg[20]/D (clocked by clk_w). Large setup violations at the end of those stages might be difficult to fix during the post-placement implementation flow and could be the result of non-optimal XDC constraints or non-optimal design architecture
Related violations: <none>

TIMING-16#240 Warning
Large setup violation  
There is a large setup violation of -9.256 ns between u_top/u_soc/u_soc/u_counter/aes_key_q_reg[14]/C (clocked by clk_w) and u_top/u_soc/u_soc/u_counter/aes_ct_q_reg[30]/D (clocked by clk_w). Large setup violations at the end of those stages might be difficult to fix during the post-placement implementation flow and could be the result of non-optimal XDC constraints or non-optimal design architecture
Related violations: <none>

TIMING-16#241 Warning
Large setup violation  
There is a large setup violation of -9.258 ns between u_top/u_soc/u_soc/u_counter/aes_key_q_reg[14]/C (clocked by clk_w) and u_top/u_soc/u_soc/u_counter/aes_ct_q_reg[40]/D (clocked by clk_w). Large setup violations at the end of those stages might be difficult to fix during the post-placement implementation flow and could be the result of non-optimal XDC constraints or non-optimal design architecture
Related violations: <none>

TIMING-16#242 Warning
Large setup violation  
There is a large setup violation of -9.269 ns between u_top/u_soc/u_soc/u_counter/aes_key_q_reg[14]/C (clocked by clk_w) and u_top/u_soc/u_soc/u_counter/aes_ct_q_reg[44]/D (clocked by clk_w). Large setup violations at the end of those stages might be difficult to fix during the post-placement implementation flow and could be the result of non-optimal XDC constraints or non-optimal design architecture
Related violations: <none>

TIMING-16#243 Warning
Large setup violation  
There is a large setup violation of -9.280 ns between u_top/u_soc/u_soc/u_counter/aes_key_q_reg[14]/C (clocked by clk_w) and u_top/u_soc/u_soc/u_counter/aes_ct_q_reg[42]/D (clocked by clk_w). Large setup violations at the end of those stages might be difficult to fix during the post-placement implementation flow and could be the result of non-optimal XDC constraints or non-optimal design architecture
Related violations: <none>

TIMING-16#244 Warning
Large setup violation  
There is a large setup violation of -9.353 ns between u_top/u_soc/u_soc/u_counter/aes_key_q_reg[14]/C (clocked by clk_w) and u_top/u_soc/u_soc/u_counter/aes_ct_q_reg[75]/D (clocked by clk_w). Large setup violations at the end of those stages might be difficult to fix during the post-placement implementation flow and could be the result of non-optimal XDC constraints or non-optimal design architecture
Related violations: <none>

TIMING-16#245 Warning
Large setup violation  
There is a large setup violation of -9.359 ns between u_top/u_soc/u_soc/u_counter/aes_key_q_reg[14]/C (clocked by clk_w) and u_top/u_soc/u_soc/u_counter/aes_ct_q_reg[27]/D (clocked by clk_w). Large setup violations at the end of those stages might be difficult to fix during the post-placement implementation flow and could be the result of non-optimal XDC constraints or non-optimal design architecture
Related violations: <none>

TIMING-16#246 Warning
Large setup violation  
There is a large setup violation of -9.371 ns between u_top/u_soc/u_soc/u_counter/aes_key_q_reg[14]/C (clocked by clk_w) and u_top/u_soc/u_soc/u_counter/aes_ct_q_reg[111]/D (clocked by clk_w). Large setup violations at the end of those stages might be difficult to fix during the post-placement implementation flow and could be the result of non-optimal XDC constraints or non-optimal design architecture
Related violations: <none>

TIMING-16#247 Warning
Large setup violation  
There is a large setup violation of -9.372 ns between u_top/u_soc/u_soc/u_counter/aes_key_q_reg[14]/C (clocked by clk_w) and u_top/u_soc/u_soc/u_counter/aes_ct_q_reg[87]/D (clocked by clk_w). Large setup violations at the end of those stages might be difficult to fix during the post-placement implementation flow and could be the result of non-optimal XDC constraints or non-optimal design architecture
Related violations: <none>

TIMING-16#248 Warning
Large setup violation  
There is a large setup violation of -9.376 ns between u_top/u_soc/u_soc/u_counter/aes_key_q_reg[14]/C (clocked by clk_w) and u_top/u_soc/u_soc/u_counter/aes_ct_q_reg[43]/D (clocked by clk_w). Large setup violations at the end of those stages might be difficult to fix during the post-placement implementation flow and could be the result of non-optimal XDC constraints or non-optimal design architecture
Related violations: <none>

TIMING-16#249 Warning
Large setup violation  
There is a large setup violation of -9.398 ns between u_top/u_soc/u_soc/u_counter/aes_key_q_reg[14]/C (clocked by clk_w) and u_top/u_soc/u_soc/u_counter/aes_ct_q_reg[24]/D (clocked by clk_w). Large setup violations at the end of those stages might be difficult to fix during the post-placement implementation flow and could be the result of non-optimal XDC constraints or non-optimal design architecture
Related violations: <none>

TIMING-16#250 Warning
Large setup violation  
There is a large setup violation of -9.419 ns between u_top/u_soc/u_soc/u_counter/aes_key_q_reg[14]/C (clocked by clk_w) and u_top/u_soc/u_soc/u_counter/aes_ct_q_reg[46]/D (clocked by clk_w). Large setup violations at the end of those stages might be difficult to fix during the post-placement implementation flow and could be the result of non-optimal XDC constraints or non-optimal design architecture
Related violations: <none>

TIMING-16#251 Warning
Large setup violation  
There is a large setup violation of -9.429 ns between u_top/u_soc/u_soc/u_counter/aes_key_q_reg[14]/C (clocked by clk_w) and u_top/u_soc/u_soc/u_counter/aes_ct_q_reg[25]/D (clocked by clk_w). Large setup violations at the end of those stages might be difficult to fix during the post-placement implementation flow and could be the result of non-optimal XDC constraints or non-optimal design architecture
Related violations: <none>

TIMING-16#252 Warning
Large setup violation  
There is a large setup violation of -9.437 ns between u_top/u_soc/u_soc/u_counter/aes_key_q_reg[14]/C (clocked by clk_w) and u_top/u_soc/u_soc/u_counter/aes_ct_q_reg[41]/D (clocked by clk_w). Large setup violations at the end of those stages might be difficult to fix during the post-placement implementation flow and could be the result of non-optimal XDC constraints or non-optimal design architecture
Related violations: <none>

TIMING-16#253 Warning
Large setup violation  
There is a large setup violation of -9.516 ns between u_top/u_soc/u_soc/u_counter/aes_key_q_reg[14]/C (clocked by clk_w) and u_top/u_soc/u_soc/u_counter/aes_ct_q_reg[31]/D (clocked by clk_w). Large setup violations at the end of those stages might be difficult to fix during the post-placement implementation flow and could be the result of non-optimal XDC constraints or non-optimal design architecture
Related violations: <none>

TIMING-16#254 Warning
Large setup violation  
There is a large setup violation of -9.532 ns between u_top/u_soc/u_soc/u_counter/aes_key_q_reg[14]/C (clocked by clk_w) and u_top/u_soc/u_soc/u_counter/aes_ct_q_reg[85]/D (clocked by clk_w). Large setup violations at the end of those stages might be difficult to fix during the post-placement implementation flow and could be the result of non-optimal XDC constraints or non-optimal design architecture
Related violations: <none>

TIMING-16#255 Warning
Large setup violation  
There is a large setup violation of -9.550 ns between u_top/u_soc/u_soc/u_counter/aes_key_q_reg[14]/C (clocked by clk_w) and u_top/u_soc/u_soc/u_counter/aes_ct_q_reg[26]/D (clocked by clk_w). Large setup violations at the end of those stages might be difficult to fix during the post-placement implementation flow and could be the result of non-optimal XDC constraints or non-optimal design architecture
Related violations: <none>

TIMING-16#256 Warning
Large setup violation  
There is a large setup violation of -9.732 ns between u_top/u_soc/u_soc/u_counter/aes_key_q_reg[14]/C (clocked by clk_w) and u_top/u_soc/u_soc/u_counter/aes_ct_q_reg[28]/D (clocked by clk_w). Large setup violations at the end of those stages might be difficult to fix during the post-placement implementation flow and could be the result of non-optimal XDC constraints or non-optimal design architecture
Related violations: <none>


